attempt,attitude_velocity_recovery_s,config_source,expected_velocity_sign,fail_reason,final_position_error_mm,height_end_m,initial_velocity_change_mps,pitch_peak_deg,position_10mm_recovery_s,position_integral_peak,position_peak_mm,position_ref_saturation_ratio,position_rms_mm,protocol_valid,pulse_duration_s,pulse_end_sim_time,pulse_start_sim_time,reset_event_count,steady_pitch_rms_deg,steady_velocity_rms_mps,target_constant,target_lock_count,torque_peak_nm,torque_rms_nm,torque_saturation_ratio,trial_tag,velocity_direction_ok,velocity_peak_mps
1,,/home/admin/bbot_ws_new/src/bbot_balance_controller/src/data_logs/position_torque_pid_tuning_v3/position_torque_cascade_pid_gains_frozen.yaml,,,-0.067,,,0.15538615403947925,,0.443499,63.412,0.0,23.226512692450765,True,,,,5,0.0008307586058499725,0.0005907894328186067,True,1,0.233429,0.02456023279858893,0.0,constant_0.3_1,,0.052307
1,,/home/admin/bbot_ws_new/src/bbot_balance_controller/src/data_logs/position_torque_pid_tuning_v3/position_torque_cascade_pid_gains_frozen.yaml,,,0.166,,,0.05838439932383089,,0.163888,21.665,0.0,8.273210493711542,True,,,,5,0.0002992022799767509,0.00023553834116237443,True,1,0.098779,0.008338582879265108,0.0,constant_0.4_1,,0.021641
1,,/home/admin/bbot_ws_new/src/bbot_balance_controller/src/data_logs/position_torque_pid_tuning_v3/position_torque_cascade_pid_gains_frozen.yaml,,,0.219,,,0.05259752559300957,,0.154385,18.427,0.0,7.397638184993143,True,,,,5,0.0002534332742865541,0.00021750760931701522,True,1,0.098899,0.007075350415240219,0.0,constant_0.5_1,,0.021005
1,,/home/admin/bbot_ws_new/src/bbot_balance_controller/src/data_logs/position_torque_pid_tuning_v3/position_torque_cascade_pid_gains_frozen.yaml,,,3.247,0.300000,,0.1763564093412674,,0.446889,62.840999999999994,0.0,26.2367461011598,True,,,,5,,,True,1,0.229124,0.03182751133230189,0.0,lift_1,,0.051903
1,8.599,/home/admin/bbot_ws_new/src/bbot_balance_controller/src/data_logs/position_torque_pid_tuning_v3/position_torque_cascade_pid_gains_frozen.yaml,1.0,,-9.696,,0.26396200000000003,1.3700566797168243,nan,0.929854,273.466,0.0,72.36793348698778,True,0.1999999999999993,17.169,16.969,5,,,True,1,1.910063,0.17117409225602276,0.0,push_0.3_f+20_1,True,0.296776
1,8.7,/home/admin/bbot_ws_new/src/bbot_balance_controller/src/data_logs/position_torque_pid_tuning_v3/position_torque_cascade_pid_gains_frozen.yaml,-1.0,,7.439,,-0.26303699999999997,1.3892507658537072,20.048000000000002,0.37841,245.718,0.0,68.37739192913584,True,0.1999999999999993,17.598,17.398,5,,,True,1,1.846078,0.16861720697898744,0.0,push_0.3_f-20_1,True,0.296441
1,5.07,/home/admin/bbot_ws_new/src/bbot_balance_controller/src/data_logs/position_torque_pid_tuning_v3/position_torque_cascade_pid_gains_frozen.yaml,1.0,,-10.305,,0.280537,1.4579484054898928,nan,0.848759,258.781,0.0,67.94387409766024,True,0.1999999999999993,18.761,18.561,5,,,True,1,1.912266,0.17467231857636994,0.0,push_0.4_f+20_1,True,0.314084
1,5.033999999999999,/home/admin/bbot_ws_new/src/bbot_balance_controller/src/data_logs/position_torque_pid_tuning_v3/position_torque_cascade_pid_gains_frozen.yaml,-1.0,,5.714,,-0.289314,1.511004297319007,21.563,0.398636,242.03,0.0,61.329636735776226,True,0.1999999999999993,13.721,13.521,5,,,True,1,2.055874,0.17029597196454074,0.0,push_0.4_f-20_1,True,0.323596
1,4.850999999999999,/home/admin/bbot_ws_new/src/bbot_balance_controller/src/data_logs/position_torque_pid_tuning_v3/position_torque_cascade_pid_gains_frozen.yaml,1.0,,-7.281000000000001,,0.30391850000000004,1.5986095441945098,20.496000000000002,0.710291,251.157,0.0,60.44028547774478,True,0.1999999999999993,14.671,14.471,5,,,True,1,2.101562,0.17134850351890119,0.0,push_0.5_f+20_1,True,0.336881
1,4.784999999999998,/home/admin/bbot_ws_new/src/bbot_balance_controller/src/data_logs/position_torque_pid_tuning_v3/position_torque_cascade_pid_gains_frozen.yaml,-1.0,,5.776,,-0.2953215,1.5652061047383827,21.546,0.326554,221.579,0.0,54.240130976917456,True,0.20000000000000107,13.679,13.479,5,,,True,1,2.014629,0.16768356777879193,0.0,push_0.5_f-20_1,True,0.334313
