time,height,base_link_height,p,p_0,delta_p,v,v_ref,v_error,pitch,pitch_rate,theta_eq,theta_ref,theta_error,theta_dot_ref,theta_dot_error,v_p,v_i,v_d,theta_p,theta_d,rate_p,rate_d,u_raw,u_rate_limited,u_clamped,tau_left,tau_right,is_saturated,is_rate_limited,control_enabled,force_active,force_value,kp_v,ki_v,kd_v,kp_theta,kd_theta,kp_rate,kd_rate,k_x,rate_limit_u,total_torque_max,wheel_torque_max
0.016000,0.500000,0.640000,0.000000,0.000000,0.000000,0.000000,0.000000,0.000000,-0.000000,-0.000000,0.030969,0.030969,0.030969,0.000000,0.000000,0.000000,0.000000,0.000000,0.000000,0.000000,0.000000,0.000000,0.000000,0.000000,0.000000,0.000000,0.000000,0,0,1,0,0.000000,0.080000,0.008000,0.001000,5.500000,0.100000,14.000000,0.010000,0.000000,0.000000,20.000000,10.000000
0.025000,0.500000,0.640000,0.000000,0.000000,0.000000,0.000000,0.000000,0.000000,-0.000000,-0.000000,0.030969,0.030969,0.030969,0.000000,0.000000,0.000000,0.000000,0.000000,0.000000,0.000000,0.000000,0.000000,0.000000,0.000000,0.000000,0.000000,0.000000,0,0,1,0,0.000000,0.080000,0.008000,0.001000,5.500000,0.100000,14.000000,0.010000,0.000000,0.000000,20.000000,10.000000
0.030000,0.500000,0.640000,0.000000,0.000000,0.000000,0.000000,0.000000,0.000000,-0.000000,-0.000000,0.030969,0.030969,0.030969,0.000000,0.000000,0.000000,0.000000,0.000000,0.000000,0.000000,0.000000,0.000000,0.000000,0.000000,0.000000,0.000000,0.000000,0,0,1,0,0.000000,0.080000,0.008000,0.001000,5.500000,0.100000,14.000000,0.010000,0.000000,0.000000,20.000000,10.000000
0.035000,0.500000,0.640000,0.000000,0.000000,0.000000,0.000000,0.000000,0.000000,-0.000000,-0.000000,0.030969,0.030969,0.030969,0.000000,0.000000,0.000000,0.000000,0.000000,0.000000,0.000000,0.000000,0.000000,0.000000,0.000000,0.000000,0.000000,0.000000,0,0,1,0,0.000000,0.080000,0.008000,0.001000,5.500000,0.100000,14.000000,0.010000,0.000000,0.000000,20.000000,10.000000
0.044000,0.500000,0.640000,0.000432,0.000000,0.000432,0.006225,0.000000,0.000000,-0.000289,-0.033385,0.030969,0.030969,0.031258,0.000000,0.033385,0.000000,0.000000,0.000000,0.000000,0.000000,0.467394,0.037095,0.504489,0.504489,0.504489,0.252244,0.252244,0,0,1,0,0.000000,0.080000,0.008000,0.001000,5.500000,0.100000,14.000000,0.010000,0.000000,0.000000,20.000000,10.000000
0.049000,0.500000,0.640000,0.000695,0.000000,0.000695,0.008646,0.000000,0.000000,-0.000289,-0.033385,0.030969,0.030969,0.031258,0.000000,0.033385,0.000000,0.000000,0.000000,0.000000,0.000000,0.467394,0.000000,0.467394,0.467394,0.467394,0.233697,0.233697,0,0,1,0,0.000000,0.080000,0.008000,0.001000,5.500000,0.100000,14.000000,0.010000,0.000000,0.000000,20.000000,10.000000
0.054000,0.500000,0.640000,0.000968,0.000000,0.000968,0.010937,0.000000,0.000000,-0.002223,-0.065511,0.030969,0.030969,0.033192,0.000000,0.065511,0.000000,0.000000,0.000000,0.000000,0.000000,0.917150,0.064251,0.981401,0.981401,0.981401,0.490701,0.490701,0,0,1,0,0.000000,0.080000,0.008000,0.001000,5.500000,0.100000,14.000000,0.010000,0.000000,0.000000,20.000000,10.000000
0.063000,0.500000,0.640000,0.001500,0.000000,0.001500,0.014961,0.000000,0.000000,-0.004306,-0.092515,0.030969,0.030969,0.035274,0.000000,0.092515,0.000000,0.000000,0.000000,0.000000,0.000000,1.295212,0.030005,1.325217,1.325217,1.325217,0.662608,0.662608,0,0,1,0,0.000000,0.080000,0.008000,0.001000,5.500000,0.100000,14.000000,0.010000,0.000000,0.000000,20.000000,10.000000
0.068000,0.500000,0.640000,0.001724,0.000000,0.001724,0.016370,0.000000,0.000000,-0.004306,-0.092515,0.030969,0.030969,0.035274,0.000000,0.092515,0.000000,0.000000,0.000000,0.000000,0.000000,1.295212,0.000000,1.295212,1.295212,1.295212,0.647606,0.647606,0,0,1,0,0.000000,0.080000,0.008000,0.001000,5.500000,0.100000,14.000000,0.010000,0.000000,0.000000,20.000000,10.000000
0.073000,0.500000,0.640000,0.003649,0.000000,0.003649,0.036916,0.000000,0.000000,0.021633,1.143635,0.030969,0.030969,0.009336,0.000000,-1.143635,0.000000,0.000000,0.000000,0.000000,0.000000,-16.010888,-2.472300,-18.483188,-18.483188,-18.483188,-9.241594,-9.241594,0,0,1,0,0.000000,0.080000,0.008000,0.001000,5.500000,0.100000,14.000000,0.010000,0.000000,0.000000,20.000000,10.000000
0.082000,0.500000,0.640000,0.006932,0.000000,0.006932,0.066003,0.000000,0.000000,0.068961,1.614218,0.030969,0.030969,-0.037992,0.000000,-1.614218,0.000000,0.000000,0.000000,0.000000,0.000000,-22.599057,-0.522871,-23.121928,-23.121928,-20.000000,-10.000000,-10.000000,1,0,1,0,0.000000,0.080000,0.008000,0.001000,5.500000,0.100000,14.000000,0.010000,0.000000,0.000000,20.000000,10.000000
0.087000,0.500000,0.640000,0.008971,0.000000,0.008971,0.085509,0.000000,0.000000,0.068961,1.614218,0.030969,0.030969,-0.037992,0.000000,-1.614218,0.000000,0.000000,0.000000,0.000000,0.000000,-22.599057,0.000000,-22.599057,-22.599057,-20.000000,-10.000000,-10.000000,1,0,1,0,0.000000,0.080000,0.008000,0.001000,5.500000,0.100000,14.000000,0.010000,0.000000,0.000000,20.000000,10.000000
0.092000,0.500000,0.640000,0.011493,0.000000,0.011493,0.109186,0.000000,0.000000,0.086366,1.430345,0.030969,0.030969,-0.055398,0.000000,-1.430345,0.000000,0.000000,0.000000,0.000000,0.000000,-20.024837,0.367746,-19.657091,-19.657091,-19.657091,-9.828546,-9.828546,0,0,1,0,0.000000,0.080000,0.008000,0.001000,5.500000,0.100000,14.000000,0.010000,0.000000,0.000000,20.000000,10.000000
0.097000,0.500000,0.640000,0.014546,0.000000,0.014546,0.136960,0.000000,0.000000,0.086366,1.430345,0.030969,0.030969,-0.055398,0.000000,-1.430345,0.000000,0.000000,0.000000,0.000000,0.000000,-20.024837,0.000000,-20.024837,-20.024837,-20.000000,-10.000000,-10.000000,1,0,1,0,0.000000,0.080000,0.008000,0.001000,5.500000,0.100000,14.000000,0.010000,0.000000,0.000000,20.000000,10.000000
0.106000,0.500000,0.640000,0.022244,0.000000,0.022244,0.203893,0.000000,0.000000,0.075820,0.763798,0.030969,0.030969,-0.044852,0.000000,-0.763798,0.000000,0.000000,0.000000,0.000000,0.000000,-10.693177,0.740608,-9.952569,-9.952569,-9.952569,-4.976285,-4.976285,0,0,1,0,0.000000,0.080000,0.008000,0.001000,5.500000,0.100000,14.000000,0.010000,0.000000,0.000000,20.000000,10.000000
0.111000,0.500000,0.640000,0.026900,0.000000,0.026900,0.242791,0.000000,0.000000,0.039190,-0.269237,0.030969,0.030969,-0.008221,0.000000,0.269237,0.000000,0.000000,0.000000,0.000000,0.000000,3.769322,2.066071,5.835393,5.835393,5.835393,2.917697,2.917697,0,0,1,0,0.000000,0.080000,0.008000,0.001000,5.500000,0.100000,14.000000,0.010000,0.000000,0.000000,20.000000,10.000000
0.116000,0.500000,0.640000,0.031928,0.000000,0.031928,0.283595,0.000000,0.000000,0.039190,-0.269237,0.030969,0.030969,-0.008221,0.000000,0.269237,0.000000,0.000000,0.000000,0.000000,0.000000,3.769322,0.000000,3.769322,3.769322,3.769322,1.884661,1.884661,0,0,1,0,0.000000,0.080000,0.008000,0.001000,5.500000,0.100000,14.000000,0.010000,0.000000,0.000000,20.000000,10.000000
0.121000,0.500000,0.640000,0.036724,0.000000,0.036724,0.312621,0.000000,0.000000,-0.011744,-1.145007,0.030969,0.030969,0.042713,0.000000,1.145007,0.000000,0.000000,0.000000,0.000000,0.000000,16.030096,1.751539,17.781635,17.781635,17.781635,8.890817,8.890817,0,0,1,0,0.000000,0.080000,0.008000,0.001000,5.500000,0.100000,14.000000,0.010000,0.000000,0.000000,20.000000,10.000000
0.130000,0.500000,0.640000,0.040742,0.000000,0.040742,0.333734,0.000000,0.000000,-0.056965,-1.744714,0.030969,0.030969,0.087933,0.000000,1.744714,0.000000,0.000000,0.000000,0.000000,0.000000,24.426001,0.666342,25.092342,25.092342,20.000000,10.000000,10.000000,1,0,1,0,0.000000,0.080000,0.008000,0.001000,5.500000,0.100000,14.000000,0.010000,0.000000,0.000000,20.000000,10.000000
0.135000,0.500000,0.640000,0.043017,0.000000,0.043017,0.329390,0.000000,0.000000,-0.056965,-1.744714,0.030969,0.030969,0.087933,0.000000,1.744714,0.000000,0.000000,0.000000,0.000000,0.000000,24.426001,0.000000,24.426001,24.426001,20.000000,10.000000,10.000000,1,0,1,0,0.000000,0.080000,0.008000,0.001000,5.500000,0.100000,14.000000,0.010000,0.000000,0.000000,20.000000,10.000000
0.140000,0.500000,0.640000,0.042946,0.000000,0.042946,0.302556,0.000000,0.000000,-0.056965,-1.744714,0.030969,0.030969,0.087933,0.000000,1.744714,0.000000,0.000000,0.000000,0.000000,0.000000,24.426001,0.000000,24.426001,24.426001,20.000000,10.000000,10.000000,1,0,1,0,0.000000,0.080000,0.008000,0.001000,5.500000,0.100000,14.000000,0.010000,0.000000,0.000000,20.000000,10.000000
0.145000,0.500000,0.640000,0.040518,0.000000,0.040518,0.253041,0.000000,0.000000,-0.096744,-2.133702,0.030969,0.030969,0.127712,0.000000,2.133702,0.000000,0.000000,0.000000,0.000000,0.000000,29.871825,0.777975,30.649799,30.649799,20.000000,10.000000,10.000000,1,0,1,0,0.000000,0.080000,0.008000,0.001000,5.500000,0.100000,14.000000,0.010000,0.000000,0.000000,20.000000,10.000000
0.154000,0.500000,0.640000,0.028902,0.000000,0.028902,0.096968,0.000000,0.000000,-0.132050,-2.371271,0.030969,0.030969,0.163019,0.000000,2.371271,0.000000,0.000000,0.000000,0.000000,0.000000,33.197788,0.263965,33.461753,33.461753,20.000000,10.000000,10.000000,1,0,1,0,0.000000,0.080000,0.008000,0.001000,5.500000,0.100000,14.000000,0.010000,0.000000,0.000000,20.000000,10.000000
0.159000,0.500000,0.640000,0.020027,0.000000,0.020027,-0.004715,0.000000,0.000000,-0.132050,-2.371271,0.030969,0.030969,0.163019,0.000000,2.371271,0.000000,0.000000,0.000000,0.000000,0.000000,33.197788,0.000000,33.197788,33.197788,20.000000,10.000000,10.000000,1,0,1,0,0.000000,0.080000,0.008000,0.001000,5.500000,0.100000,14.000000,0.010000,0.000000,0.000000,20.000000,10.000000
0.164000,0.500000,0.640000,0.009662,0.000000,0.009662,-0.109479,0.000000,0.000000,-0.163863,-2.507582,0.030969,0.030969,0.194832,0.000000,2.507582,0.000000,0.000000,0.000000,0.000000,0.000000,35.106142,0.272622,35.378764,35.378764,20.000000,10.000000,10.000000,1,0,1,0,0.000000,0.080000,0.008000,0.001000,5.500000,0.100000,14.000000,0.010000,0.000000,0.000000,20.000000,10.000000
0.169000,0.500000,0.640000,-0.000838,0.000000,-0.000838,-0.209005,0.000000,0.000000,-0.163863,-2.507582,0.030969,0.030969,0.194832,0.000000,2.507582,0.000000,0.000000,0.000000,0.000000,0.000000,35.106142,0.000000,35.106142,35.106142,20.000000,10.000000,10.000000,1,0,1,0,0.000000,0.080000,0.008000,0.001000,5.500000,0.100000,14.000000,0.010000,0.000000,0.000000,20.000000,10.000000
0.174000,0.500000,0.640000,-0.011338,0.000000,-0.011338,-0.303555,0.000000,0.000000,-0.193587,-2.585986,0.030969,0.030969,0.224556,0.000000,2.585986,0.000000,0.000000,0.000000,0.000000,0.000000,36.203802,0.156809,36.360610,36.360610,20.000000,10.000000,10.000000,1,0,1,0,0.000000,0.080000,0.008000,0.001000,5.500000,0.100000,14.000000,0.010000,0.000000,0.000000,20.000000,10.000000
0.179000,0.500000,0.640000,-0.021838,0.000000,-0.021838,-0.393377,0.000000,0.000000,-0.193587,-2.585986,0.030969,0.030969,0.224556,0.000000,2.585986,0.000000,0.000000,0.000000,0.000000,0.000000,36.203802,0.000000,36.203802,36.203802,20.000000,10.000000,10.000000,1,0,1,0,0.000000,0.080000,0.008000,0.001000,5.500000,0.100000,14.000000,0.010000,0.000000,0.000000,20.000000,10.000000
0.184000,0.500000,0.640000,-0.032338,0.000000,-0.032338,-0.478708,0.000000,0.000000,-0.221857,-2.623909,0.030969,0.030969,0.252826,0.000000,2.623909,0.000000,0.000000,0.000000,0.000000,0.000000,36.734732,0.075847,36.810579,36.810579,20.000000,10.000000,10.000000,1,0,1,0,0.000000,0.080000,0.008000,0.001000,5.500000,0.100000,14.000000,0.010000,0.000000,0.000000,20.000000,10.000000
0.189000,0.500000,0.640000,-0.042838,0.000000,-0.042838,-0.559773,0.000000,0.000000,-0.221857,-2.623909,0.030969,0.030969,0.252826,0.000000,2.623909,0.000000,0.000000,0.000000,0.000000,0.000000,36.734732,0.000000,36.734732,36.734732,20.000000,10.000000,10.000000,1,0,1,0,0.000000,0.080000,0.008000,0.001000,5.500000,0.100000,14.000000,0.010000,0.000000,0.000000,20.000000,10.000000
0.194000,0.500000,0.640000,-0.053338,0.000000,-0.053338,-0.636784,0.000000,0.000000,-0.248964,-2.634122,0.030969,0.030969,0.279933,0.000000,2.634122,0.000000,0.000000,0.000000,0.000000,0.000000,36.877710,0.020425,36.898135,36.898135,20.000000,10.000000,10.000000,1,0,1,0,0.000000,0.080000,0.008000,0.001000,5.500000,0.100000,14.000000,0.010000,0.000000,0.000000,20.000000,10.000000
0.203000,0.500000,0.640000,-0.074338,0.000000,-0.074338,-0.779448,0.000000,0.000000,-0.275138,-2.625924,0.030969,0.030969,0.306107,0.000000,2.625924,0.000000,0.000000,0.000000,0.000000,0.000000,36.762941,-0.009109,36.753832,36.753832,20.000000,10.000000,10.000000,1,0,1,0,0.000000,0.080000,0.008000,0.001000,5.500000,0.100000,14.000000,0.010000,0.000000,0.000000,20.000000,10.000000
0.208000,0.500000,0.640000,-0.084838,0.000000,-0.084838,-0.845475,0.000000,0.000000,-0.275138,-2.625924,0.030969,0.030969,0.306107,0.000000,2.625924,0.000000,0.000000,0.000000,0.000000,0.000000,36.762941,0.000000,36.762941,36.762941,20.000000,10.000000,10.000000,1,0,1,0,0.000000,0.080000,0.008000,0.001000,5.500000,0.100000,14.000000,0.010000,0.000000,0.000000,20.000000,10.000000
0.213000,0.500000,0.640000,-0.095338,0.000000,-0.095338,-0.908202,0.000000,0.000000,-0.300562,-2.606033,0.030969,0.030969,0.331531,0.000000,2.606033,0.000000,0.000000,0.000000,0.000000,0.000000,36.484462,-0.039783,36.444679,36.444679,20.000000,10.000000,10.000000,1,0,1,0,0.000000,0.080000,0.008000,0.001000,5.500000,0.100000,14.000000,0.010000,0.000000,0.000000,20.000000,10.000000
0.218000,0.500000,0.640000,-0.105838,0.000000,-0.105838,-0.967791,0.000000,0.000000,-0.300562,-2.606033,0.030969,0.030969,0.331531,0.000000,2.606033,0.000000,0.000000,0.000000,0.000000,0.000000,36.484462,0.000000,36.484462,36.484462,20.000000,10.000000,10.000000,1,0,1,0,0.000000,0.080000,0.008000,0.001000,5.500000,0.100000,14.000000,0.010000,0.000000,0.000000,20.000000,10.000000
0.223000,0.500000,0.640000,-0.116338,0.000000,-0.116338,-1.024402,0.000000,0.000000,-0.325383,-2.579245,0.030969,0.030969,0.356351,0.000000,2.579245,0.000000,0.000000,0.000000,0.000000,0.000000,36.109436,-0.053575,36.055861,36.055861,20.000000,10.000000,10.000000,1,0,1,0,0.000000,0.080000,0.008000,0.001000,5.500000,0.100000,14.000000,0.010000,0.000000,0.000000,20.000000,10.000000
0.228000,0.500000,0.640000,-0.126838,0.000000,-0.126838,-1.078182,0.000000,0.000000,-0.325383,-2.579245,0.030969,0.030969,0.356351,0.000000,2.579245,0.000000,0.000000,0.000000,0.000000,0.000000,36.109436,0.000000,36.109436,36.109436,20.000000,10.000000,10.000000,1,0,1,0,0.000000,0.080000,0.008000,0.001000,5.500000,0.100000,14.000000,0.010000,0.000000,0.000000,20.000000,10.000000
0.233000,0.500000,0.640000,-0.137338,0.000000,-0.137338,-1.129273,0.000000,0.000000,-0.349717,-2.548938,0.030969,0.030969,0.380686,0.000000,2.548938,0.000000,0.000000,0.000000,0.000000,0.000000,35.685129,-0.060615,35.624513,35.624513,20.000000,10.000000,10.000000,1,0,1,0,0.000000,0.080000,0.008000,0.001000,5.500000,0.100000,14.000000,0.010000,0.000000,0.000000,20.000000,10.000000
0.242000,0.500000,0.640000,-0.158338,0.000000,-0.158338,-1.223919,0.000000,0.000000,-0.373659,-2.517439,0.030969,0.030969,0.404627,0.000000,2.517439,0.000000,0.000000,0.000000,0.000000,0.000000,35.244147,-0.034999,35.209149,35.209149,20.000000,10.000000,10.000000,1,0,1,0,0.000000,0.080000,0.008000,0.001000,5.500000,0.100000,14.000000,0.010000,0.000000,0.000000,20.000000,10.000000
0.247000,0.500000,0.640000,-0.168838,0.000000,-0.168838,-1.267723,0.000000,0.000000,-0.373659,-2.517439,0.030969,0.030969,0.404627,0.000000,2.517439,0.000000,0.000000,0.000000,0.000000,0.000000,35.244147,0.000000,35.244147,35.244147,20.000000,10.000000,10.000000,1,0,1,0,0.000000,0.080000,0.008000,0.001000,5.500000,0.100000,14.000000,0.010000,0.000000,0.000000,20.000000,10.000000
0.252000,0.500000,0.640000,-0.179338,0.000000,-0.179338,-1.309337,0.000000,0.000000,-0.397284,-2.486312,0.030969,0.030969,0.428253,0.300000,2.786312,0.000000,0.000000,0.000000,0.000000,0.000000,39.008367,0.537746,39.546112,39.546112,20.000000,10.000000,10.000000,1,0,1,0,0.000000,0.080000,0.008000,0.001000,5.500000,0.100000,14.000000,0.010000,0.000000,0.000000,20.000000,10.000000
0.257000,0.500000,0.640000,-0.189838,0.000000,-0.189838,-1.348870,0.000000,0.000000,-0.397284,-2.486312,0.030969,0.030969,0.428253,0.300000,2.786312,0.000000,0.000000,0.000000,0.000000,0.000000,39.008367,0.000000,39.008367,39.008367,20.000000,10.000000,10.000000,1,0,1,0,0.000000,0.080000,0.008000,0.001000,5.500000,0.100000,14.000000,0.010000,0.000000,0.000000,20.000000,10.000000
0.262000,0.500000,0.640000,-0.200338,0.000000,-0.200338,-1.386426,0.000000,0.000000,-0.420653,-2.456563,0.030969,0.030969,0.451622,0.300000,2.756563,0.000000,0.000000,0.000000,0.000000,0.000000,38.591875,-0.059499,38.532377,38.532377,20.000000,10.000000,10.000000,1,0,1,0,0.000000,0.080000,0.008000,0.001000,5.500000,0.100000,14.000000,0.010000,0.000000,0.000000,20.000000,10.000000
0.267000,0.500000,0.640000,-0.210838,0.000000,-0.210838,-1.422105,0.000000,0.000000,-0.420653,-2.456563,0.030969,0.030969,0.451622,0.300000,2.756563,0.000000,0.000000,0.000000,0.000000,0.000000,38.591875,0.000000,38.591875,38.591875,20.000000,10.000000,10.000000,1,0,1,0,0.000000,0.080000,0.008000,0.001000,5.500000,0.100000,14.000000,0.010000,0.000000,0.000000,20.000000,10.000000
0.272000,0.500000,0.640000,-0.221338,0.000000,-0.221338,-1.456000,0.000000,0.000000,-0.443815,-2.428798,0.030969,0.030969,0.474784,0.300000,2.728798,0.000000,0.000000,0.000000,0.000000,0.000000,38.203169,-0.055529,38.147640,38.147640,20.000000,10.000000,10.000000,1,0,1,0,0.000000,0.080000,0.008000,0.001000,5.500000,0.100000,14.000000,0.010000,0.000000,0.000000,20.000000,10.000000
0.281000,0.500000,0.640000,-0.242338,0.000000,-0.242338,-1.518790,0.000000,0.000000,-0.466811,-2.403342,0.030969,0.030969,0.497779,0.300000,2.703342,0.000000,0.000000,0.000000,0.000000,0.000000,37.846787,-0.028284,37.818503,37.818503,20.000000,10.000000,10.000000,1,0,1,0,0.000000,0.080000,0.008000,0.001000,5.500000,0.100000,14.000000,0.010000,0.000000,0.000000,20.000000,10.000000
0.286000,0.500000,0.640000,-0.252838,0.000000,-0.252838,-1.547850,0.000000,0.000000,-0.466811,-2.403342,0.030969,0.030969,0.497779,0.300000,2.703342,0.000000,0.000000,0.000000,0.000000,0.000000,37.846787,0.000000,37.846787,37.846787,20.000000,10.000000,10.000000,1,0,1,0,0.000000,0.080000,0.008000,0.001000,5.500000,0.100000,14.000000,0.010000,0.000000,0.000000,20.000000,10.000000
