time,height,base_link_height,p,p_0,delta_p,v,v_ref,v_error,pitch,pitch_rate,theta_eq,theta_ref,theta_error,theta_dot_ref,theta_dot_error,v_p,v_i,v_d,theta_p,theta_d,rate_p,rate_d,u_raw,u_rate_limited,u_clamped,tau_left,tau_right,is_saturated,is_rate_limited,control_enabled,force_active,force_value,kp_v,ki_v,kd_v,kp_theta,kd_theta,kp_rate,kd_rate,k_x
0.011000,0.360000,0.500000,-0.000000,-0.000000,0.000000,0.000000,0.000000,-0.000000,-0.000000,-0.000000,0.061667,0.061667,0.061667,0.339170,0.339170,-0.000000,-0.000000,-0.000000,0.339170,0.000000,7.733070,1.017509,8.750579,8.750579,8.750579,4.375290,4.375290,0,0,1,0,0.000000,0.080000,0.008000,0.001000,5.500000,0.100000,22.800000,0.027000,0.000000
0.020000,0.360000,0.500000,0.000000,-0.000000,0.000000,0.000000,0.000000,-0.000000,-0.000000,-0.000000,0.061667,0.061667,0.061667,0.339170,0.339170,-0.000000,-0.000000,0.000000,0.339170,0.000000,7.733070,0.000000,7.733070,7.733070,7.733070,3.866535,3.866535,0,0,1,0,0.000000,0.080000,0.008000,0.001000,5.500000,0.100000,22.800000,0.027000,0.000000
0.025000,0.360000,0.500000,0.000000,-0.000000,0.000000,0.000000,0.000000,-0.000000,-0.000000,-0.000000,0.061667,0.061667,0.061667,0.339170,0.339170,-0.000000,-0.000000,0.000000,0.339170,0.000000,7.733070,0.000000,7.733070,7.733070,7.733070,3.866535,3.866535,0,0,1,0,0.000000,0.080000,0.008000,0.001000,5.500000,0.100000,22.800000,0.027000,0.000000
0.030000,0.360000,0.500000,0.000000,-0.000000,0.000000,0.000000,0.000000,-0.000000,-0.000000,-0.000000,0.061667,0.061667,0.061667,0.339170,0.339170,-0.000000,-0.000000,0.000000,0.339170,0.000000,7.733070,0.000000,7.733070,7.733070,7.733070,3.866535,3.866535,0,0,1,0,0.000000,0.080000,0.008000,0.001000,5.500000,0.100000,22.800000,0.027000,0.000000
0.039000,0.360000,0.500000,0.000000,-0.000000,0.000000,-0.000000,0.000000,0.000000,-0.000000,-0.000000,0.061667,0.061667,0.061667,0.339170,0.339170,0.000000,0.000000,0.000000,0.339170,0.000000,7.733070,0.000000,7.733070,7.733070,7.733070,3.866535,3.866535,0,0,1,0,0.000000,0.080000,0.008000,0.001000,5.500000,0.100000,22.800000,0.027000,0.000000
0.044000,0.360000,0.500000,0.000000,-0.000000,0.000000,-0.000000,0.000000,0.000000,0.000642,-0.011560,0.061667,0.061667,0.061025,0.336794,0.348355,0.000000,0.000000,-0.000000,0.335638,0.001156,7.942487,0.049599,7.992086,7.992086,7.992086,3.996043,3.996043,0,0,1,0,0.000000,0.080000,0.008000,0.001000,5.500000,0.100000,22.800000,0.027000,0.000000
0.049000,0.360000,0.500000,0.000000,-0.000000,0.000000,-0.000000,0.000000,0.000000,0.000642,-0.011560,0.061667,0.061667,0.061025,0.336794,0.348355,0.000000,0.000000,-0.000000,0.335638,0.001156,7.942487,0.000000,7.942487,7.942487,7.942487,3.971244,3.971244,0,0,1,0,0.000000,0.080000,0.008000,0.001000,5.500000,0.100000,22.800000,0.027000,0.000000
0.058000,0.360000,0.500000,0.000070,-0.000000,0.000070,0.000940,0.000000,-0.000940,-0.000095,-0.026651,0.061667,0.061667,0.061762,0.342358,0.369009,-0.000075,-0.000000,-0.000104,0.339692,0.002665,8.413402,0.061962,8.475365,8.475365,8.475365,4.237682,4.237682,0,0,1,0,0.000000,0.080000,0.008000,0.001000,5.500000,0.100000,22.800000,0.027000,0.000000
0.063000,0.360000,0.500000,0.000143,-0.000000,0.000143,0.001739,0.000000,-0.001739,-0.001330,-0.050347,0.061667,0.061667,0.062997,0.351517,0.401864,-0.000139,-0.000000,-0.000160,0.346482,0.005035,9.162497,0.177417,9.339914,9.339914,9.339914,4.669957,4.669957,0,0,1,0,0.000000,0.080000,0.008000,0.001000,5.500000,0.100000,22.800000,0.027000,0.000000
0.068000,0.360000,0.500000,0.000246,-0.000000,0.000246,0.002810,0.000000,-0.002810,-0.001330,-0.050347,0.061667,0.061667,0.062997,0.351517,0.401864,-0.000225,-0.000000,-0.000214,0.346482,0.005035,9.162497,0.000000,9.162497,9.162497,9.162497,4.581248,4.581248,0,0,1,0,0.000000,0.080000,0.008000,0.001000,5.500000,0.100000,22.800000,0.027000,0.000000
0.077000,0.360000,0.500000,0.000545,-0.000000,0.000545,0.005685,0.000000,-0.005685,-0.003058,-0.077170,0.061667,0.061667,0.064726,0.363707,0.440878,-0.000455,-0.000001,-0.000319,0.355990,0.007717,10.052016,0.117042,10.169058,10.169058,10.169058,5.084529,5.084529,0,0,1,0,0.000000,0.080000,0.008000,0.001000,5.500000,0.100000,22.800000,0.027000,0.000000
0.082000,0.360000,0.500000,0.000739,-0.000000,0.000739,0.007452,0.000000,-0.007452,-0.005188,-0.106486,0.061667,0.061667,0.066856,0.378355,0.484841,-0.000596,-0.000001,-0.000353,0.367706,0.010649,11.054369,0.237399,11.291769,11.291769,11.291769,5.645884,5.645884,0,0,1,0,0.000000,0.080000,0.008000,0.001000,5.500000,0.100000,22.800000,0.027000,0.000000
0.087000,0.360000,0.500000,0.000962,-0.000000,0.000962,0.009417,0.000000,-0.009417,-0.005188,-0.106486,0.061667,0.061667,0.066856,0.378355,0.484841,-0.000753,-0.000001,-0.000393,0.367706,0.010649,11.054369,0.000000,11.054369,11.054369,11.054369,5.527185,5.527185,0,0,1,0,0.000000,0.080000,0.008000,0.001000,5.500000,0.100000,22.800000,0.027000,0.000000
0.092000,0.360000,0.500000,0.001213,-0.000000,0.001213,0.011565,0.000000,-0.011565,-0.007718,-0.137811,0.061667,0.061667,0.069386,0.395402,0.533214,-0.000925,-0.000002,-0.000430,0.381621,0.013781,12.157273,0.261214,12.418487,12.418487,12.418487,6.209244,6.209244,0,0,1,0,0.000000,0.080000,0.008000,0.001000,5.500000,0.100000,22.800000,0.027000,0.000000
0.101000,0.360000,0.500000,0.001797,-0.000000,0.001797,0.016356,0.000000,-0.016356,-0.010649,-0.170789,0.061667,0.061667,0.072316,0.414816,0.585605,-0.001308,-0.000003,-0.000532,0.397738,0.017079,13.351798,0.157174,13.508972,13.508972,13.508972,6.754486,6.754486,0,0,1,0,0.000000,0.080000,0.008000,0.001000,5.500000,0.100000,22.800000,0.027000,0.000000
0.106000,0.360000,0.500000,0.002130,-0.000000,0.002130,0.018976,0.000000,-0.018976,-0.010649,-0.170789,0.061667,0.061667,0.072316,0.414816,0.585605,-0.001518,-0.000004,-0.000524,0.397738,0.017079,13.351798,0.000000,13.351798,13.351798,13.351798,6.675899,6.675899,0,0,1,0,0.000000,0.080000,0.008000,0.001000,5.500000,0.100000,22.800000,0.027000,0.000000
0.111000,0.360000,0.500000,0.002490,-0.000000,0.002490,0.021731,0.000000,-0.021731,-0.013981,-0.205162,0.061667,0.061667,0.075648,0.436583,0.641745,-0.001739,-0.000005,-0.000551,0.416067,0.020516,14.631778,0.303153,14.934932,14.934932,14.934932,7.467466,7.467466,0,0,1,0,0.000000,0.080000,0.008000,0.001000,5.500000,0.100000,22.800000,0.027000,0.000000
0.116000,0.360000,0.500000,0.002877,-0.000000,0.002877,0.024614,0.000000,-0.024614,-0.013981,-0.205162,0.061667,0.061667,0.075648,0.436583,0.641745,-0.001969,-0.000006,-0.000576,0.416067,0.020516,14.631778,0.000000,14.631778,14.631778,14.631778,7.315889,7.315889,0,0,1,0,0.000000,0.080000,0.008000,0.001000,5.500000,0.100000,22.800000,0.027000,0.000000
0.125000,0.360000,0.500000,0.003290,-0.000000,0.003290,0.027614,0.000000,-0.027614,-0.017720,-0.240756,0.061667,0.061667,0.079387,0.460706,0.701462,-0.002209,-0.000008,-0.000333,0.436630,0.024076,15.993330,0.179151,16.172481,16.172481,16.172481,8.086241,8.086241,0,0,1,0,0.000000,0.080000,0.008000,0.001000,5.500000,0.100000,22.800000,0.027000,0.000000
0.130000,0.360000,0.500000,0.003728,-0.000000,0.003728,0.030726,0.000000,-0.030726,-0.017720,-0.240756,0.061667,0.061667,0.079387,0.460706,0.701462,-0.002458,-0.000009,-0.000622,0.436630,0.024076,15.993330,0.000000,15.993330,15.993330,15.993330,7.996665,7.996665,0,0,1,0,0.000000,0.080000,0.008000,0.001000,5.500000,0.100000,22.800000,0.027000,0.000000
0.135000,0.360000,0.500000,0.004193,-0.000000,0.004193,0.033942,0.000000,-0.033942,-0.021871,-0.277464,0.061667,0.061667,0.083538,0.487205,0.764669,-0.002715,-0.000010,-0.000643,0.459458,0.027746,17.434453,0.341319,17.775772,17.775772,17.775772,8.887886,8.887886,0,0,1,0,0.000000,0.080000,0.008000,0.001000,5.500000,0.100000,22.800000,0.027000,0.000000
0.140000,0.360000,0.500000,0.004684,-0.000000,0.004684,0.037256,0.000000,-0.037256,-0.021871,-0.277464,0.061667,0.061667,0.083538,0.487205,0.764669,-0.002980,-0.000012,-0.000663,0.459458,0.027746,17.434453,0.000000,17.434453,17.434453,17.434453,8.717227,8.717227,0,0,1,0,0.000000,0.080000,0.008000,0.001000,5.500000,0.100000,22.800000,0.027000,0.000000
0.145000,0.360000,0.500000,0.005201,-0.000000,0.005201,0.040664,0.000000,-0.040664,-0.026441,-0.315231,0.061667,0.061667,0.088108,0.516116,0.831347,-0.003253,-0.000013,-0.000682,0.484593,0.031523,18.954712,0.360061,19.314774,19.314774,19.314774,9.657387,9.657387,0,0,1,0,0.000000,0.080000,0.008000,0.001000,5.500000,0.100000,22.800000,0.027000,0.000000
0.154000,0.360000,0.500000,0.006312,-0.000000,0.006312,0.047741,0.000000,-0.047741,-0.031439,-0.354045,0.061667,0.061667,0.093106,0.547488,0.901534,-0.003819,-0.000017,-0.000786,0.512084,0.035405,20.554967,0.210560,20.765527,20.765527,20.000000,10.000000,10.000000,1,0,1,0,0.000000,0.080000,0.008000,0.001000,5.500000,0.100000,22.800000,0.027000,0.000000
0.159000,0.360000,0.500000,0.006907,-0.000000,0.006907,0.051404,0.000000,-0.051404,-0.031439,-0.354045,0.061667,0.061667,0.093106,0.547488,0.901534,-0.004112,-0.000019,-0.000732,0.512084,0.035405,20.554967,0.000000,20.554967,20.554967,20.000000,10.000000,10.000000,1,0,1,0,0.000000,0.080000,0.008000,0.001000,5.500000,0.100000,22.800000,0.027000,0.000000
0.164000,0.360000,0.500000,0.007527,-0.000000,0.007527,0.055144,0.000000,-0.055144,-0.036877,-0.393930,0.061667,0.061667,0.098544,0.581384,0.975314,-0.004412,-0.000021,-0.000748,0.541991,0.039393,22.237161,0.398414,22.635575,22.635575,20.000000,10.000000,10.000000,1,0,1,0,0.000000,0.080000,0.008000,0.001000,5.500000,0.100000,22.800000,0.027000,0.000000
0.169000,0.360000,0.500000,0.008174,-0.000000,0.008174,0.058961,0.000000,-0.058961,-0.036877,-0.393930,0.061667,0.061667,0.098544,0.581384,0.975314,-0.004717,-0.000023,-0.000763,0.541991,0.039393,22.237161,0.000000,22.237161,22.237161,20.000000,10.000000,10.000000,1,0,1,0,0.000000,0.080000,0.008000,0.001000,5.500000,0.100000,22.800000,0.027000,0.000000
0.174000,0.360000,0.500000,0.008848,-0.000000,0.008848,0.062851,0.000000,-0.062851,-0.042766,-0.434934,0.061667,0.061667,0.104433,0.617877,1.052810,-0.005028,-0.000026,-0.000778,0.574383,0.043493,24.004075,0.418480,24.422555,24.422555,20.000000,10.000000,10.000000,1,0,1,0,0.000000,0.080000,0.008000,0.001000,5.500000,0.100000,22.800000,0.027000,0.000000
0.179000,0.360000,0.500000,0.009547,-0.000000,0.009547,0.066813,0.000000,-0.066813,-0.042766,-0.434934,0.061667,0.061667,0.104433,0.617877,1.052810,-0.005345,-0.000029,-0.000792,0.574383,0.043493,24.004075,0.000000,24.004075,24.004075,20.000000,10.000000,10.000000,1,0,1,0,0.000000,0.080000,0.008000,0.001000,5.500000,0.100000,22.800000,0.027000,0.000000
0.184000,0.360000,0.500000,0.010274,-0.000000,0.010274,0.070845,0.000000,-0.070845,-0.049121,-0.477119,0.061667,0.061667,0.110788,0.657049,1.134168,-0.005668,-0.000031,-0.000806,0.609337,0.047712,25.859023,0.439330,26.298353,26.298353,20.000000,10.000000,10.000000,1,0,1,0,0.000000,0.080000,0.008000,0.001000,5.500000,0.100000,22.800000,0.027000,0.000000
0.193000,0.360000,0.500000,0.011808,-0.000000,0.011808,0.079116,0.000000,-0.079116,-0.055958,-0.520580,0.061667,0.061667,0.117625,0.698996,1.219576,-0.006329,-0.000037,-0.000919,0.646938,0.052058,27.806325,0.256224,28.062549,28.062549,20.000000,10.000000,10.000000,1,0,1,0,0.000000,0.080000,0.008000,0.001000,5.500000,0.100000,22.800000,0.027000,0.000000
0.198000,0.360000,0.500000,0.012617,-0.000000,0.012617,0.083355,0.000000,-0.083355,-0.055958,-0.520580,0.061667,0.061667,0.117625,0.698996,1.219576,-0.006668,-0.000040,-0.000848,0.646938,0.052058,27.806325,0.000000,27.806325,27.806325,20.000000,10.000000,10.000000,1,0,1,0,0.000000,0.080000,0.008000,0.001000,5.500000,0.100000,22.800000,0.027000,0.000000
0.203000,0.360000,0.500000,0.013453,-0.000000,0.013453,0.087662,0.000000,-0.087662,-0.063293,-0.565422,0.061667,0.061667,0.124961,0.743826,1.309248,-0.007013,-0.000044,-0.000861,0.687284,0.056542,29.850858,0.484231,30.335089,30.335089,20.000000,10.000000,10.000000,1,0,1,0,0.000000,0.080000,0.008000,0.001000,5.500000,0.100000,22.800000,0.027000,0.000000
0.208000,0.360000,0.500000,0.014317,-0.000000,0.014317,0.092037,0.000000,-0.092037,-0.063293,-0.565422,0.061667,0.061667,0.124961,0.743826,1.309248,-0.007363,-0.000048,-0.000875,0.687284,0.056542,29.850858,0.000000,29.850858,29.850858,20.000000,10.000000,10.000000,1,0,1,0,0.000000,0.080000,0.008000,0.001000,5.500000,0.100000,22.800000,0.027000,0.000000
0.213000,0.360000,0.500000,0.015210,-0.000000,0.015210,0.096481,0.000000,-0.096481,-0.071147,-0.611763,0.061667,0.061667,0.132815,0.791656,1.403419,-0.007718,-0.000051,-0.000889,0.730480,0.061176,31.997946,0.508521,32.506467,32.506467,20.000000,10.000000,10.000000,1,0,1,0,0.000000,0.080000,0.008000,0.001000,5.500000,0.100000,22.800000,0.027000,0.000000
0.222000,0.360000,0.500000,0.017084,-0.000000,0.017084,0.105576,0.000000,-0.105576,-0.079540,-0.659725,0.061667,0.061667,0.141207,0.842613,1.502338,-0.008446,-0.000059,-0.001011,0.776641,0.065972,34.253303,0.296758,34.550061,34.550061,20.000000,10.000000,10.000000,1,0,1,0,0.000000,0.080000,0.008000,0.001000,5.500000,0.100000,22.800000,0.027000,0.000000
0.227000,0.360000,0.500000,0.018065,-0.000000,0.018065,0.110230,0.000000,-0.110230,-0.079540,-0.659725,0.061667,0.061667,0.141207,0.842613,1.502338,-0.008818,-0.000063,-0.000931,0.776641,0.065972,34.253303,0.000000,34.253303,34.253303,20.000000,10.000000,10.000000,1,0,1,0,0.000000,0.080000,0.008000,0.001000,5.500000,0.100000,22.800000,0.027000,0.000000
0.232000,0.360000,0.500000,0.019076,-0.000000,0.019076,0.114955,0.000000,-0.114955,-0.088494,-0.709438,0.061667,0.061667,0.150162,0.896833,1.606271,-0.009196,-0.000068,-0.000945,0.825889,0.070944,36.622973,0.561238,37.184211,37.184211,20.000000,10.000000,10.000000,1,0,1,0,0.000000,0.080000,0.008000,0.001000,5.500000,0.100000,22.800000,0.027000,0.000000
0.237000,0.360000,0.500000,0.020119,-0.000000,0.020119,0.119752,0.000000,-0.119752,-0.088494,-0.709438,0.061667,0.061667,0.150162,0.896833,1.606271,-0.009580,-0.000073,-0.000959,0.825889,0.070944,36.622973,0.000000,36.622973,36.622973,20.000000,10.000000,10.000000,1,0,1,0,0.000000,0.080000,0.008000,0.001000,5.500000,0.100000,22.800000,0.027000,0.000000
0.242000,0.360000,0.500000,0.021192,-0.000000,0.021192,0.124623,0.000000,-0.124623,-0.098034,-0.761035,0.061667,0.061667,0.159701,0.954459,1.715495,-0.009970,-0.000078,-0.000974,0.878356,0.076104,39.113279,0.589809,39.703088,39.703088,20.000000,10.000000,10.000000,1,0,1,0,0.000000,0.080000,0.008000,0.001000,5.500000,0.100000,22.800000,0.027000,0.000000
0.247000,0.360000,0.500000,0.022297,-0.000000,0.022297,0.129569,0.000000,-0.129569,-0.098034,-0.761035,0.061667,0.061667,0.159701,0.954459,1.715495,-0.010366,-0.000083,-0.000989,0.878356,0.076104,39.113279,0.000000,39.113279,39.113279,20.000000,10.000000,10.000000,1,0,1,0,0.000000,0.080000,0.008000,0.001000,5.500000,0.100000,22.800000,0.027000,0.000000
0.252000,0.360000,0.500000,0.023434,-0.000000,0.023434,0.134591,0.000000,-0.134591,-0.108184,-0.814652,0.061667,0.061667,0.169851,1.015646,1.830297,-0.010767,-0.000088,-0.001004,0.934180,0.081465,41.730779,0.619934,42.350713,42.350713,20.000000,10.000000,10.000000,1,0,1,0,0.000000,0.080000,0.008000,0.001000,5.500000,0.100000,22.800000,0.027000,0.000000
0.261000,0.360000,0.500000,0.025806,-0.000000,0.025806,0.144867,0.000000,-0.144867,-0.118971,-0.870423,0.061667,0.061667,0.180638,1.080552,1.950975,-0.011589,-0.000099,-0.001142,0.993509,0.087042,44.482220,0.362032,44.844252,44.844252,20.000000,10.000000,10.000000,1,0,1,0,0.000000,0.080000,0.008000,0.001000,5.500000,0.100000,22.800000,0.027000,0.000000
0.266000,0.360000,0.500000,0.027043,-0.000000,0.027043,0.150125,0.000000,-0.150125,-0.118971,-0.870423,0.061667,0.061667,0.180638,1.080552,1.950975,-0.012010,-0.000105,-0.001051,0.993509,0.087042,44.482220,0.000000,44.482220,44.482220,20.000000,10.000000,10.000000,1,0,1,0,0.000000,0.080000,0.008000,0.001000,5.500000,0.100000,22.800000,0.027000,0.000000
0.271000,0.360000,0.500000,0.028313,-0.000000,0.028313,0.155463,0.000000,-0.155463,-0.130423,-0.928483,0.061667,0.061667,0.192090,1.149345,2.077829,-0.012437,-0.000111,-0.001068,1.056497,0.092848,47.374494,0.685012,48.059506,48.059506,20.000000,10.000000,10.000000,1,0,1,0,0.000000,0.080000,0.008000,0.001000,5.500000,0.100000,22.800000,0.027000,0.000000
0.276000,0.360000,0.500000,0.029619,-0.000000,0.029619,0.160883,0.000000,-0.160883,-0.130423,-0.928483,0.061667,0.061667,0.192090,1.149345,2.077829,-0.012871,-0.000117,-0.001084,1.056497,0.092848,47.374494,0.000000,47.374494,47.374494,20.000000,10.000000,10.000000,1,0,1,0,0.000000,0.080000,0.008000,0.001000,5.500000,0.100000,22.800000,0.027000,0.000000
0.281000,0.360000,0.500000,0.030959,-0.000000,0.030959,0.166386,0.000000,-0.166386,-0.142570,-0.988965,0.061667,0.061667,0.204237,1.222201,2.211166,-0.013311,-0.000124,-0.001101,1.123305,0.098896,50.414592,0.720023,51.134615,51.134615,20.000000,10.000000,10.000000,1,0,1,0,0.000000,0.080000,0.008000,0.001000,5.500000,0.100000,22.800000,0.027000,0.000000
0.286000,0.360000,0.500000,0.032336,-0.000000,0.032336,0.171974,0.000000,-0.171974,-0.142570,-0.988965,0.061667,0.061667,0.204237,1.222201,2.211166,-0.013758,-0.000131,-0.001118,1.123305,0.098896,50.414592,0.000000,50.414592,50.414592,20.000000,10.000000,10.000000,1,0,1,0,0.000000,0.080000,0.008000,0.001000,5.500000,0.100000,22.800000,0.027000,0.000000
0.291000,0.360000,0.500000,0.033748,-0.000000,0.033748,0.177647,0.000000,-0.177647,-0.155442,-1.051997,0.061667,0.061667,0.217109,1.299300,2.351296,-0.014212,-0.000138,-0.001135,1.194100,0.105200,53.609559,0.756703,54.366262,54.366262,20.000000,10.000000,10.000000,1,0,1,0,0.000000,0.080000,0.008000,0.001000,5.500000,0.100000,22.800000,0.027000,0.000000
0.296000,0.360000,0.500000,0.035197,-0.000000,0.035197,0.183405,0.000000,-0.183405,-0.155442,-1.051997,0.061667,0.061667,0.217109,1.299300,2.351296,-0.014672,-0.000145,-0.001152,1.194100,0.105200,53.609559,0.000000,53.609559,53.609559,20.000000,10.000000,10.000000,1,0,1,0,0.000000,0.080000,0.008000,0.001000,5.500000,0.100000,22.800000,0.027000,0.000000
0.301000,0.360000,0.500000,0.036684,-0.000000,0.036684,0.189250,0.000000,-0.189250,-0.169070,-1.117701,0.061667,0.061667,0.230738,1.380827,2.498528,-0.015140,-0.000153,-0.001169,1.269056,0.111770,56.966440,0.795051,57.761491,57.761491,20.000000,10.000000,10.000000,1,0,1,0,0.000000,0.080000,0.008000,0.001000,5.500000,0.100000,22.800000,0.027000,0.000000
0.306000,0.360000,0.500000,0.038208,-0.000000,0.038208,0.195182,0.000000,-0.195182,-0.169070,-1.117701,0.061667,0.061667,0.230738,1.380827,2.498528,-0.015615,-0.000161,-0.001186,1.269056,0.111770,56.966440,0.000000,56.966440,56.966440,20.000000,10.000000,10.000000,1,0,1,0,0.000000,0.080000,0.008000,0.001000,5.500000,0.100000,22.800000,0.027000,0.000000
0.311000,0.360000,0.500000,0.039771,-0.000000,0.039771,0.201201,0.000000,-0.201201,-0.183488,-1.186196,0.061667,0.061667,0.245155,1.466972,2.653168,-0.016096,-0.000169,-0.001204,1.348352,0.118620,60.492229,0.835055,61.327285,61.327285,20.000000,10.000000,10.000000,1,0,1,0,0.000000,0.080000,0.008000,0.001000,5.500000,0.100000,22.800000,0.027000,0.000000
0.320000,0.360000,0.500000,0.043012,-0.000000,0.043012,0.213500,0.000000,-0.213500,-0.198728,-1.257588,0.061667,0.061667,0.260395,1.557930,2.815518,-0.017080,-0.000184,-0.001367,1.432171,0.125759,64.193812,0.487050,64.680863,64.680863,20.000000,10.000000,10.000000,1,0,1,0,0.000000,0.080000,0.008000,0.001000,5.500000,0.100000,22.800000,0.027000,0.000000
0.325000,0.360000,0.500000,0.044691,-0.000000,0.044691,0.219780,0.000000,-0.219780,-0.198728,-1.257588,0.061667,0.061667,0.260395,1.557930,2.815518,-0.017582,-0.000193,-0.001256,1.432171,0.125759,64.193812,0.000000,64.193812,64.193812,20.000000,10.000000,10.000000,1,0,1,0,0.000000,0.080000,0.008000,0.001000,5.500000,0.100000,22.800000,0.027000,0.000000
0.330000,0.360000,0.500000,0.046411,-0.000000,0.046411,0.226146,0.000000,-0.226146,-0.214823,-1.331976,0.061667,0.061667,0.276491,1.653897,2.985873,-0.018092,-0.000202,-0.001273,1.520699,0.133198,68.077905,0.919917,68.997821,68.997821,20.000000,10.000000,10.000000,1,0,1,0,0.000000,0.080000,0.008000,0.001000,5.500000,0.100000,22.800000,0.027000,0.000000
0.335000,0.360000,0.500000,0.046411,-0.000000,0.046411,0.226146,0.000000,-0.226146,-0.214823,-1.331976,0.061667,0.061667,0.276491,1.653897,2.985873,-0.018092,-0.000211,0.000000,1.520699,0.133198,68.077905,0.000000,68.077905,68.077905,20.000000,10.000000,10.000000,1,0,1,0,0.000000,0.080000,0.008000,0.001000,5.500000,0.100000,22.800000,0.027000,0.000000
0.340000,0.360000,0.500000,0.048164,-0.000000,0.048164,0.232601,0.000000,-0.232601,-0.214823,-1.331976,0.061667,0.061667,0.276491,1.653897,2.985873,-0.018608,-0.000220,-0.001291,1.520699,0.133198,68.077905,0.000000,68.077905,68.077905,20.000000,10.000000,10.000000,1,0,1,0,0.000000,0.080000,0.008000,0.001000,5.500000,0.100000,22.800000,0.027000,0.000000
0.345000,0.360000,0.500000,0.049964,-0.000000,0.049964,0.239139,0.000000,-0.239139,-0.231802,-1.409499,0.061667,0.061667,0.293469,1.755028,3.164527,-0.019131,-0.000230,-0.001308,1.614078,0.140950,72.151217,0.964732,73.115949,73.115949,20.000000,10.000000,10.000000,1,0,1,0,0.000000,0.080000,0.008000,0.001000,5.500000,0.100000,22.800000,0.027000,0.000000
0.350000,0.360000,0.500000,0.051805,-0.000000,0.051805,0.245759,0.000000,-0.245759,-0.231802,-1.409499,0.061667,0.061667,0.293469,1.755028,3.164527,-0.019661,-0.000240,-0.001324,1.614078,0.140950,72.151217,0.000000,72.151217,72.151217,20.000000,10.000000,10.000000,1,0,1,0,0.000000,0.080000,0.008000,0.001000,5.500000,0.100000,22.800000,0.027000,0.000000
0.355000,0.360000,0.500000,0.053688,-0.000000,0.053688,0.252458,0.000000,-0.252458,-0.249716,-1.490162,0.061667,0.061667,0.311383,1.861623,3.351786,-0.020197,-0.000250,-0.001340,1.712607,0.149016,76.420710,1.011196,77.431906,77.431906,20.000000,10.000000,10.000000,1,0,1,0,0.000000,0.080000,0.008000,0.001000,5.500000,0.100000,22.800000,0.027000,0.000000
0.364000,0.360000,0.500000,0.057569,-0.000000,0.057569,0.266094,0.000000,-0.266094,-0.268581,-1.574083,0.061667,0.061667,0.330248,1.973773,3.547856,-0.021288,-0.000269,-0.001515,1.816365,0.157408,80.891125,0.588213,81.479338,81.479338,20.000000,10.000000,10.000000,1,0,1,0,0.000000,0.080000,0.008000,0.001000,5.500000,0.100000,22.800000,0.027000,0.000000
0.369000,0.360000,0.500000,0.059576,-0.000000,0.059576,0.273020,0.000000,-0.273020,-0.268581,-1.574083,0.061667,0.061667,0.330248,1.973773,3.547856,-0.021842,-0.000280,-0.001385,1.816365,0.157408,80.891125,0.000000,80.891125,80.891125,20.000000,10.000000,10.000000,1,0,1,0,0.000000,0.080000,0.008000,0.001000,5.500000,0.100000,22.800000,0.027000,0.000000
0.374000,0.360000,0.500000,0.061616,-0.000000,0.061616,0.280017,0.000000,-0.280017,-0.288441,-1.661297,0.061667,0.061667,0.350108,2.091723,3.753019,-0.022401,-0.000291,-0.001399,1.925593,0.166130,85.568840,1.107880,86.676720,86.676720,20.000000,10.000000,10.000000,1,0,1,0,0.000000,0.080000,0.008000,0.001000,5.500000,0.100000,22.800000,0.027000,0.000000
0.379000,0.360000,0.500000,0.063705,-0.000000,0.063705,0.287076,0.000000,-0.287076,-0.288441,-1.661297,0.061667,0.061667,0.350108,2.091723,3.753019,-0.022966,-0.000303,-0.001412,1.925593,0.166130,85.568840,0.000000,85.568840,85.568840,20.000000,10.000000,10.000000,1,0,1,0,0.000000,0.080000,0.008000,0.001000,5.500000,0.100000,22.800000,0.027000,0.000000
0.384000,0.360000,0.500000,0.065836,-0.000000,0.065836,0.294192,0.000000,-0.294192,-0.309343,-1.751757,0.061667,0.061667,0.371010,2.215729,3.967486,-0.023535,-0.000314,-0.001423,2.040554,0.175176,90.458691,1.158123,91.616814,91.616814,20.000000,10.000000,10.000000,1,0,1,0,0.000000,0.080000,0.008000,0.001000,5.500000,0.100000,22.800000,0.027000,0.000000
0.389000,0.360000,0.500000,0.067999,-0.000000,0.067999,0.301365,0.000000,-0.301365,-0.309343,-1.751757,0.061667,0.061667,0.371010,2.215729,3.967486,-0.024109,-0.000327,-0.001435,2.040554,0.175176,90.458691,0.000000,90.458691,90.458691,20.000000,10.000000,10.000000,1,0,1,0,0.000000,0.080000,0.008000,0.001000,5.500000,0.100000,22.800000,0.027000,0.000000
0.394000,0.360000,0.500000,0.070212,-0.000000,0.070212,0.308584,0.000000,-0.308584,-0.331296,-1.845539,0.061667,0.061667,0.392963,2.345851,4.191390,-0.024687,-0.000339,-0.001444,2.161297,0.184554,95.563692,1.209079,96.772771,96.772771,20.000000,10.000000,10.000000,1,0,1,0,0.000000,0.080000,0.008000,0.001000,5.500000,0.100000,22.800000,0.027000,0.000000
0.404000,0.360000,0.500000,0.074749,-0.000000,0.074749,0.323144,0.000000,-0.323144,-0.354345,-1.942622,0.061667,0.061667,0.416013,2.482332,4.424954,-0.025852,-0.000365,-0.001456,2.288070,0.194262,100.888956,0.630623,101.519580,101.519580,20.000000,10.000000,10.000000,1,0,1,0,0.000000,0.080000,0.008000,0.001000,5.500000,0.100000,22.800000,0.027000,0.000000
0.409000,0.360000,0.500000,0.077081,-0.000000,0.077081,0.330465,0.000000,-0.330465,-0.354345,-1.942622,0.061667,0.061667,0.416013,2.482332,4.424954,-0.026437,-0.000378,-0.001464,2.288070,0.194262,100.888956,0.000000,100.888956,100.888956,20.000000,10.000000,10.000000,1,0,1,0,0.000000,0.080000,0.008000,0.001000,5.500000,0.100000,22.800000,0.027000,0.000000
0.418000,0.360000,0.500000,0.081853,-0.000000,0.081853,0.345156,0.000000,-0.345156,-0.378523,-2.042972,0.061667,0.061667,0.440190,2.625342,4.668314,-0.027613,-0.000403,-0.001632,2.421045,0.204297,106.437556,0.730079,107.167635,107.167635,20.000000,10.000000,10.000000,1,0,1,0,0.000000,0.080000,0.008000,0.001000,5.500000,0.100000,22.800000,0.027000,0.000000
0.423000,0.360000,0.500000,0.084290,-0.000000,0.084290,0.352509,0.000000,-0.352509,-0.403859,-2.146534,0.061667,0.061667,0.465526,2.775047,4.921581,-0.028201,-0.000417,-0.001471,2.560393,0.214653,112.212051,1.367644,113.579695,113.579695,20.000000,10.000000,10.000000,1,0,1,0,0.000000,0.080000,0.008000,0.001000,5.500000,0.100000,22.800000,0.027000,0.000000
0.428000,0.360000,0.500000,0.086773,-0.000000,0.086773,0.359849,0.000000,-0.359849,-0.403859,-2.146534,0.061667,0.061667,0.465526,2.775047,4.921581,-0.028788,-0.000431,-0.001468,2.560393,0.214653,112.212051,0.000000,112.212051,112.212051,20.000000,10.000000,10.000000,1,0,1,0,0.000000,0.080000,0.008000,0.001000,5.500000,0.100000,22.800000,0.027000,0.000000
0.433000,0.360000,0.500000,0.089281,-0.000000,0.089281,0.367171,0.000000,-0.367171,-0.430383,-2.253240,0.061667,0.061667,0.492050,2.931600,5.184840,-0.029374,-0.000446,-0.001464,2.706276,0.225324,118.214356,1.421599,119.635955,119.635955,20.000000,10.000000,10.000000,1,0,1,0,0.000000,0.080000,0.008000,0.001000,5.500000,0.100000,22.800000,0.027000,0.000000
0.438000,0.360000,0.500000,0.091824,-0.000000,0.091824,0.373997,0.000000,-0.373997,-0.430383,-2.253240,0.061667,0.061667,0.492050,2.931600,5.184840,-0.029920,-0.000461,-0.001365,2.706276,0.225324,118.214356,0.000000,118.214356,118.214356,20.000000,10.000000,10.000000,1,0,1,0,0.000000,0.080000,0.008000,0.001000,5.500000,0.100000,22.800000,0.027000,0.000000
