time,height,base_link_height,p,p_target,delta_p,position_target_latched,position_reset_event_count,position_latch_count,v,v_ref_raw,v_ref,v_error,p_error,p_p,p_i,p_d,position_saturated,position_anti_windup,position_integral,pitch,pitch_rate,theta_eq,theta_ref,theta_error,theta_dot_ref,theta_dot_error,v_p,v_i,v_d,theta_p,theta_d,rate_p,rate_d,u_raw,u_rate_limited,u_clamped,tau_left,tau_right,is_saturated,is_rate_limited,control_enabled,force_active,force_value,kp_position,ki_position,kd_position,v_ref_limit,kp_v,ki_v,kd_v,kp_theta,kd_theta,kp_rate,kd_rate,rate_limit_u,total_torque_max,wheel_torque_max
0.122000,0.360000,0.500000,-0.000000,0.000000,-0.000000,0,0,0,0.000000,0.000000,0.000000,-0.000000,0.000000,0.000000,0.000000,0.000000,0,0,0.000000,-0.009298,-0.123054,0.061667,0.061667,0.070966,0.413999,0.537053,-0.000000,-0.000000,-0.000000,0.400956,0.013044,11.063296,2.309329,13.372625,13.372625,13.372625,6.686312,6.686312,0,0,1,0,0.000000,0.350000,0.000000,0.300000,0.400000,0.083000,0.008000,0.001000,5.650000,0.106000,20.600000,0.021500,0.000000,20.000000,10.000000
0.127000,0.360000,0.500000,0.000000,0.000000,0.000000,0,0,0,0.000000,0.000000,0.000000,-0.000000,0.000000,0.000000,0.000000,0.000000,0,0,0.000000,-0.009298,-0.123054,0.061667,0.061667,0.070966,0.413999,0.537053,-0.000000,-0.000000,-0.000000,0.400956,0.013044,11.063296,0.000000,11.063296,11.063296,11.063296,5.531648,5.531648,0,0,1,0,0.000000,0.350000,0.000000,0.300000,0.400000,0.083000,0.008000,0.001000,5.650000,0.106000,20.600000,0.021500,0.000000,20.000000,10.000000
0.131000,0.360000,0.500000,0.000000,0.000000,0.000000,0,0,0,0.000000,0.000000,0.000000,-0.000000,0.000000,0.000000,0.000000,0.000000,0,0,0.000000,-0.011275,-0.138705,0.061667,0.061667,0.072943,0.426829,0.565534,-0.000000,-0.000000,-0.000000,0.412126,0.014703,11.650004,0.153085,11.803090,11.803090,11.803090,5.901545,5.901545,0,0,1,0,0.000000,0.350000,0.000000,0.300000,0.400000,0.083000,0.008000,0.001000,5.650000,0.106000,20.600000,0.021500,0.000000,20.000000,10.000000
0.136000,0.360000,0.500000,0.000000,0.000000,0.000000,0,0,0,0.000000,0.000000,0.000000,-0.000000,0.000000,0.000000,0.000000,0.000000,0,0,0.000000,-0.011275,-0.138705,0.061667,0.061667,0.072943,0.426829,0.565534,-0.000000,-0.000000,-0.000000,0.412126,0.014703,11.650004,0.000000,11.650004,11.650004,11.650004,5.825002,5.825002,0,0,1,0,0.000000,0.350000,0.000000,0.300000,0.400000,0.083000,0.008000,0.001000,5.650000,0.106000,20.600000,0.021500,0.000000,20.000000,10.000000
0.141000,0.360000,0.500000,0.000000,0.000000,0.000000,0,0,0,0.000000,0.000000,0.000000,-0.000000,0.000000,0.000000,0.000000,0.000000,0,0,0.000000,-0.013425,-0.154698,0.061667,0.061667,0.075093,0.440672,0.595370,-0.000000,-0.000000,-0.000000,0.424274,0.016398,12.264622,0.128294,12.392916,12.392916,12.392916,6.196458,6.196458,0,0,1,0,0.000000,0.350000,0.000000,0.300000,0.400000,0.083000,0.008000,0.001000,5.650000,0.106000,20.600000,0.021500,0.000000,20.000000,10.000000
0.146000,0.360000,0.500000,0.000000,0.000000,0.000000,0,0,0,0.000000,0.000000,0.000000,-0.000000,0.000000,0.000000,0.000000,0.000000,0,0,0.000000,-0.013425,-0.154698,0.061667,0.061667,0.075093,0.440672,0.595370,-0.000000,-0.000000,-0.000000,0.424274,0.016398,12.264622,0.000000,12.264622,12.264622,12.264622,6.132311,6.132311,0,0,1,0,0.000000,0.350000,0.000000,0.300000,0.400000,0.083000,0.008000,0.001000,5.650000,0.106000,20.600000,0.021500,0.000000,20.000000,10.000000
0.151000,0.360000,0.500000,0.000000,0.000000,0.000000,0,0,0,0.000000,0.000000,0.000000,-0.000000,0.000000,0.000000,0.000000,0.000000,0,0,0.000000,-0.015752,-0.171041,0.061667,0.061667,0.077419,0.455549,0.626590,-0.000000,-0.000000,-0.000000,0.437419,0.018130,12.907759,0.134247,13.042006,13.042006,13.042006,6.521003,6.521003,0,0,1,0,0.000000,0.350000,0.000000,0.300000,0.400000,0.083000,0.008000,0.001000,5.650000,0.106000,20.600000,0.021500,0.000000,20.000000,10.000000
0.156000,0.360000,0.500000,0.000000,0.000000,0.000000,0,0,0,0.000000,0.000000,0.000000,-0.000000,0.000000,0.000000,0.000000,0.000000,0,0,0.000000,-0.015752,-0.171041,0.061667,0.061667,0.077419,0.455549,0.626590,-0.000000,-0.000000,-0.000000,0.437419,0.018130,12.907759,0.000000,12.907759,12.907759,12.907759,6.453879,6.453879,0,0,1,0,0.000000,0.350000,0.000000,0.300000,0.400000,0.083000,0.008000,0.001000,5.650000,0.106000,20.600000,0.021500,0.000000,20.000000,10.000000
0.161000,0.360000,0.500000,0.000000,0.000000,0.000000,0,0,0,0.000000,0.000000,0.000000,-0.000000,0.000000,0.000000,0.000000,0.000000,0,0,0.000000,-0.018259,-0.187746,0.061667,0.061667,0.079926,0.471485,0.659231,-0.000000,-0.000000,-0.000000,0.451584,0.019901,13.580159,0.140355,13.720514,13.720514,13.720514,6.860257,6.860257,0,0,1,0,0.000000,0.350000,0.000000,0.300000,0.400000,0.083000,0.008000,0.001000,5.650000,0.106000,20.600000,0.021500,0.000000,20.000000,10.000000
0.165000,0.360000,0.500000,0.000000,0.000000,0.000000,0,0,0,0.000000,0.000000,0.000000,-0.000000,0.000000,0.000000,0.000000,0.000000,0,0,0.000000,-0.018259,-0.187746,0.061667,0.061667,0.079926,0.471485,0.659231,-0.000000,-0.000000,-0.000000,0.451584,0.019901,13.580159,0.000000,13.580159,13.580159,13.580159,6.790079,6.790079,0,0,1,0,0.000000,0.350000,0.000000,0.300000,0.400000,0.083000,0.008000,0.001000,5.650000,0.106000,20.600000,0.021500,0.000000,20.000000,10.000000
0.170000,0.360000,0.500000,0.000000,0.000000,0.000000,0,0,0,0.000000,0.000000,0.000000,-0.000000,0.000000,0.000000,0.000000,0.000000,0,0,0.000000,-0.020951,-0.204828,0.061667,0.061667,0.082618,0.488506,0.693334,-0.000000,-0.000000,-0.000000,0.466794,0.021712,14.282684,0.146644,14.429328,14.429328,14.429328,7.214664,7.214664,0,0,1,0,0.000000,0.350000,0.000000,0.300000,0.400000,0.083000,0.008000,0.001000,5.650000,0.106000,20.600000,0.021500,0.000000,20.000000,10.000000
0.175000,0.360000,0.500000,0.000000,0.000000,0.000000,0,0,0,0.000000,0.000000,0.000000,-0.000000,0.000000,0.000000,0.000000,0.000000,0,0,0.000000,-0.020951,-0.204828,0.061667,0.061667,0.082618,0.488506,0.693334,-0.000000,-0.000000,-0.000000,0.466794,0.021712,14.282684,0.000000,14.282684,14.282684,14.282684,7.141342,7.141342,0,0,1,0,0.000000,0.350000,0.000000,0.300000,0.400000,0.083000,0.008000,0.001000,5.650000,0.106000,20.600000,0.021500,0.000000,20.000000,10.000000
0.180000,0.360000,0.500000,0.000000,0.000000,0.000000,0,0,0,0.000000,0.000000,0.000000,-0.000000,0.000000,0.000000,0.000000,0.000000,0,0,0.000000,-0.020951,-0.204828,0.061667,0.061667,0.082618,0.488506,0.693334,-0.000000,-0.000000,0.000000,0.466794,0.021712,14.282684,0.000000,14.282684,14.282684,14.282684,7.141342,7.141342,0,0,1,0,0.000000,0.350000,0.000000,0.300000,0.400000,0.083000,0.008000,0.001000,5.650000,0.106000,20.600000,0.021500,0.000000,20.000000,10.000000
0.185000,0.360000,0.500000,0.000000,0.000000,0.000000,0,0,0,0.000000,0.000000,0.000000,-0.000000,0.000000,0.000000,0.000000,0.000000,0,0,0.000000,-0.023833,-0.222304,0.061667,0.061667,0.085500,0.506638,0.728942,-0.000000,-0.000000,-0.000000,0.483074,0.023564,15.016213,0.153115,15.169328,15.169328,15.169328,7.584664,7.584664,0,0,1,0,0.000000,0.350000,0.000000,0.300000,0.400000,0.083000,0.008000,0.001000,5.650000,0.106000,20.600000,0.021500,0.000000,20.000000,10.000000
0.190000,0.360000,0.500000,0.000000,0.000000,0.000000,0,0,0,0.000000,0.000000,0.000000,-0.000000,0.000000,0.000000,0.000000,0.000000,0,0,0.000000,-0.023833,-0.222304,0.061667,0.061667,0.085500,0.506638,0.728942,-0.000000,-0.000000,-0.000000,0.483074,0.023564,15.016213,0.000000,15.016213,15.016213,15.016213,7.508107,7.508107,0,0,1,0,0.000000,0.350000,0.000000,0.300000,0.400000,0.083000,0.008000,0.001000,5.650000,0.106000,20.600000,0.021500,0.000000,20.000000,10.000000
0.194000,0.360000,0.500000,0.000000,0.000000,0.000000,0,0,0,0.000000,0.000000,0.000000,-0.000000,0.000000,0.000000,0.000000,0.000000,0,0,0.000000,-0.026908,-0.240195,0.061667,0.061667,0.088576,0.525913,0.766108,-0.000000,-0.000000,-0.000000,0.500452,0.025461,15.781827,0.199766,15.981592,15.981592,15.981592,7.990796,7.990796,0,0,1,0,0.000000,0.350000,0.000000,0.300000,0.400000,0.083000,0.008000,0.001000,5.650000,0.106000,20.600000,0.021500,0.000000,20.000000,10.000000
0.199000,0.360000,0.500000,0.000000,0.000000,0.000000,0,0,0,0.000000,0.000000,0.000000,-0.000000,0.000000,0.000000,0.000000,0.000000,0,0,0.000000,-0.026908,-0.240195,0.061667,0.061667,0.088576,0.525913,0.766108,-0.000000,-0.000000,-0.000000,0.500452,0.025461,15.781827,0.000000,15.781827,15.781827,15.781827,7.890913,7.890913,0,0,1,0,0.000000,0.350000,0.000000,0.300000,0.400000,0.083000,0.008000,0.001000,5.650000,0.106000,20.600000,0.021500,0.000000,20.000000,10.000000
0.204000,0.360000,0.500000,0.000000,0.000000,0.000000,0,0,0,0.000000,0.000000,0.000000,-0.000000,0.000000,0.000000,0.000000,0.000000,0,0,0.000000,-0.030184,-0.258527,0.061667,0.061667,0.091851,0.546362,0.804889,-0.000000,-0.000000,-0.000000,0.518958,0.027404,16.580705,0.166756,16.747461,16.747461,16.747461,8.373731,8.373731,0,0,1,0,0.000000,0.350000,0.000000,0.300000,0.400000,0.083000,0.008000,0.001000,5.650000,0.106000,20.600000,0.021500,0.000000,20.000000,10.000000
0.209000,0.360000,0.500000,0.000000,0.000000,0.000000,0,0,0,0.000000,0.000000,0.000000,-0.000000,0.000000,0.000000,0.000000,0.000000,0,0,0.000000,-0.030184,-0.258527,0.061667,0.061667,0.091851,0.546362,0.804889,-0.000000,-0.000000,-0.000000,0.518958,0.027404,16.580705,0.000000,16.580705,16.580705,16.580705,8.290352,8.290352,0,0,1,0,0.000000,0.350000,0.000000,0.300000,0.400000,0.083000,0.008000,0.001000,5.650000,0.106000,20.600000,0.021500,0.000000,20.000000,10.000000
0.214000,0.360000,0.500000,0.000000,0.000000,0.000000,0,0,0,0.000000,0.000000,0.000000,-0.000000,0.000000,0.000000,0.000000,0.000000,0,0,0.000000,-0.033664,-0.277325,0.061667,0.061667,0.095332,0.568020,0.845345,-0.000000,-0.000000,-0.000000,0.538624,0.029396,17.414112,0.173964,17.588075,17.588075,17.588075,8.794038,8.794038,0,0,1,0,0.000000,0.350000,0.000000,0.300000,0.400000,0.083000,0.008000,0.001000,5.650000,0.106000,20.600000,0.021500,0.000000,20.000000,10.000000
0.219000,0.360000,0.500000,0.000000,0.000000,0.000000,0,0,0,0.000000,0.000000,0.000000,-0.000000,0.000000,0.000000,0.000000,0.000000,0,0,0.000000,-0.033664,-0.277325,0.061667,0.061667,0.095332,0.568020,0.845345,-0.000000,-0.000000,-0.000000,0.538624,0.029396,17.414112,0.000000,17.414112,17.414112,17.414112,8.707056,8.707056,0,0,1,0,0.000000,0.350000,0.000000,0.300000,0.400000,0.083000,0.008000,0.001000,5.650000,0.106000,20.600000,0.021500,0.000000,20.000000,10.000000
0.224000,0.360000,0.500000,0.000000,0.000000,0.000000,0,0,0,0.000000,0.000000,0.000000,-0.000000,0.000000,0.000000,0.000000,0.000000,0,0,0.000000,-0.037356,-0.296619,0.061667,0.061667,0.099023,0.590924,0.887543,-0.000000,-0.000000,-0.000000,0.559483,0.031442,18.283391,0.181452,18.464843,18.464843,18.464843,9.232422,9.232422,0,0,1,0,0.000000,0.350000,0.000000,0.300000,0.400000,0.083000,0.008000,0.001000,5.650000,0.106000,20.600000,0.021500,0.000000,20.000000,10.000000
0.229000,0.360000,0.500000,0.000000,0.000000,0.000000,0,0,0,0.000000,0.000000,0.000000,-0.000000,0.000000,0.000000,0.000000,0.000000,0,0,0.000000,-0.037356,-0.296619,0.061667,0.061667,0.099023,0.590924,0.887543,-0.000000,-0.000000,-0.000000,0.559483,0.031442,18.283391,0.000000,18.283391,18.283391,18.283391,9.141696,9.141696,0,0,1,0,0.000000,0.350000,0.000000,0.300000,0.400000,0.083000,0.008000,0.001000,5.650000,0.106000,20.600000,0.021500,0.000000,20.000000,10.000000
0.233000,0.360000,0.500000,0.000000,0.000000,0.000000,0,0,0,0.000000,0.000000,0.000000,-0.000000,0.000000,0.000000,0.000000,0.000000,0,0,0.000000,-0.041266,-0.316438,0.061667,0.061667,0.102933,0.615114,0.931552,-0.000000,-0.000000,-0.000000,0.581571,0.033542,19.189968,0.236546,19.426514,19.426514,19.426514,9.713257,9.713257,0,0,1,0,0.000000,0.350000,0.000000,0.300000,0.400000,0.083000,0.008000,0.001000,5.650000,0.106000,20.600000,0.021500,0.000000,20.000000,10.000000
0.238000,0.360000,0.500000,0.000000,0.000000,0.000000,0,0,0,0.000000,0.000000,0.000000,-0.000000,0.000000,0.000000,0.000000,0.000000,0,0,0.000000,-0.041266,-0.316438,0.061667,0.061667,0.102933,0.615114,0.931552,-0.000000,-0.000000,-0.000000,0.581571,0.033542,19.189968,0.000000,19.189968,19.189968,19.189968,9.594984,9.594984,0,0,1,0,0.000000,0.350000,0.000000,0.300000,0.400000,0.083000,0.008000,0.001000,5.650000,0.106000,20.600000,0.021500,0.000000,20.000000,10.000000
0.243000,0.360000,0.500000,0.000000,0.000000,0.000000,0,0,0,0.000000,0.000000,0.000000,-0.000000,0.000000,0.000000,0.000000,0.000000,0,0,0.000000,-0.045400,-0.336814,0.061667,0.061667,0.107067,0.640630,0.977444,-0.000000,-0.000000,-0.000000,0.604927,0.035702,20.135344,0.197336,20.332679,20.332679,20.000000,10.000000,10.000000,1,0,1,0,0.000000,0.350000,0.000000,0.300000,0.400000,0.083000,0.008000,0.001000,5.650000,0.106000,20.600000,0.021500,0.000000,20.000000,10.000000
0.248000,0.360000,0.500000,0.000000,0.000000,0.000000,0,0,0,0.000000,0.000000,0.000000,-0.000000,0.000000,0.000000,0.000000,0.000000,0,0,0.000000,-0.045400,-0.336814,0.061667,0.061667,0.107067,0.640630,0.977444,-0.000000,-0.000000,-0.000000,0.604927,0.035702,20.135344,0.000000,20.135344,20.135344,20.000000,10.000000,10.000000,1,0,1,0,0.000000,0.350000,0.000000,0.300000,0.400000,0.083000,0.008000,0.001000,5.650000,0.106000,20.600000,0.021500,0.000000,20.000000,10.000000
0.253000,0.360000,0.500000,0.000000,0.000000,0.000000,0,0,0,0.000000,0.000000,0.000000,-0.000000,0.000000,0.000000,0.000000,0.000000,0,0,0.000000,-0.049765,-0.357780,0.061667,0.061667,0.111432,0.667516,1.025296,-0.000000,-0.000000,-0.000000,0.629592,0.037925,21.121100,0.205765,21.326864,21.326864,20.000000,10.000000,10.000000,1,0,1,0,0.000000,0.350000,0.000000,0.300000,0.400000,0.083000,0.008000,0.001000,5.650000,0.106000,20.600000,0.021500,0.000000,20.000000,10.000000
0.258000,0.360000,0.500000,0.000000,0.000000,0.000000,0,0,0,0.000000,0.000000,0.000000,-0.000000,0.000000,0.000000,0.000000,0.000000,0,0,0.000000,-0.049765,-0.357780,0.061667,0.061667,0.111432,0.667516,1.025296,-0.000000,-0.000000,-0.000000,0.629592,0.037925,21.121100,0.000000,21.121100,21.121100,20.000000,10.000000,10.000000,1,0,1,0,0.000000,0.350000,0.000000,0.300000,0.400000,0.083000,0.008000,0.001000,5.650000,0.106000,20.600000,0.021500,0.000000,20.000000,10.000000
0.263000,0.360000,0.500000,0.000000,0.000000,0.000000,0,0,0,0.000000,0.000000,0.000000,-0.000000,0.000000,0.000000,0.000000,0.000000,0,0,0.000000,-0.054369,-0.379370,0.061667,0.061667,0.116036,0.695819,1.075189,-0.000000,-0.000000,-0.000000,0.655606,0.040213,22.148896,0.214540,22.363437,22.363437,20.000000,10.000000,10.000000,1,0,1,0,0.000000,0.350000,0.000000,0.300000,0.400000,0.083000,0.008000,0.001000,5.650000,0.106000,20.600000,0.021500,0.000000,20.000000,10.000000
0.268000,0.360000,0.500000,0.000000,0.000000,0.000000,0,0,0,0.000000,0.000000,0.000000,-0.000000,0.000000,0.000000,0.000000,0.000000,0,0,0.000000,-0.054369,-0.379370,0.061667,0.061667,0.116036,0.695819,1.075189,-0.000000,-0.000000,-0.000000,0.655606,0.040213,22.148896,0.000000,22.148896,22.148896,20.000000,10.000000,10.000000,1,0,1,0,0.000000,0.350000,0.000000,0.300000,0.400000,0.083000,0.008000,0.001000,5.650000,0.106000,20.600000,0.021500,0.000000,20.000000,10.000000
0.273000,0.360000,0.500000,0.000000,0.000000,0.000000,0,0,0,0.000000,0.000000,0.000000,-0.000000,0.000000,0.000000,0.000000,0.000000,0,0,0.000000,-0.059221,-0.401620,0.061667,0.061667,0.120888,0.725587,1.127208,-0.000000,-0.000000,-0.000000,0.683016,0.042572,23.220475,0.223679,23.444154,23.444154,20.000000,10.000000,10.000000,1,0,1,0,0.000000,0.350000,0.000000,0.300000,0.400000,0.083000,0.008000,0.001000,5.650000,0.106000,20.600000,0.021500,0.000000,20.000000,10.000000
0.278000,0.360000,0.500000,0.000000,0.000000,0.000000,0,0,0,0.000000,0.000000,0.000000,-0.000000,0.000000,0.000000,0.000000,0.000000,0,0,0.000000,-0.059221,-0.401620,0.061667,0.061667,0.120888,0.725587,1.127208,-0.000000,-0.000000,-0.000000,0.683016,0.042572,23.220475,-0.000000,23.220475,23.220475,20.000000,10.000000,10.000000,1,0,1,0,0.000000,0.350000,0.000000,0.300000,0.400000,0.083000,0.008000,0.001000,5.650000,0.106000,20.600000,0.021500,0.000000,20.000000,10.000000
0.282000,0.360000,0.500000,0.000000,0.000000,0.000000,0,0,0,0.000000,0.000000,0.000000,-0.000000,0.000000,0.000000,0.000000,0.000000,0,0,0.000000,-0.050390,0.074571,0.061667,0.061667,0.112057,0.625218,0.550647,-0.000000,-0.000000,0.000000,0.633122,-0.007905,11.343325,-3.099014,8.244311,8.244311,8.244311,4.122156,4.122156,0,0,1,0,0.000000,0.350000,0.000000,0.300000,0.400000,0.083000,0.008000,0.001000,5.650000,0.106000,20.600000,0.021500,0.000000,20.000000,10.000000
0.287000,0.360000,0.500000,0.000000,0.000000,0.000000,0,0,0,0.000000,0.000000,0.000000,-0.000000,0.000000,0.000000,0.000000,0.000000,0,0,0.000000,-0.050390,0.074571,0.061667,0.061667,0.112057,0.625218,0.550647,-0.000000,-0.000000,0.000000,0.633122,-0.007905,11.343325,0.000000,11.343325,11.343325,11.343325,5.671662,5.671662,0,0,1,0,0.000000,0.350000,0.000000,0.300000,0.400000,0.083000,0.008000,0.001000,5.650000,0.106000,20.600000,0.021500,0.000000,20.000000,10.000000
0.292000,0.360000,0.500000,0.000000,0.000000,0.000000,0,0,0,0.000000,0.000000,0.000000,-0.000000,0.000000,0.000000,0.000000,0.000000,0,0,0.000000,-0.042725,0.046369,0.061667,0.061667,0.104392,0.584901,0.538532,-0.000000,-0.000000,0.000000,0.589816,-0.004915,11.093758,-0.052094,11.041664,11.041664,11.041664,5.520832,5.520832,0,0,1,0,0.000000,0.350000,0.000000,0.300000,0.400000,0.083000,0.008000,0.001000,5.650000,0.106000,20.600000,0.021500,0.000000,20.000000,10.000000
0.297000,0.360000,0.500000,0.000000,0.000000,0.000000,0,0,0,0.000000,0.000000,0.000000,-0.000000,0.000000,0.000000,0.000000,0.000000,0,0,0.000000,-0.042725,0.046369,0.061667,0.061667,0.104392,0.584901,0.538532,-0.000000,-0.000000,0.000000,0.589816,-0.004915,11.093758,0.000000,11.093758,11.093758,11.093758,5.546879,5.546879,0,0,1,0,0.000000,0.350000,0.000000,0.300000,0.400000,0.083000,0.008000,0.001000,5.650000,0.106000,20.600000,0.021500,0.000000,20.000000,10.000000
0.302000,0.360000,0.500000,0.000000,0.000000,0.000000,0,0,0,0.000000,0.000000,0.000000,-0.000000,0.000000,0.000000,0.000000,0.000000,0,0,0.000000,-0.054534,-0.258596,0.061667,0.061667,0.116201,0.683947,0.942542,-0.000000,-0.000000,-0.000000,0.656536,0.027411,19.416372,1.737245,21.153617,21.153617,20.000000,10.000000,10.000000,1,0,1,0,0.000000,0.350000,0.000000,0.300000,0.400000,0.083000,0.008000,0.001000,5.650000,0.106000,20.600000,0.021500,0.000000,20.000000,10.000000
0.307000,0.360000,0.500000,0.000000,0.000000,0.000000,0,0,0,0.000000,0.000000,0.000000,-0.000000,0.000000,0.000000,0.000000,0.000000,0,0,0.000000,-0.054534,-0.258596,0.061667,0.061667,0.116201,0.683947,0.942542,-0.000000,-0.000000,0.000000,0.656536,0.027411,19.416372,0.000000,19.416372,19.416372,19.416372,9.708186,9.708186,0,0,1,0,0.000000,0.350000,0.000000,0.300000,0.400000,0.083000,0.008000,0.001000,5.650000,0.106000,20.600000,0.021500,0.000000,20.000000,10.000000
0.312000,0.360000,0.500000,0.000000,0.000000,0.000000,0,0,0,0.000000,0.000000,0.000000,-0.000000,0.000000,0.000000,0.000000,0.000000,0,0,0.000000,-0.069605,-0.488783,0.061667,0.061667,0.131272,0.793499,1.282282,-0.000000,-0.000000,0.000000,0.741688,0.051811,26.415017,1.460882,27.875899,27.875899,20.000000,10.000000,10.000000,1,0,1,0,0.000000,0.350000,0.000000,0.300000,0.400000,0.083000,0.008000,0.001000,5.650000,0.106000,20.600000,0.021500,0.000000,20.000000,10.000000
0.317000,0.360000,0.500000,0.000000,0.000000,0.000000,0,0,0,0.000000,0.000000,0.000000,-0.000000,0.000000,0.000000,0.000000,0.000000,0,0,0.000000,-0.069605,-0.488783,0.061667,0.061667,0.131272,0.793499,1.282282,-0.000000,-0.000000,0.000000,0.741688,0.051811,26.415017,0.000000,26.415017,26.415017,20.000000,10.000000,10.000000,1,0,1,0,0.000000,0.350000,0.000000,0.300000,0.400000,0.083000,0.008000,0.001000,5.650000,0.106000,20.600000,0.021500,0.000000,20.000000,10.000000
0.322000,0.360000,0.500000,0.000000,0.000000,0.000000,0,0,0,0.000000,0.000000,0.000000,-0.000000,0.000000,0.000000,0.000000,0.000000,0,0,0.000000,-0.083936,-0.663110,0.061667,0.061667,0.145603,0.892946,1.556056,-0.000000,-0.000000,0.000000,0.822657,0.070290,32.054754,1.177227,33.231981,33.231981,20.000000,10.000000,10.000000,1,0,1,0,0.000000,0.350000,0.000000,0.300000,0.400000,0.083000,0.008000,0.001000,5.650000,0.106000,20.600000,0.021500,0.000000,20.000000,10.000000
0.327000,0.360000,0.500000,0.000000,0.000000,0.000000,0,0,0,0.000000,0.000000,0.000000,-0.000000,0.000000,0.000000,0.000000,0.000000,0,0,0.000000,-0.083936,-0.663110,0.061667,0.061667,0.145603,0.892946,1.556056,-0.000000,-0.000000,0.000000,0.822657,0.070290,32.054754,0.000000,32.054754,32.054754,20.000000,10.000000,10.000000,1,0,1,0,0.000000,0.350000,0.000000,0.300000,0.400000,0.083000,0.008000,0.001000,5.650000,0.106000,20.600000,0.021500,0.000000,20.000000,10.000000
0.332000,0.360000,0.500000,0.000000,0.000000,0.000000,0,0,0,0.000000,0.000000,0.000000,-0.000000,0.000000,0.000000,0.000000,0.000000,0,0,0.000000,-0.097733,-0.795522,0.061667,0.061667,0.159401,0.984939,1.780461,-0.000000,-0.000000,0.000000,0.900614,0.084325,36.677491,0.964940,37.642431,37.642431,20.000000,10.000000,10.000000,1,0,1,0,0.000000,0.350000,0.000000,0.300000,0.400000,0.083000,0.008000,0.001000,5.650000,0.106000,20.600000,0.021500,0.000000,20.000000,10.000000
0.337000,0.360000,0.500000,0.000000,0.000000,0.000000,0,0,0,0.000000,0.000000,0.000000,-0.000000,0.000000,0.000000,0.000000,0.000000,0,0,0.000000,-0.097733,-0.795522,0.061667,0.061667,0.159401,0.984939,1.780461,-0.000000,-0.000000,0.000000,0.900614,0.084325,36.677491,0.000000,36.677491,36.677491,20.000000,10.000000,10.000000,1,0,1,0,0.000000,0.350000,0.000000,0.300000,0.400000,0.083000,0.008000,0.001000,5.650000,0.106000,20.600000,0.021500,0.000000,20.000000,10.000000
0.341000,0.360000,0.500000,0.000000,0.000000,0.000000,0,0,0,0.000000,0.000000,0.000000,-0.000000,0.000000,0.000000,0.000000,0.000000,0,0,0.000000,-0.111140,-0.896288,0.061667,0.061667,0.172807,1.071368,1.967656,-0.000000,-0.000000,0.000000,0.976362,0.095007,40.533713,1.006175,41.539888,41.539888,20.000000,10.000000,10.000000,1,0,1,0,0.000000,0.350000,0.000000,0.300000,0.400000,0.083000,0.008000,0.001000,5.650000,0.106000,20.600000,0.021500,0.000000,20.000000,10.000000
0.346000,0.360000,0.500000,0.000000,0.000000,0.000000,0,0,0,0.000000,0.000000,0.000000,-0.000000,0.000000,0.000000,0.000000,0.000000,0,0,0.000000,-0.111140,-0.896288,0.061667,0.061667,0.172807,1.071368,1.967656,-0.000000,-0.000000,0.000000,0.976362,0.095007,40.533713,0.000000,40.533713,40.533713,20.000000,10.000000,10.000000,1,0,1,0,0.000000,0.350000,0.000000,0.300000,0.400000,0.083000,0.008000,0.001000,5.650000,0.106000,20.600000,0.021500,0.000000,20.000000,10.000000
0.351000,0.360000,0.500000,0.000000,0.000000,0.000000,0,0,0,0.000000,0.000000,0.000000,-0.000000,0.000000,0.000000,0.000000,0.000000,0,0,0.000000,-0.124255,-0.973048,0.061667,0.061667,0.185923,1.153606,2.126655,-0.000000,-0.000000,0.000000,1.050463,0.103143,43.809089,0.683695,44.492784,44.492784,20.000000,10.000000,10.000000,1,0,1,0,0.000000,0.350000,0.000000,0.300000,0.400000,0.083000,0.008000,0.001000,5.650000,0.106000,20.600000,0.021500,0.000000,20.000000,10.000000
0.356000,0.360000,0.500000,0.000000,0.000000,0.000000,0,0,0,0.000000,0.000000,0.000000,-0.000000,0.000000,0.000000,0.000000,0.000000,0,0,0.000000,-0.124255,-0.973048,0.061667,0.061667,0.185923,1.153606,2.126655,-0.000000,-0.000000,0.000000,1.050463,0.103143,43.809089,0.000000,43.809089,43.809089,20.000000,10.000000,10.000000,1,0,1,0,0.000000,0.350000,0.000000,0.300000,0.400000,0.083000,0.008000,0.001000,5.650000,0.106000,20.600000,0.021500,0.000000,20.000000,10.000000
0.361000,0.360000,0.500000,0.000000,0.000000,0.000000,0,0,0,0.000000,0.000000,0.000000,-0.000000,0.000000,0.000000,0.000000,0.000000,0,0,0.000000,-0.137151,-1.031536,0.061667,0.061667,0.198818,1.232664,2.264200,-0.000000,-0.000000,0.000000,1.123321,0.109343,46.642523,0.591445,47.233968,47.233968,20.000000,10.000000,10.000000,1,0,1,0,0.000000,0.350000,0.000000,0.300000,0.400000,0.083000,0.008000,0.001000,5.650000,0.106000,20.600000,0.021500,0.000000,20.000000,10.000000
0.366000,0.360000,0.500000,0.000000,0.000000,0.000000,0,0,0,0.000000,0.000000,0.000000,-0.000000,0.000000,0.000000,0.000000,0.000000,0,0,0.000000,-0.137151,-1.031536,0.061667,0.061667,0.198818,1.232664,2.264200,-0.000000,-0.000000,0.000000,1.123321,0.109343,46.642523,0.000000,46.642523,46.642523,20.000000,10.000000,10.000000,1,0,1,0,0.000000,0.350000,0.000000,0.300000,0.400000,0.083000,0.008000,0.001000,5.650000,0.106000,20.600000,0.021500,0.000000,20.000000,10.000000
0.371000,0.360000,0.500000,0.000000,0.000000,0.000000,0,0,0,0.000000,0.000000,0.000000,-0.000000,0.000000,0.000000,0.000000,0.000000,0,0,0.000000,-0.149877,-1.076082,0.061667,0.061667,0.211545,1.309292,2.385374,-0.000000,-0.000000,0.000000,1.195228,0.114065,49.138706,0.521048,49.659754,49.659754,20.000000,10.000000,10.000000,1,0,1,0,0.000000,0.350000,0.000000,0.300000,0.400000,0.083000,0.008000,0.001000,5.650000,0.106000,20.600000,0.021500,0.000000,20.000000,10.000000
0.376000,0.360000,0.500000,0.000000,0.000000,0.000000,0,0,0,0.000000,0.000000,0.000000,-0.000000,0.000000,0.000000,0.000000,0.000000,0,0,0.000000,-0.149877,-1.076082,0.061667,0.061667,0.211545,1.309292,2.385374,-0.000000,-0.000000,0.000000,1.195228,0.114065,49.138706,0.000000,49.138706,49.138706,20.000000,10.000000,10.000000,1,0,1,0,0.000000,0.350000,0.000000,0.300000,0.400000,0.083000,0.008000,0.001000,5.650000,0.106000,20.600000,0.021500,0.000000,20.000000,10.000000
0.381000,0.360000,0.500000,0.000000,0.000000,0.000000,0,0,0,0.000000,0.000000,0.000000,-0.000000,0.000000,0.000000,0.000000,0.000000,0,0,0.000000,-0.162474,-1.109972,0.061667,0.061667,0.224142,1.384057,2.494029,-0.000000,-0.000000,0.000000,1.266400,0.117657,51.376998,0.467216,51.844214,51.844214,20.000000,10.000000,10.000000,1,0,1,0,0.000000,0.350000,0.000000,0.300000,0.400000,0.083000,0.008000,0.001000,5.650000,0.106000,20.600000,0.021500,0.000000,20.000000,10.000000
0.386000,0.360000,0.500000,0.000000,0.000000,0.000000,0,0,0,0.000000,0.000000,0.000000,-0.000000,0.000000,0.000000,0.000000,0.000000,0,0,0.000000,-0.162474,-1.109972,0.061667,0.061667,0.224142,1.384057,2.494029,-0.000000,-0.000000,0.000000,1.266400,0.117657,51.376998,0.000000,51.376998,51.376998,20.000000,10.000000,10.000000,1,0,1,0,0.000000,0.350000,0.000000,0.300000,0.400000,0.083000,0.008000,0.001000,5.650000,0.106000,20.600000,0.021500,0.000000,20.000000,10.000000
0.391000,0.360000,0.500000,0.000000,0.000000,0.000000,0,0,0,0.000000,0.000000,0.000000,-0.000000,0.000000,0.000000,0.000000,0.000000,0,0,0.000000,-0.174970,-1.135713,0.061667,0.061667,0.236637,1.457386,2.593098,-0.000000,-0.000000,0.000000,1.337000,0.120386,53.417829,0.425999,53.843828,53.843828,20.000000,10.000000,10.000000,1,0,1,0,0.000000,0.350000,0.000000,0.300000,0.400000,0.083000,0.008000,0.001000,5.650000,0.106000,20.600000,0.021500,0.000000,20.000000,10.000000
0.396000,0.360000,0.500000,0.000000,0.000000,0.000000,0,0,0,0.000000,0.000000,0.000000,-0.000000,0.000000,0.000000,0.000000,0.000000,0,0,0.000000,-0.174970,-1.135713,0.061667,0.061667,0.236637,1.457386,2.593098,-0.000000,-0.000000,0.000000,1.337000,0.120386,53.417829,0.000000,53.417829,53.417829,20.000000,10.000000,10.000000,1,0,1,0,0.000000,0.350000,0.000000,0.300000,0.400000,0.083000,0.008000,0.001000,5.650000,0.106000,20.600000,0.021500,0.000000,20.000000,10.000000
0.401000,0.360000,0.500000,0.000000,0.000000,0.000000,0,0,0,0.000000,0.000000,0.000000,-0.000000,0.000000,0.000000,0.000000,0.000000,0,0,0.000000,-0.187386,-1.155218,0.061667,0.061667,0.249054,1.529606,2.684824,-0.000000,-0.000000,0.000000,1.407152,0.122453,55.307374,0.394420,55.701794,55.701794,20.000000,10.000000,10.000000,1,0,1,0,0.000000,0.350000,0.000000,0.300000,0.400000,0.083000,0.008000,0.001000,5.650000,0.106000,20.600000,0.021500,0.000000,20.000000,10.000000
0.406000,0.360000,0.500000,0.000000,0.000000,0.000000,0,0,0,0.000000,0.000000,0.000000,-0.000000,0.000000,0.000000,0.000000,0.000000,0,0,0.000000,-0.187386,-1.155218,0.061667,0.061667,0.249054,1.529606,2.684824,-0.000000,-0.000000,0.000000,1.407152,0.122453,55.307374,0.000000,55.307374,55.307374,20.000000,10.000000,10.000000,1,0,1,0,0.000000,0.350000,0.000000,0.300000,0.400000,0.083000,0.008000,0.001000,5.650000,0.106000,20.600000,0.021500,0.000000,20.000000,10.000000
0.411000,0.360000,0.500000,0.000000,0.000000,0.000000,0,0,0,0.000000,0.000000,0.000000,-0.000000,0.000000,0.000000,0.000000,0.000000,0,0,0.000000,-0.199740,-1.169956,0.061667,0.061667,0.261407,1.600966,2.770923,-0.000000,-0.000000,0.000000,1.476951,0.124015,57.081006,0.370224,57.451230,57.451230,20.000000,10.000000,10.000000,1,0,1,0,0.000000,0.350000,0.000000,0.300000,0.400000,0.083000,0.008000,0.001000,5.650000,0.106000,20.600000,0.021500,0.000000,20.000000,10.000000
0.416000,0.360000,0.500000,0.000000,0.000000,0.000000,0,0,0,0.000000,0.000000,0.000000,-0.000000,0.000000,0.000000,0.000000,0.000000,0,0,0.000000,-0.199740,-1.169956,0.061667,0.061667,0.261407,1.600966,2.770923,-0.000000,-0.000000,0.000000,1.476951,0.124015,57.081006,0.000000,57.081006,57.081006,20.000000,10.000000,10.000000,1,0,1,0,0.000000,0.350000,0.000000,0.300000,0.400000,0.083000,0.008000,0.001000,5.650000,0.106000,20.600000,0.021500,0.000000,20.000000,10.000000
0.420000,0.360000,0.500000,0.000000,0.000000,0.000000,0,0,0,0.000000,0.000000,0.000000,-0.000000,0.000000,0.000000,0.000000,0.000000,0,0,0.000000,-0.212044,-1.181051,0.061667,0.061667,0.273711,1.671661,2.852712,-0.000000,-0.000000,0.000000,1.546469,0.125191,58.765868,0.439618,59.205486,59.205486,20.000000,10.000000,10.000000,1,0,1,0,0.000000,0.350000,0.000000,0.300000,0.400000,0.083000,0.008000,0.001000,5.650000,0.106000,20.600000,0.021500,0.000000,20.000000,10.000000
0.425000,0.360000,0.500000,0.000000,0.000000,0.000000,0,0,0,0.000000,0.000000,0.000000,-0.000000,0.000000,0.000000,0.000000,0.000000,0,0,0.000000,-0.212044,-1.181051,0.061667,0.061667,0.273711,1.671661,2.852712,-0.000000,-0.000000,0.000000,1.546469,0.125191,58.765868,0.000000,58.765868,58.765868,20.000000,10.000000,10.000000,1,0,1,0,0.000000,0.350000,0.000000,0.300000,0.400000,0.083000,0.008000,0.001000,5.650000,0.106000,20.600000,0.021500,0.000000,20.000000,10.000000
0.430000,0.360000,0.500000,0.000000,0.000000,0.000000,0,0,0,0.000000,0.000000,0.000000,-0.000000,0.000000,0.000000,0.000000,0.000000,0,0,0.000000,-0.224309,-1.189367,0.061667,0.061667,0.285976,1.741838,2.931205,-0.000000,-0.000000,0.000000,1.615765,0.126073,60.382815,0.337518,60.720333,60.720333,20.000000,10.000000,10.000000,1,0,1,0,0.000000,0.350000,0.000000,0.300000,0.400000,0.083000,0.008000,0.001000,5.650000,0.106000,20.600000,0.021500,0.000000,20.000000,10.000000
0.435000,0.360000,0.500000,0.000000,0.000000,0.000000,0,0,0,0.000000,0.000000,0.000000,-0.000000,0.000000,0.000000,0.000000,0.000000,0,0,0.000000,-0.224309,-1.189367,0.061667,0.061667,0.285976,1.741838,2.931205,-0.000000,-0.000000,0.000000,1.615765,0.126073,60.382815,0.000000,60.382815,60.382815,20.000000,10.000000,10.000000,1,0,1,0,0.000000,0.350000,0.000000,0.300000,0.400000,0.083000,0.008000,0.001000,5.650000,0.106000,20.600000,0.021500,0.000000,20.000000,10.000000
0.440000,0.360000,0.500000,0.000000,0.000000,0.000000,0,0,0,0.000000,0.000000,0.000000,-0.000000,0.000000,0.000000,0.000000,0.000000,0,0,0.000000,-0.236542,-1.195566,0.061667,0.061667,0.298209,1.811612,3.007179,-0.000000,-0.000000,0.000000,1.684882,0.126730,61.947879,0.326688,62.274567,62.274567,20.000000,10.000000,10.000000,1,0,1,0,0.000000,0.350000,0.000000,0.300000,0.400000,0.083000,0.008000,0.001000,5.650000,0.106000,20.600000,0.021500,0.000000,20.000000,10.000000
0.445000,0.360000,0.500000,0.000000,0.000000,0.000000,0,0,0,0.000000,0.000000,0.000000,-0.000000,0.000000,0.000000,0.000000,0.000000,0,0,0.000000,-0.236542,-1.195566,0.061667,0.061667,0.298209,1.811612,3.007179,-0.000000,-0.000000,0.000000,1.684882,0.126730,61.947879,0.000000,61.947879,61.947879,20.000000,10.000000,10.000000,1,0,1,0,0.000000,0.350000,0.000000,0.300000,0.400000,0.083000,0.008000,0.001000,5.650000,0.106000,20.600000,0.021500,0.000000,20.000000,10.000000
0.450000,0.360000,0.500000,0.000000,0.000000,0.000000,0,0,0,0.000000,0.000000,0.000000,-0.000000,0.000000,0.000000,0.000000,0.000000,0,0,0.000000,-0.248750,-1.200158,0.061667,0.061667,0.310417,1.881074,3.081232,-0.000000,-0.000000,0.000000,1.753857,0.127217,63.473383,0.318430,63.791813,63.791813,20.000000,10.000000,10.000000,1,0,1,0,0.000000,0.350000,0.000000,0.300000,0.400000,0.083000,0.008000,0.001000,5.650000,0.106000,20.600000,0.021500,0.000000,20.000000,10.000000
0.455000,0.360000,0.500000,0.000000,0.000000,0.000000,0,0,0,0.000000,0.000000,0.000000,-0.000000,0.000000,0.000000,0.000000,0.000000,0,0,0.000000,-0.248750,-1.200158,0.061667,0.061667,0.310417,1.881074,3.081232,-0.000000,-0.000000,0.000000,1.753857,0.127217,63.473383,0.000000,63.473383,63.473383,20.000000,10.000000,10.000000,1,0,1,0,0.000000,0.350000,0.000000,0.300000,0.400000,0.083000,0.008000,0.001000,5.650000,0.106000,20.600000,0.021500,0.000000,20.000000,10.000000
0.460000,0.360000,0.500000,0.000000,0.000000,0.000000,0,0,0,0.000000,0.000000,0.000000,-0.000000,0.000000,0.000000,0.000000,0.000000,0,0,0.000000,-0.248750,-1.200158,0.061667,0.061667,0.310417,1.881074,3.081232,-0.000000,-0.000000,0.000000,1.753857,0.127217,63.473383,0.000000,63.473383,63.473383,20.000000,10.000000,10.000000,1,0,1,0,0.000000,0.350000,0.000000,0.300000,0.400000,0.083000,0.008000,0.001000,5.650000,0.106000,20.600000,0.021500,0.000000,20.000000,10.000000
0.465000,0.360000,0.500000,0.000000,0.000000,0.000000,0,0,0,0.000000,0.000000,0.000000,-0.000000,0.000000,0.000000,0.000000,0.000000,0,0,0.000000,-0.260938,-1.203533,0.061667,0.061667,0.322605,1.950292,3.153825,-0.000000,-0.000000,0.000000,1.822718,0.127574,64.968798,0.312150,65.280948,65.280948,20.000000,10.000000,10.000000,1,0,1,0,0.000000,0.350000,0.000000,0.300000,0.400000,0.083000,0.008000,0.001000,5.650000,0.106000,20.600000,0.021500,0.000000,20.000000,10.000000
0.470000,0.360000,0.500000,0.000000,0.000000,0.000000,0,0,0,0.000000,0.000000,0.000000,-0.000000,0.000000,0.000000,0.000000,0.000000,0,0,0.000000,-0.260938,-1.203533,0.061667,0.061667,0.322605,1.950292,3.153825,-0.000000,-0.000000,0.000000,1.822718,0.127574,64.968798,0.000000,64.968798,64.968798,20.000000,10.000000,10.000000,1,0,1,0,0.000000,0.350000,0.000000,0.300000,0.400000,0.083000,0.008000,0.001000,5.650000,0.106000,20.600000,0.021500,0.000000,20.000000,10.000000
0.475000,0.360000,0.500000,0.000000,0.000000,0.000000,0,0,0,0.000000,0.000000,0.000000,-0.000000,0.000000,0.000000,0.000000,0.000000,0,0,0.000000,-0.273109,-1.205989,0.061667,0.061667,0.334776,2.019321,3.225310,-0.000000,-0.000000,0.000000,1.891487,0.127835,66.441395,0.307387,66.748782,66.748782,20.000000,10.000000,10.000000,1,0,1,0,0.000000,0.350000,0.000000,0.300000,0.400000,0.083000,0.008000,0.001000,5.650000,0.106000,20.600000,0.021500,0.000000,20.000000,10.000000
0.480000,0.360000,0.500000,0.000000,0.000000,0.000000,0,0,0,0.000000,0.000000,0.000000,-0.000000,0.000000,0.000000,0.000000,0.000000,0,0,0.000000,-0.273109,-1.205989,0.061667,0.061667,0.334776,2.019321,3.225310,-0.000000,-0.000000,0.000000,1.891487,0.127835,66.441395,0.000000,66.441395,66.441395,20.000000,10.000000,10.000000,1,0,1,0,0.000000,0.350000,0.000000,0.300000,0.400000,0.083000,0.008000,0.001000,5.650000,0.106000,20.600000,0.021500,0.000000,20.000000,10.000000
0.484000,0.360000,0.500000,0.000000,0.000000,0.000000,0,0,0,0.000000,0.000000,0.000000,-0.000000,0.000000,0.000000,0.000000,0.000000,0,0,0.000000,-0.285268,-1.207755,0.061667,0.061667,0.346935,2.088204,3.295959,-0.000000,-0.000000,0.000000,1.960181,0.128022,67.896751,0.379735,68.276486,68.276486,20.000000,10.000000,10.000000,1,0,1,0,0.000000,0.350000,0.000000,0.300000,0.400000,0.083000,0.008000,0.001000,5.650000,0.106000,20.600000,0.021500,0.000000,20.000000,10.000000
0.489000,0.360000,0.500000,0.000000,0.000000,0.000000,0,0,0,0.000000,0.000000,0.000000,-0.000000,0.000000,0.000000,0.000000,0.000000,0,0,0.000000,-0.285268,-1.207755,0.061667,0.061667,0.346935,2.088204,3.295959,-0.000000,-0.000000,0.000000,1.960181,0.128022,67.896751,0.000000,67.896751,67.896751,20.000000,10.000000,10.000000,1,0,1,0,0.000000,0.350000,0.000000,0.300000,0.400000,0.083000,0.008000,0.001000,5.650000,0.106000,20.600000,0.021500,0.000000,20.000000,10.000000
0.494000,0.360000,0.500000,0.000000,0.000000,0.000000,0,0,0,0.000000,0.000000,0.000000,-0.000000,0.000000,0.000000,0.000000,0.000000,0,0,0.000000,-0.297415,-1.209006,0.061667,0.061667,0.359083,2.156971,3.365977,-0.000000,-0.000000,0.000000,2.028817,0.128155,69.339134,0.301080,69.640214,69.640214,20.000000,10.000000,10.000000,1,0,1,0,0.000000,0.350000,0.000000,0.300000,0.400000,0.083000,0.008000,0.001000,5.650000,0.106000,20.600000,0.021500,0.000000,20.000000,10.000000
0.499000,0.360000,0.500000,0.000262,0.000000,0.000262,0,0,0,0.000000,0.000000,0.000000,-0.000000,0.000000,0.000000,0.000000,0.000000,0,0,0.000000,-0.297415,-1.209006,0.061667,0.061667,0.359083,2.156971,3.365977,-0.000000,-0.000000,-0.000000,2.028817,0.128155,69.339134,-0.000000,69.339134,69.339134,20.000000,10.000000,10.000000,1,0,1,0,0.000000,0.350000,0.000000,0.300000,0.400000,0.083000,0.008000,0.001000,5.650000,0.106000,20.600000,0.021500,0.000000,20.000000,10.000000
0.504000,0.360000,0.500000,0.000262,0.000000,0.000262,0,0,0,0.000000,0.000000,0.000000,-0.000000,0.000000,0.000000,0.000000,0.000000,0,0,0.000000,-0.305149,-1.213417,0.061667,0.061667,0.366816,2.201133,3.414551,-0.000000,-0.000000,-0.000000,2.072511,0.128622,70.339743,0.208865,70.548608,70.548608,20.000000,10.000000,10.000000,1,0,1,0,0.000000,0.350000,0.000000,0.300000,0.400000,0.083000,0.008000,0.001000,5.650000,0.106000,20.600000,0.021500,0.000000,20.000000,10.000000
0.509000,0.360000,0.500000,0.000262,0.000000,0.000262,0,0,0,0.000000,0.000000,0.000000,-0.000000,0.000000,0.000000,0.000000,0.000000,0,0,0.000000,-0.305149,-1.213417,0.061667,0.061667,0.366816,2.201133,3.414551,-0.000000,-0.000000,-0.000000,2.072511,0.128622,70.339743,-0.000000,70.339743,70.339743,20.000000,10.000000,10.000000,1,0,1,0,0.000000,0.350000,0.000000,0.300000,0.400000,0.083000,0.008000,0.001000,5.650000,0.106000,20.600000,0.021500,0.000000,20.000000,10.000000
0.514000,0.360000,0.500000,0.000262,0.000000,0.000262,0,0,0,0.000000,0.000000,0.000000,-0.000000,0.000000,0.000000,0.000000,0.000000,0,0,0.000000,-0.317845,-1.227932,0.061667,0.061667,0.379512,2.274404,3.502336,-0.000000,-0.000000,-0.000000,2.144243,0.130161,72.148130,0.377479,72.525609,72.525609,20.000000,10.000000,10.000000,1,0,1,0,0.000000,0.350000,0.000000,0.300000,0.400000,0.083000,0.008000,0.001000,5.650000,0.106000,20.600000,0.021500,0.000000,20.000000,10.000000
0.519000,0.360000,0.500000,0.000262,0.000000,0.000262,0,0,0,0.000000,0.000000,0.000000,-0.000000,0.000000,0.000000,0.000000,0.000000,0,0,0.000000,-0.317845,-1.227932,0.061667,0.061667,0.379512,2.274404,3.502336,-0.000000,-0.000000,-0.000000,2.144243,0.130161,72.148130,-0.000000,72.148130,72.148130,20.000000,10.000000,10.000000,1,0,1,0,0.000000,0.350000,0.000000,0.300000,0.400000,0.083000,0.008000,0.001000,5.650000,0.106000,20.600000,0.021500,0.000000,20.000000,10.000000
0.524000,0.360000,0.500000,0.000262,0.000000,0.000262,0,0,0,0.000000,0.000000,0.000000,-0.000000,0.000000,0.000000,0.000000,0.000000,0,0,0.000000,-0.330934,-1.247511,0.061667,0.061667,0.392601,2.350431,3.597943,-0.000000,-0.000000,-0.000000,2.218195,0.132236,74.117622,0.411108,74.528729,74.528729,20.000000,10.000000,10.000000,1,0,1,0,0.000000,0.350000,0.000000,0.300000,0.400000,0.083000,0.008000,0.001000,5.650000,0.106000,20.600000,0.021500,0.000000,20.000000,10.000000
0.529000,0.360000,0.500000,0.000262,0.000000,0.000262,0,0,0,0.000000,0.000000,0.000000,-0.000000,0.000000,0.000000,0.000000,0.000000,0,0,0.000000,-0.330934,-1.247511,0.061667,0.061667,0.392601,2.350431,3.597943,-0.000000,-0.000000,-0.000000,2.218195,0.132236,74.117622,-0.000000,74.117622,74.117622,20.000000,10.000000,10.000000,1,0,1,0,0.000000,0.350000,0.000000,0.300000,0.400000,0.083000,0.008000,0.001000,5.650000,0.106000,20.600000,0.021500,0.000000,20.000000,10.000000
0.533000,0.360000,0.500000,0.000262,0.000000,0.000262,0,0,0,0.000000,0.000000,0.000000,-0.000000,0.000000,0.000000,0.000000,0.000000,0,0,0.000000,-0.344470,-1.272194,0.061667,0.061667,0.406137,2.429526,3.701721,-0.000000,-0.000000,-0.000000,2.294674,0.134853,76.255448,0.557807,76.813254,76.813254,20.000000,10.000000,10.000000,1,0,1,0,0.000000,0.350000,0.000000,0.300000,0.400000,0.083000,0.008000,0.001000,5.650000,0.106000,20.600000,0.021500,0.000000,20.000000,10.000000
0.538000,0.360000,0.500000,0.000262,0.000000,0.000262,0,0,0,0.000000,0.000000,0.000000,-0.000000,0.000000,0.000000,0.000000,0.000000,0,0,0.000000,-0.344470,-1.272194,0.061667,0.061667,0.406137,2.429526,3.701721,-0.000000,-0.000000,-0.000000,2.294674,0.134853,76.255448,-0.000000,76.255448,76.255448,20.000000,10.000000,10.000000,1,0,1,0,0.000000,0.350000,0.000000,0.300000,0.400000,0.083000,0.008000,0.001000,5.650000,0.106000,20.600000,0.021500,0.000000,20.000000,10.000000
0.543000,0.360000,0.500000,0.000262,0.000000,0.000262,0,0,0,0.000000,0.000000,0.000000,-0.000000,0.000000,0.000000,0.000000,0.000000,0,0,0.000000,-0.358501,-1.301912,0.061667,0.061667,0.420169,2.511956,3.813868,-0.000000,-0.000000,-0.000000,2.373953,0.138003,78.565679,0.482233,79.047912,79.047912,20.000000,10.000000,10.000000,1,0,1,0,0.000000,0.350000,0.000000,0.300000,0.400000,0.083000,0.008000,0.001000,5.650000,0.106000,20.600000,0.021500,0.000000,20.000000,10.000000
0.548000,0.360000,0.500000,0.000262,0.000000,0.000262,0,0,0,0.000000,0.000000,0.000000,-0.000000,0.000000,0.000000,0.000000,0.000000,0,0,0.000000,-0.358501,-1.301912,0.061667,0.061667,0.420169,2.511956,3.813868,-0.000000,-0.000000,-0.000000,2.373953,0.138003,78.565679,-0.000000,78.565679,78.565679,20.000000,10.000000,10.000000,1,0,1,0,0.000000,0.350000,0.000000,0.300000,0.400000,0.083000,0.008000,0.001000,5.650000,0.106000,20.600000,0.021500,0.000000,20.000000,10.000000
0.553000,0.360000,0.500000,0.000262,0.000000,0.000262,0,0,0,0.000000,0.000000,0.000000,-0.000000,0.000000,0.000000,0.000000,0.000000,0,0,0.000000,-0.373073,-1.336531,0.061667,0.061667,0.434740,2.597954,3.934485,-0.000000,-0.000000,-0.000000,2.456282,0.141672,81.050387,0.518652,81.569039,81.569039,20.000000,10.000000,10.000000,1,0,1,0,0.000000,0.350000,0.000000,0.300000,0.400000,0.083000,0.008000,0.001000,5.650000,0.106000,20.600000,0.021500,0.000000,20.000000,10.000000
0.558000,0.360000,0.500000,0.000262,0.000000,0.000262,0,0,0,0.000000,0.000000,0.000000,-0.000000,0.000000,0.000000,0.000000,0.000000,0,0,0.000000,-0.373073,-1.336531,0.061667,0.061667,0.434740,2.597954,3.934485,-0.000000,-0.000000,-0.000000,2.456282,0.141672,81.050387,-0.000000,81.050387,81.050387,20.000000,10.000000,10.000000,1,0,1,0,0.000000,0.350000,0.000000,0.300000,0.400000,0.083000,0.008000,0.001000,5.650000,0.106000,20.600000,0.021500,0.000000,20.000000,10.000000
0.563000,0.360000,0.500000,0.000262,0.000000,0.000262,0,0,0,0.000000,0.000000,0.000000,-0.000000,0.000000,0.000000,0.000000,0.000000,0,0,0.000000,-0.388225,-1.375881,0.061667,0.061667,0.449892,2.687735,4.063616,-0.000000,-0.000000,-0.000000,2.541891,0.145843,83.710480,0.555262,84.265742,84.265742,20.000000,10.000000,10.000000,1,0,1,0,0.000000,0.350000,0.000000,0.300000,0.400000,0.083000,0.008000,0.001000,5.650000,0.106000,20.600000,0.021500,0.000000,20.000000,10.000000
0.568000,0.360000,0.500000,0.000262,0.000000,0.000262,0,0,0,0.000000,0.000000,0.000000,-0.000000,0.000000,0.000000,0.000000,0.000000,0,0,0.000000,-0.388225,-1.375881,0.061667,0.061667,0.449892,2.687735,4.063616,-0.000000,-0.000000,-0.000000,2.541891,0.145843,83.710480,-0.000000,83.710480,83.710480,20.000000,10.000000,10.000000,1,0,1,0,0.000000,0.350000,0.000000,0.300000,0.400000,0.083000,0.008000,0.001000,5.650000,0.106000,20.600000,0.021500,0.000000,20.000000,10.000000
0.573000,0.360000,0.500000,0.000262,0.000000,0.000262,0,0,0,0.000000,0.000000,0.000000,-0.000000,0.000000,0.000000,0.000000,0.000000,0,0,0.000000,-0.403996,-1.419784,0.061667,0.061667,0.465663,2.781493,4.201277,-0.000000,-0.000000,-0.000000,2.630996,0.150497,86.546313,0.591946,87.138259,87.138259,20.000000,10.000000,10.000000,1,0,1,0,0.000000,0.350000,0.000000,0.300000,0.400000,0.083000,0.008000,0.001000,5.650000,0.106000,20.600000,0.021500,0.000000,20.000000,10.000000
0.577000,0.360000,0.500000,0.000262,0.000000,0.000262,0,0,0,0.000000,0.000000,0.000000,-0.000000,0.000000,0.000000,0.000000,0.000000,0,0,0.000000,-0.403996,-1.419784,0.061667,0.061667,0.465663,2.781493,4.201277,-0.000000,-0.000000,-0.000000,2.630996,0.150497,86.546313,-0.000000,86.546313,86.546313,20.000000,10.000000,10.000000,1,0,1,0,0.000000,0.350000,0.000000,0.300000,0.400000,0.083000,0.008000,0.001000,5.650000,0.106000,20.600000,0.021500,0.000000,20.000000,10.000000
0.582000,0.360000,0.500000,0.000262,0.000000,0.000262,0,0,0,0.000000,0.000000,0.000000,-0.000000,0.000000,0.000000,0.000000,0.000000,0,0,0.000000,-0.420422,-1.468063,0.061667,0.061667,0.482089,2.879418,4.347481,-0.000000,-0.000000,-0.000000,2.723804,0.155615,89.558109,0.628676,90.186785,90.186785,20.000000,10.000000,10.000000,1,0,1,0,0.000000,0.350000,0.000000,0.300000,0.400000,0.083000,0.008000,0.001000,5.650000,0.106000,20.600000,0.021500,0.000000,20.000000,10.000000
0.587000,0.360000,0.500000,0.000262,0.000000,0.000262,0,0,0,0.000000,0.000000,0.000000,-0.000000,0.000000,0.000000,0.000000,0.000000,0,0,0.000000,-0.420422,-1.468063,0.061667,0.061667,0.482089,2.879418,4.347481,-0.000000,-0.000000,-0.000000,2.723804,0.155615,89.558109,-0.000000,89.558109,89.558109,20.000000,10.000000,10.000000,1,0,1,0,0.000000,0.350000,0.000000,0.300000,0.400000,0.083000,0.008000,0.001000,5.650000,0.106000,20.600000,0.021500,0.000000,20.000000,10.000000
0.592000,0.360000,0.500000,0.000262,0.000000,0.000262,0,0,0,0.000000,0.000000,0.000000,-0.000000,0.000000,0.000000,0.000000,0.000000,0,0,0.000000,-0.437538,-1.520555,0.061667,0.061667,0.499206,2.981691,4.502245,-0.000000,-0.000000,-0.000000,2.820512,0.161179,92.746256,0.665487,93.411743,93.411743,20.000000,10.000000,10.000000,1,0,1,0,0.000000,0.350000,0.000000,0.300000,0.400000,0.083000,0.008000,0.001000,5.650000,0.106000,20.600000,0.021500,0.000000,20.000000,10.000000
0.597000,0.360000,0.500000,0.000262,0.000000,0.000262,0,0,0,0.000000,0.000000,0.000000,-0.000000,0.000000,0.000000,0.000000,0.000000,0,0,0.000000,-0.437538,-1.520555,0.061667,0.061667,0.499206,2.981691,4.502245,-0.000000,-0.000000,-0.000000,2.820512,0.161179,92.746256,-0.000000,92.746256,92.746256,20.000000,10.000000,10.000000,1,0,1,0,0.000000,0.350000,0.000000,0.300000,0.400000,0.083000,0.008000,0.001000,5.650000,0.106000,20.600000,0.021500,0.000000,20.000000,10.000000
