time,gain_mode,height,x,x_ref,x_error,x_dot,pitch,pitch_rate,theta_eq,theta_error,k_x,k_x_dot,k_theta,k_theta_dot,u_raw,u_model,tau_each
0.180139,1,0.5,-0,0,-0,2.62387e-18,-4.69136e-19,-1.37632e-17,0.061787,-0.061787,-6.15716,-46.9226,-205.518,-51.4306,-12.6984,-12.6984,6.34918
0.185086,1,0.5,1.4755e-20,0,1.4755e-20,2.65085e-18,-1.04931e-18,-2.41235e-17,0.061787,-0.061787,-6.15716,-46.9226,-205.518,-51.4306,-12.6984,-12.6984,6.34918
0.190088,1,0.5,1.4755e-20,0,1.4755e-20,2.65085e-18,-1.04931e-18,-2.41235e-17,0.061787,-0.061787,-6.15716,-46.9226,-205.518,-51.4306,-12.6984,-12.6984,6.34918
0.195153,1,0.5,-0.000468915,0,-0.000468915,-0.00254749,-1.04931e-18,-2.41235e-17,0.061787,-0.061787,-6.15716,-46.9226,-205.518,-51.4306,-12.8208,-12.8208,6.41039
0.200161,1,0.5,-0.00124075,0,-0.00124075,-0.0127415,0.0026126,0.0758455,0.061787,-0.0591744,-6.15716,-46.9226,-205.518,-51.4306,-8.86614,-8.86614,4.43307
0.205133,1,0.5,-0.00191087,0,-0.00191087,-0.0227031,0.0026126,0.0758455,0.061787,-0.0591744,-6.15716,-46.9226,-205.518,-51.4306,-9.33769,-9.33769,4.66885
0.210121,1,0.5,-0.00354564,0,-0.00354564,-0.0410792,0.0305923,0.495374,0.061787,-0.0311947,-6.15716,-46.9226,-205.518,-51.4306,17.1169,17.1169,-8.55846
0.215101,1,0.5,-0.00607095,0,-0.00607095,-0.0675099,0.0305923,0.495374,0.061787,-0.0311947,-6.15716,-46.9226,-205.518,-51.4306,15.8612,15.8612,-7.93059
0.220095,1,0.5,-0.00864653,0,-0.00864653,-0.0875864,0.042815,0.458397,0.061787,-0.018972,-6.15716,-46.9226,-205.518,-51.4306,15.5135,15.5135,-7.75675
0.225069,1,0.5,-0.0105904,0,-0.0105904,-0.0985124,0.042815,0.458397,0.061787,-0.018972,-6.15716,-46.9226,-205.518,-51.4306,14.9889,14.9889,-7.49443
0.230099,1,0.5,-0.0107294,0,-0.0107294,-0.0865794,0.0387154,0.267956,0.061787,-0.0230716,-6.15716,-46.9226,-205.518,-51.4306,4.91089,4.91089,-2.45545
0.235091,1,0.5,-0.00878895,0,-0.00878895,-0.0553746,0.0387154,0.267956,0.061787,-0.0230716,-6.15716,-46.9226,-205.518,-51.4306,6.38705,6.38705,-3.19352
0.240094,1,0.5,-0.00575989,0,-0.00575989,-0.0206212,0.0326741,0.0990972,0.061787,-0.0291129,-6.15716,-46.9226,-205.518,-51.4306,-1.88967,-1.88967,0.944837
0.245099,1,0.5,-0.00213321,0,-0.00213321,0.0189856,0.0326741,0.0990972,0.061787,-0.0291129,-6.15716,-46.9226,-205.518,-51.4306,-0.00889093,-0.00889093,0.00444546
0.2501,1,0.5,0.00145972,0,0.00145972,0.0518208,0.0264437,-0.0339664,0.061787,-0.0353433,-6.15716,-46.9226,-205.518,-51.4306,-6.57005,-6.57005,3.28503
0.255104,1,0.5,0.00473868,0,0.00473868,0.0809893,0.0264437,-0.0339664,0.061787,-0.0353433,-6.15716,-46.9226,-205.518,-51.4306,-5.1812,-5.1812,2.5906
0.260089,1,0.5,0.00729894,0,0.00729894,0.0981973,0.0207355,-0.128022,0.061787,-0.0410515,-6.15716,-46.9226,-205.518,-51.4306,-10.3685,-10.3685,5.18424
0.265086,1,0.5,0.00896209,0,0.00896209,0.106602,0.0207355,-0.128022,0.061787,-0.0410515,-6.15716,-46.9226,-205.518,-51.4306,-9.96386,-9.96386,4.98193
0.270085,1,0.5,0.00945161,0,0.00945161,0.100418,0.0159519,-0.184416,0.061787,-0.0458351,-6.15716,-46.9226,-205.518,-51.4306,-14.1345,-14.1345,7.06727
0.275084,1,0.5,0.00861672,0,0.00861672,0.0819266,0.0159519,-0.184416,0.061787,-0.0458351,-6.15716,-46.9226,-205.518,-51.4306,-15.0073,-15.0073,7.50366
0.280084,1,0.5,0.00624352,0,0.00624352,0.0472046,0.0123648,-0.20563,0.061787,-0.0494222,-6.15716,-46.9226,-205.518,-51.4306,-18.4794,-18.4794,9.23971
0.285088,1,0.5,0.00216027,0,0.00216027,-0.00282366,0.0123648,-0.20563,0.061787,-0.0494222,-6.15716,-46.9226,-205.518,-51.4306,-20.852,-20,10
0.290087,1,0.5,-0.00382788,0,-0.00382788,-0.0706825,0.0102186,-0.193557,0.061787,-0.0515684,-6.15716,-46.9226,-205.518,-51.4306,-23.8931,-20,10
0.295083,1,0.5,-0.0118801,0,-0.0118801,-0.155971,0.0102186,-0.193557,0.061787,-0.0515684,-6.15716,-46.9226,-205.518,-51.4306,-27.9447,-20,10
0.300089,1,0.5,-0.0118801,0,-0.0118801,-0.155971,0.00968478,-0.155634,0.061787,-0.0521022,-6.15716,-46.9226,-205.518,-51.4306,-26.104,-20,10
0.305097,1,0.5,-0.0218604,0,-0.0218604,-0.253173,0.00968478,-0.155634,0.061787,-0.0521022,-6.15716,-46.9226,-205.518,-51.4306,-30.7264,-20,10
0.310087,1,0.5,-0.0323604,0,-0.0323604,-0.345514,0.00968478,-0.155634,0.061787,-0.0521022,-6.15716,-46.9226,-205.518,-51.4306,-35.124,-20,10
0.315117,1,0.5,-0.0428604,0,-0.0428604,-0.433238,0.00973757,-0.125086,0.061787,-0.0520494,-6.15716,-46.9226,-205.518,-51.4306,-37.7229,-20,10
0.320108,1,0.5,-0.0533604,0,-0.0533604,-0.516576,0.00973757,-0.125086,0.061787,-0.0520494,-6.15716,-46.9226,-205.518,-51.4306,-41.698,-20,10
0.325155,1,0.5,-0.0638604,0,-0.0638604,-0.595748,0.00978185,-0.100508,0.061787,-0.0520052,-6.15716,-46.9226,-205.518,-51.4306,-44.2044,-20,10
0.330176,1,0.5,-0.0743604,0,-0.0743604,-0.67096,0.00978185,-0.100508,0.061787,-0.0520052,-6.15716,-46.9226,-205.518,-51.4306,-47.7982,-20,10
0.335113,1,0.5,-0.0848604,0,-0.0848604,-0.742412,0.0098181,-0.0807528,0.061787,-0.0519689,-6.15716,-46.9226,-205.518,-51.4306,-50.1921,-20,10
0.340154,1,0.5,-0.0953604,0,-0.0953604,-0.810292,0.0098181,-0.0807528,0.061787,-0.0519689,-6.15716,-46.9226,-205.518,-51.4306,-53.4418,-20,10
0.345142,1,0.5,-0.10586,0,-0.10586,-0.874777,0.00984709,-0.0648869,0.061787,-0.0519399,-6.15716,-46.9226,-205.518,-51.4306,-55.7103,-20,10
0.350104,1,0.5,-0.11636,0,-0.11636,-0.936038,0.00984709,-0.0648869,0.061787,-0.0519399,-6.15716,-46.9226,-205.518,-51.4306,-58.6495,-20,10
0.355088,1,0.5,-0.12686,0,-0.12686,-0.994236,0.00986974,-0.0521533,0.061787,-0.0519173,-6.15716,-46.9226,-205.518,-51.4306,-60.7854,-20,10
0.360086,1,0.5,-0.13736,0,-0.13736,-1.04952,0.00986974,-0.0521533,0.061787,-0.0519173,-6.15716,-46.9226,-205.518,-51.4306,-63.4443,-20,10
0.365086,1,0.5,-0.14786,0,-0.14786,-1.10205,0.00988693,-0.0419396,0.061787,-0.0519001,-6.15716,-46.9226,-205.518,-51.4306,-65.4447,-20,10
0.370087,1,0.5,-0.15836,0,-0.15836,-1.15195,0.00988693,-0.0419396,0.061787,-0.0519001,-6.15716,-46.9226,-205.518,-51.4306,-67.8507,-20,10
0.375086,1,0.5,-0.16886,0,-0.16886,-1.19935,0.0098995,-0.0337512,0.061787,-0.0518875,-6.15716,-46.9226,-205.518,-51.4306,-69.7159,-20,10
0.380086,1,0.5,-0.17936,0,-0.17936,-1.24438,0.0098995,-0.0337512,0.061787,-0.0518875,-6.15716,-46.9226,-205.518,-51.4306,-71.8936,-20,10
0.38508,1,0.5,-0.18986,0,-0.18986,-1.28716,0.00990819,-0.0271893,0.061787,-0.0518788,-6.15716,-46.9226,-205.518,-51.4306,-73.6263,-20,10
0.390069,1,0.5,-0.20036,0,-0.20036,-1.3278,0.00990819,-0.0271893,0.061787,-0.0518788,-6.15716,-46.9226,-205.518,-51.4306,-75.598,-20,10
0.395095,1,0.5,-0.21086,0,-0.21086,-1.36641,0.00991365,-0.0219329,0.061787,-0.0518733,-6.15716,-46.9226,-205.518,-51.4306,-77.2029,-20,10
0.400086,1,0.5,-0.22136,0,-0.22136,-1.40309,0.00991365,-0.0219329,0.061787,-0.0518733,-6.15716,-46.9226,-205.518,-51.4306,-78.9886,-20,10
0.405087,1,0.5,-0.23186,0,-0.23186,-1.43794,0.00991645,-0.0177236,0.061787,-0.0518706,-6.15716,-46.9226,-205.518,-51.4306,-80.4712,-20,10
0.410092,1,0.5,-0.236776,0,-0.236776,-1.40575,0.00991645,-0.0177236,0.061787,-0.0518706,-6.15716,-46.9226,-205.518,-51.4306,-78.9912,-20,10
0.41509,1,0.5,-0.241533,0,-0.241533,-1.38705,0.0251234,0.304342,0.061787,-0.0366636,-6.15716,-46.9226,-205.518,-51.4306,-58.4539,-20,10
0.420076,1,0.5,-0.247275,0,-0.247275,-1.37867,0.0251234,0.304342,0.061787,-0.0366636,-6.15716,-46.9226,-205.518,-51.4306,-58.0956,-20,10
0.42506,1,0.5,-0.254015,0,-0.254015,-1.38065,0.0453241,0.683476,0.061787,-0.0164629,-6.15716,-46.9226,-205.518,-51.4306,-34.5797,-20,10
0.430064,1,0.5,-0.261738,0,-0.261738,-1.39239,0.0453241,0.683476,0.061787,-0.0164629,-6.15716,-46.9226,-205.518,-51.4306,-35.1778,-20,10
0.435121,1,0.5,-0.27044,0,-0.27044,-1.41335,0.0714097,1.0978,0.061787,0.00962275,-6.15716,-46.9226,-205.518,-51.4306,-9.54477,-9.54477,4.77238
0.440071,1,0.5,-0.28012,0,-0.28012,-1.44309,0.0714097,1.0978,0.061787,0.00962275,-6.15716,-46.9226,-205.518,-51.4306,-11.0002,-11.0002,5.5001
0.445079,1,0.5,-0.289945,0,-0.289945,-1.46739,0.102683,1.52023,0.061787,0.0408962,-6.15716,-46.9226,-205.518,-51.4306,15.9523,15.9523,-7.97617
0.45009,1,0.5,-0.299609,0,-0.299609,-1.49135,0.102683,1.52023,0.061787,0.0408962,-6.15716,-46.9226,-205.518,-51.4306,14.7682,14.7682,-7.38411
0.45509,1,0.5,-0.308093,0,-0.308093,-1.49242,0.136456,1.84993,0.061787,0.074669,-6.15716,-46.9226,-205.518,-51.4306,38.564,20,-10
0.460078,1,0.5,-0.314867,0,-0.314867,-1.48039,0.136456,1.84993,0.061787,0.074669,-6.15716,-46.9226,-205.518,-51.4306,39.0864,20,-10
0.46508,1,0.5,-0.319824,0,-0.319824,-1.44913,0.165777,2.00261,0.061787,0.10399,-6.15716,-46.9226,-205.518,-51.4306,54.4011,20,-10
0.470072,1,0.5,-0.322935,0,-0.322935,-1.4019,0.165777,2.00261,0.061787,0.10399,-6.15716,-46.9226,-205.518,-51.4306,56.5979,20,-10
0.475063,1,0.5,-0.324424,0,-0.324424,-1.34144,0.189111,2.01056,0.061787,0.127324,-6.15716,-46.9226,-205.518,-51.4306,64.6303,20,-10
0.480062,1,0.5,-0.324569,0,-0.324569,-1.27081,0.189111,2.01056,0.061787,0.127324,-6.15716,-46.9226,-205.518,-51.4306,67.9437,20,-10
0.485067,1,0.5,-0.32349,0,-0.32349,-1.19206,0.206071,1.89566,0.061787,0.144284,-6.15716,-46.9226,-205.518,-51.4306,69.2218,20,-10
0.490059,1,0.5,-0.321192,0,-0.321192,-1.10459,0.206071,1.89566,0.061787,0.144284,-6.15716,-46.9226,-205.518,-51.4306,73.3401,20,-10
0.495059,1,0.5,-0.317832,0,-0.317832,-1.01192,0.216971,1.69093,0.061787,0.155184,-6.15716,-46.9226,-205.518,-51.4306,69.4198,20,-10
0.500064,1,0.5,-0.313548,0,-0.313548,-0.914999,0.216971,1.69093,0.061787,0.155184,-6.15716,-46.9226,-205.518,-51.4306,73.9938,20,-10
0.505065,1,0.5,-0.308463,0,-0.308463,-0.815598,0.221776,1.40732,0.061787,0.159989,-6.15716,-46.9226,-205.518,-51.4306,65.0906,20,-10
0.510074,1,0.5,-0.302683,0,-0.302683,-0.714447,0.221776,1.40732,0.061787,0.159989,-6.15716,-46.9226,-205.518,-51.4306,69.8725,20,-10
0.515072,1,0.5,-0.296261,0,-0.296261,-0.612102,0.22032,1.05865,0.061787,0.158533,-6.15716,-46.9226,-205.518,-51.4306,56.483,20,-10
0.520063,1,0.5,-0.289236,0,-0.289236,-0.508965,0.22032,1.05865,0.061787,0.158533,-6.15716,-46.9226,-205.518,-51.4306,61.3657,20,-10
0.525062,1,0.5,-0.281542,0,-0.281542,-0.403656,0.212739,0.664817,0.061787,0.150952,-6.15716,-46.9226,-205.518,-51.4306,44.5412,20,-10
0.530063,1,0.5,-0.273217,0,-0.273217,-0.297737,0.212739,0.664817,0.061787,0.150952,-6.15716,-46.9226,-205.518,-51.4306,49.5624,20,-10
0.535061,1,0.5,-0.264183,0,-0.264183,-0.18953,0.199464,0.241119,0.061787,0.137677,-6.15716,-46.9226,-205.518,-51.4306,30.1762,20,-10
0.540059,1,0.5,-0.254282,0,-0.254282,-0.0760023,0.199464,0.241119,0.061787,0.137677,-6.15716,-46.9226,-205.518,-51.4306,35.5641,20,-10
0.54506,1,0.5,-0.243899,0,-0.243899,0.0327978,0.181121,-0.200019,0.061787,0.119334,-6.15716,-46.9226,-205.518,-51.4306,14.2755,14.2755,-7.13774
0.550094,1,0.5,-0.233399,0,-0.233399,0.136158,0.181121,-0.200019,0.061787,0.119334,-6.15716,-46.9226,-205.518,-51.4306,19.1901,19.1901,-9.59503
0.555061,1,0.5,-0.233399,0,-0.233399,0.136158,0.157791,-0.646206,0.061787,0.0960043,-6.15716,-46.9226,-205.518,-51.4306,-8.55231,-8.55231,4.27615
0.560079,1,0.5,-0.223163,0,-0.223163,0.230709,0.157791,-0.646206,0.061787,0.0960043,-6.15716,-46.9226,-205.518,-51.4306,-4.05271,-4.05271,2.02635
0.565051,1,0.5,-0.212774,0,-0.212774,0.323876,0.157791,-0.646206,0.061787,0.0960043,-6.15716,-46.9226,-205.518,-51.4306,0.382893,0.382893,-0.191446
0.570064,1,0.5,-0.204037,0,-0.204037,0.383038,0.130142,-1.07423,0.061787,0.0683549,-6.15716,-46.9226,-205.518,-51.4306,-24.4833,-20,10
0.575069,1,0.5,-0.19687,0,-0.19687,0.434353,0.130142,-1.07423,0.061787,0.0683549,-6.15716,-46.9226,-205.518,-51.4306,-22.0314,-20,10
0.580103,1,0.5,-0.189966,0,-0.189966,0.4811,0.102662,-1.37327,0.061787,0.0408746,-6.15716,-46.9226,-205.518,-51.4306,-40.8228,-20,10
0.585111,1,0.5,-0.184424,0,-0.184424,0.505199,0.102662,-1.37327,0.061787,0.0408746,-6.15716,-46.9226,-205.518,-51.4306,-39.6578,-20,10
0.590093,1,0.5,-0.18068,0,-0.18068,0.510553,0.079859,-1.48447,0.061787,0.018072,-6.15716,-46.9226,-205.518,-51.4306,-49.7892,-20,10
0.595065,1,0.5,-0.178609,0,-0.178609,0.500266,0.079859,-1.48447,0.061787,0.018072,-6.15716,-46.9226,-205.518,-51.4306,-50.2591,-20,10
0.600088,1,0.5,-0.177916,0,-0.177916,0.476894,0.0642228,-1.43558,0.061787,0.00243579,-6.15716,-46.9226,-205.518,-51.4306,-52.0506,-20,10
0.605079,1,0.5,-0.178488,0,-0.178488,0.442625,0.0642228,-1.43558,0.061787,0.00243579,-6.15716,-46.9226,-205.518,-51.4306,-53.6622,-20,10
0.610081,1,0.5,-0.180188,0,-0.180188,0.39927,0.0560642,-1.25357,0.061787,-0.0057228,-6.15716,-46.9226,-205.518,-51.4306,-48.0225,-20,10
0.615082,1,0.5,-0.182906,0,-0.182906,0.3483,0.0560642,-1.25357,0.061787,-0.0057228,-6.15716,-46.9226,-205.518,-51.4306,-50.4309,-20,10
0.620065,1,0.5,-0.186553,0,-0.186553,0.290879,0.0554208,-0.963538,0.061787,-0.00636621,-6.15716,-46.9226,-205.518,-51.4306,-38.3635,-20,10
0.625065,1,0.5,-0.191092,0,-0.191092,0.227407,0.0554208,-0.963538,0.061787,-0.00636621,-6.15716,-46.9226,-205.518,-51.4306,-41.3697,-20,10
0.630068,1,0.5,-0.196515,0,-0.196515,0.158648,0.0620889,-0.592635,0.061787,0.000301876,-6.15716,-46.9226,-205.518,-51.4306,-24.1833,-20,10
0.635107,1,0.5,-0.202719,0,-0.202719,0.0855937,0.0620889,-0.592635,0.061787,0.000301876,-6.15716,-46.9226,-205.518,-51.4306,-27.6494,-20,10
0.640086,1,0.5,-0.20982,0,-0.20982,0.00709426,0.0757459,-0.164198,0.061787,0.0139589,-6.15716,-46.9226,-205.518,-51.4306,-6.53502,-6.53502,3.26751
0.645073,1,0.5,-0.217795,0,-0.217795,-0.0766764,0.0757459,-0.164198,0.061787,0.0139589,-6.15716,-46.9226,-205.518,-51.4306,-10.5149,-10.5149,5.25743
0.650083,1,0.5,-0.225644,0,-0.225644,-0.148109,0.0954426,0.281649,0.061787,0.0336556,-6.15716,-46.9226,-205.518,-51.4306,13.0632,13.0632,-6.53161
0.655077,1,0.5,-0.232966,0,-0.232966,-0.211901,0.0954426,0.281649,0.061787,0.0336556,-6.15716,-46.9226,-205.518,-51.4306,10.0249,10.0249,-5.01243
0.66007,1,0.5,-0.238938,0,-0.238938,-0.257739,0.119001,0.65424,0.061787,0.0572142,-6.15716,-46.9226,-205.518,-51.4306,31.8415,20,-10
0.665082,1,0.5,-0.244195,0,-0.244195,-0.293068,0.119001,0.65424,0.061787,0.0572142,-6.15716,-46.9226,-205.518,-51.4306,30.1514,20,-10
0.670073,1,0.5,-0.248315,0,-0.248315,-0.313366,0.138195,0.835645,0.061787,0.076408,-6.15716,-46.9226,-205.518,-51.4306,42.4481,20,-10
0.675069,1,0.5,-0.250943,0,-0.250943,-0.318413,0.138195,0.835645,0.061787,0.076408,-6.15716,-46.9226,-205.518,-51.4306,42.1951,20,-10
0.680076,1,0.5,-0.25224,0,-0.25224,-0.310491,0.150308,0.845026,0.061787,0.0885211,-6.15716,-46.9226,-205.518,-51.4306,45.5308,20,-10
0.685087,1,0.5,-0.252285,0,-0.252285,-0.291584,0.150308,0.845026,0.061787,0.0885211,-6.15716,-46.9226,-205.518,-51.4306,46.4177,20,-10
0.690109,1,0.5,-0.251314,0,-0.251314,-0.263201,0.155223,0.71505,0.061787,0.0934365,-6.15716,-46.9226,-205.518,-51.4306,42.0809,20,-10
0.695069,1,0.5,-0.249351,0,-0.249351,-0.22664,0.155223,0.71505,0.061787,0.0934365,-6.15716,-46.9226,-205.518,-51.4306,43.8085,20,-10
0.700093,1,0.5,-0.246469,0,-0.246469,-0.182942,0.152894,0.47412,0.061787,0.0911073,-6.15716,-46.9226,-205.518,-51.4306,33.0068,20,-10
0.705092,1,0.5,-0.242719,0,-0.242719,-0.132922,0.152894,0.47412,0.061787,0.0911073,-6.15716,-46.9226,-205.518,-51.4306,35.377,20,-10
0.710082,1,0.5,-0.238137,0,-0.238137,-0.0772,0.143526,0.147069,0.061787,0.081739,-6.15716,-46.9226,-205.518,-51.4306,19.274,19.274,-9.63702
0.715074,1,0.5,-0.232747,0,-0.232747,-0.016227,0.143526,0.147069,0.061787,0.081739,-6.15716,-46.9226,-205.518,-51.4306,22.1682,20,-10
0.720076,1,0.5,-0.226556,0,-0.226556,0.051569,0.127433,-0.234149,0.061787,0.0656456,-6.15716,-46.9226,-205.518,-51.4306,2.47377,2.47377,-1.23689
0.725061,1,0.5,-0.219661,0,-0.219661,0.121195,0.127433,-0.234149,0.061787,0.0656456,-6.15716,-46.9226,-205.518,-51.4306,5.78324,5.78324,-2.89162
0.730068,1,0.5,-0.213145,0,-0.213145,0.178456,0.105323,-0.633619,0.061787,0.043536,-6.15716,-46.9226,-205.518,-51.4306,-16.5787,-16.5787,8.28934
0.73507,1,0.5,-0.206745,0,-0.206745,0.234235,0.105323,-0.633619,0.061787,0.043536,-6.15716,-46.9226,-205.518,-51.4306,-13.922,-13.922,6.961
0.740072,1,0.5,-0.201104,0,-0.201104,0.273328,0.0827732,-0.896238,0.061787,0.0209862,-6.15716,-46.9226,-205.518,-51.4306,-30.194,-20,10
0.745088,1,0.5,-0.19663,0,-0.19663,0.301442,0.0827732,-0.896238,0.061787,0.0209862,-6.15716,-46.9226,-205.518,-51.4306,-28.8472,-20,10
0.750107,1,0.5,-0.19341,0,-0.19341,0.312447,0.0663771,-0.973774,0.061787,0.00459007,-6.15716,-46.9226,-205.518,-51.4306,-35.6685,-20,10
0.75509,1,0.5,-0.191653,0,-0.191653,0.308932,0.0663771,-0.973774,0.061787,0.00459007,-6.15716,-46.9226,-205.518,-51.4306,-35.8226,-20,10
0.760071,1,0.5,-0.191204,0,-0.191204,0.29307,0.0575134,-0.891908,0.061787,-0.00427363,-6.15716,-46.9226,-205.518,-51.4306,-34.1753,-20,10
0.765067,1,0.5,-0.191935,0,-0.191935,0.266653,0.0575134,-0.891908,0.061787,-0.00427363,-6.15716,-46.9226,-205.518,-51.4306,-35.4194,-20,10
0.770064,1,0.5,-0.193743,0,-0.193743,0.231134,0.0562846,-0.680717,0.061787,-0.00550243,-6.15716,-46.9226,-205.518,-51.4306,-26.488,-20,10
0.775094,1,0.5,-0.19655,0,-0.19655,0.187667,0.0562846,-0.680717,0.061787,-0.00550243,-6.15716,-46.9226,-205.518,-51.4306,-28.5449,-20,10
0.78005,1,0.5,-0.19655,0,-0.19655,0.187667,0.0626049,-0.367898,0.061787,0.000817895,-6.15716,-46.9226,-205.518,-51.4306,-11.1575,-11.1575,5.57875
0.785088,1,0.5,-0.205002,0,-0.205002,0.0803155,0.0626049,-0.367898,0.061787,0.000817895,-6.15716,-46.9226,-205.518,-51.4306,-16.2467,-16.2467,8.12337
0.79009,1,0.5,-0.209823,0,-0.209823,0.0291797,0.0760352,0.0128608,0.061787,0.0142482,-6.15716,-46.9226,-205.518,-51.4306,3.66698,3.66698,-1.83349
0.795034,1,0.5,-0.214807,0,-0.214807,-0.0239848,0.0760352,0.0128608,0.061787,0.0142482,-6.15716,-46.9226,-205.518,-51.4306,1.14168,1.14168,-0.570839
0.800069,1,0.5,-0.214807,0,-0.214807,-0.0239848,0.0760352,0.0128608,0.061787,0.0142482,-6.15716,-46.9226,-205.518,-51.4306,1.14168,1.14168,-0.570839
0.805108,1,0.5,-0.219473,0,-0.219473,-0.0683587,0.0949076,0.36945,0.061787,0.0331206,-6.15716,-46.9226,-205.518,-51.4306,21.249,20,-10
0.810092,1,0.5,-0.22392,0,-0.22392,-0.10869,0.0949076,0.36945,0.061787,0.0331206,-6.15716,-46.9226,-205.518,-51.4306,19.3292,19.3292,-9.66461
0.815097,1,0.5,-0.227294,0,-0.227294,-0.131581,0.112216,0.575945,0.061787,0.050429,-6.15716,-46.9226,-205.518,-51.4306,32.4117,20,-10
0.820093,1,0.5,-0.229288,0,-0.229288,-0.139569,0.112216,0.575945,0.061787,0.050429,-6.15716,-46.9226,-205.518,-51.4306,32.0246,20,-10
0.825093,1,0.5,-0.229996,0,-0.229996,-0.134851,0.122714,0.602597,0.061787,0.0609271,-6.15716,-46.9226,-205.518,-51.4306,35.7699,20,-10
0.830099,1,0.5,-0.229547,0,-0.229547,-0.119254,0.122714,0.602597,0.061787,0.0609271,-6.15716,-46.9226,-205.518,-51.4306,36.5045,20,-10
0.835103,1,0.5,-0.228045,0,-0.228045,-0.0942822,0.125799,0.483515,0.061787,0.0640123,-6.15716,-46.9226,-205.518,-51.4306,32.1951,20,-10
0.840108,1,0.5,-0.225574,0,-0.225574,-0.0611465,0.125799,0.483515,0.061787,0.0640123,-6.15716,-46.9226,-205.518,-51.4306,33.7651,20,-10
0.845104,1,0.5,-0.222197,0,-0.222197,-0.0208042,0.121538,0.248721,0.061787,0.059751,-6.15716,-46.9226,-205.518,-51.4306,22.7275,20,-10
0.850107,1,0.5,-0.217957,0,-0.217957,0.0260096,0.121538,0.248721,0.061787,0.059751,-6.15716,-46.9226,-205.518,-51.4306,24.9502,20,-10
0.855094,1,0.5,-0.212882,0,-0.212882,0.0787514,0.110122,-0.0750903,0.061787,0.0483347,-6.15716,-46.9226,-205.518,-51.4306,8.4562,8.4562,-4.2281
0.860112,1,0.5,-0.206935,0,-0.206935,0.136955,0.110122,-0.0750903,0.061787,0.0483347,-6.15716,-46.9226,-205.518,-51.4306,11.2239,11.2239,-5.61195
0.865112,1,0.5,-0.201099,0,-0.201099,0.187167,0.092128,-0.446797,0.061787,0.030341,-6.15716,-46.9226,-205.518,-51.4306,-9.19927,-9.19927,4.59964
0.870115,1,0.5,-0.195123,0,-0.195123,0.238919,0.092128,-0.446797,0.061787,0.030341,-6.15716,-46.9226,-205.518,-51.4306,-6.73414,-6.73414,3.36707
0.875085,1,0.5,-0.189413,0,-0.189413,0.281436,0.0713768,-0.728153,0.061787,0.00958983,-6.15716,-46.9226,-205.518,-51.4306,-23.439,-20,10
0.88009,1,0.5,-0.184308,0,-0.184308,0.316696,0.0713768,-0.728153,0.061787,0.00958983,-6.15716,-46.9226,-205.518,-51.4306,-21.7531,-20,10
0.885132,1,0.5,-0.180362,0,-0.180362,0.333989,0.0547886,-0.846989,0.061787,-0.00699837,-6.15716,-46.9226,-205.518,-51.4306,-30.4383,-20,10
0.890122,1,0.5,-0.177928,0,-0.177928,0.336,0.0547886,-0.846989,0.061787,-0.00699837,-6.15716,-46.9226,-205.518,-51.4306,-30.329,-20,10
0.895087,1,0.5,-0.176843,0,-0.176843,0.324986,0.0454325,-0.798577,0.061787,-0.0163545,-6.15716,-46.9226,-205.518,-51.4306,-30.2721,-20,10
0.900089,1,0.5,-0.176975,0,-0.176975,0.302818,0.0454325,-0.798577,0.061787,-0.0163545,-6.15716,-46.9226,-205.518,-51.4306,-31.3131,-20,10
0.905086,1,0.5,-0.178218,0,-0.178218,0.271023,0.0437103,-0.614493,0.061787,-0.0180767,-6.15716,-46.9226,-205.518,-51.4306,-23.699,-20,10
0.910085,1,0.5,-0.180489,0,-0.180489,0.230821,0.0437103,-0.614493,0.061787,-0.0180767,-6.15716,-46.9226,-205.518,-51.4306,-25.5994,-20,10
0.915089,1,0.5,-0.183781,0,-0.183781,0.183246,0.0494864,-0.323391,0.061787,-0.0123006,-6.15716,-46.9226,-205.518,-51.4306,-11.6934,-11.6934,5.84668
0.92009,1,0.5,-0.187934,0,-0.187934,0.128929,0.0494864,-0.323391,0.061787,-0.0123006,-6.15716,-46.9226,-205.518,-51.4306,-14.2676,-14.2676,7.13382
0.925087,1,0.5,-0.192328,0,-0.192328,0.0792537,0.0625012,0.0403798,0.061787,0.000714176,-6.15716,-46.9226,-205.518,-51.4306,4.75812,4.75812,-2.37906
0.930091,1,0.5,-0.196774,0,-0.196774,0.0299645,0.0625012,0.0403798,0.061787,0.000714176,-6.15716,-46.9226,-205.518,-51.4306,2.41798,2.41798,-1.20899
0.935086,1,0.5,-0.20102,0,-0.20102,-0.0127468,0.080569,0.369002,0.061787,0.018782,-6.15716,-46.9226,-205.518,-51.4306,21.0022,20,-10
0.940137,1,0.5,-0.204996,0,-0.204996,-0.0509165,0.080569,0.369002,0.061787,0.018782,-6.15716,-46.9226,-205.518,-51.4306,19.1867,19.1867,-9.59336
0.945089,1,0.5,-0.20796,0,-0.20796,-0.072133,0.0964253,0.547393,0.061787,0.0346383,-6.15716,-46.9226,-205.518,-51.4306,30.6064,20,-10
0.950085,1,0.5,-0.20953,0,-0.20953,-0.0800018,0.0964253,0.547393,0.061787,0.0346383,-6.15716,-46.9226,-205.518,-51.4306,30.2275,20,-10
0.955074,1,0.5,-0.209941,0,-0.209941,-0.0753786,0.105473,0.550226,0.061787,0.0436858,-6.15716,-46.9226,-205.518,-51.4306,32.4471,20,-10
0.960061,1,0.5,-0.209213,0,-0.209213,-0.0600169,0.105473,0.550226,0.061787,0.0436858,-6.15716,-46.9226,-205.518,-51.4306,33.1724,20,-10
0.965064,1,0.5,-0.207443,0,-0.207443,-0.0353467,0.106969,0.410204,0.061787,0.0451822,-6.15716,-46.9226,-205.518,-51.4306,27.447,20,-10
0.970065,1,0.5,-0.204707,0,-0.204707,-0.00251165,0.106969,0.410204,0.061787,0.0451822,-6.15716,-46.9226,-205.518,-51.4306,29.0045,20,-10
0.975074,1,0.5,-0.201062,0,-0.201062,0.0375953,0.101048,0.157389,0.061787,0.0392612,-6.15716,-46.9226,-205.518,-51.4306,16.6896,16.6896,-8.3448
0.980058,1,0.5,-0.196546,0,-0.196546,0.0842978,0.101048,0.157389,0.061787,0.0392612,-6.15716,-46.9226,-205.518,-51.4306,18.9088,18.9088,-9.4544
0.985064,1,0.5,-0.19144,0,-0.19144,0.132819,0.0879935,-0.177913,0.061787,0.0262065,-6.15716,-46.9226,-205.518,-51.4306,1.28923,1.28923,-0.644613
0.990062,1,0.5,-0.18568,0,-0.18568,0.186106,0.0879935,-0.177913,0.061787,0.0262065,-6.15716,-46.9226,-205.518,-51.4306,3.82502,3.82502,-1.91251
0.995062,1,0.5,-0.180055,0,-0.180055,0.232631,0.0691498,-0.515368,0.061787,0.00736283,-6.15716,-46.9226,-205.518,-51.4306,-15.1854,-15.1854,7.59272
1.00007,1,0.5,-0.174451,0,-0.174451,0.27715,0.0691498,-0.515368,0.061787,0.00736283,-6.15716,-46.9226,-205.518,-51.4306,-13.062,-13.062,6.53099
1.00507,1,0.5,-0.169496,0,-0.169496,0.308636,0.0505465,-0.72552,0.061787,-0.0112405,-6.15716,-46.9226,-205.518,-51.4306,-26.1857,-20,10
1.01007,1,0.5,-0.165426,0,-0.165426,0.32903,0.0505465,-0.72552,0.061787,-0.0112405,-6.15716,-46.9226,-205.518,-51.4306,-25.2037,-20,10
1.01506,1,0.5,-0.162439,0,-0.162439,0.336725,0.0381429,-0.758594,0.061787,-0.0236441,-6.15716,-46.9226,-205.518,-51.4306,-29.0744,-20,10
1.02006,1,0.5,-0.160825,0,-0.160825,0.330874,0.0381429,-0.758594,0.061787,-0.0236441,-6.15716,-46.9226,-205.518,-51.4306,-29.339,-20,10
1.02506,1,0.5,-0.160452,0,-0.160452,0.313357,0.0333601,-0.639891,0.061787,-0.0284269,-6.15716,-46.9226,-205.518,-51.4306,-25.0366,-20,10
1.03006,1,0.5,-0.161217,0,-0.161217,0.28571,0.0333601,-0.639891,0.061787,-0.0284269,-6.15716,-46.9226,-205.518,-51.4306,-26.3386,-20,10
1.03506,1,0.5,-0.163036,0,-0.163036,0.249164,0.0361935,-0.400134,0.061787,-0.0255935,-6.15716,-46.9226,-205.518,-51.4306,-15.1515,-15.1515,7.57573
1.04007,1,0.5,-0.165851,0,-0.165851,0.204687,0.0361935,-0.400134,0.061787,-0.0255935,-6.15716,-46.9226,-205.518,-51.4306,-17.2558,-17.2558,8.62789
1.04507,1,0.5,-0.169239,0,-0.169239,0.159317,0.0463812,-0.071915,0.061787,-0.0154058,-6.15716,-46.9226,-205.518,-51.4306,-0.43126,-0.43126,0.21563
1.05007,1,0.5,-0.173117,0,-0.173117,0.110129,0.0463812,-0.071915,0.061787,-0.0154058,-6.15716,-46.9226,-205.518,-51.4306,-2.76315,-2.76315,1.38157
1.05507,1,0.5,-0.177004,0,-0.177004,0.0664891,0.0624183,0.258616,0.061787,0.000631269,-6.15716,-46.9226,-205.518,-51.4306,15.4605,15.4605,-7.73024
1.06006,1,0.5,-0.180836,0,-0.180836,0.0247131,0.0624183,0.258616,0.061787,0.000631269,-6.15716,-46.9226,-205.518,-51.4306,13.4767,13.4767,-6.73833
1.06506,1,0.5,-0.184111,0,-0.184111,-0.00564749,0.0781504,0.462387,0.061787,0.0163634,-6.15716,-46.9226,-205.518,-51.4306,25.7452,20,-10
1.07007,1,0.5,-0.18652,0,-0.18652,-0.0268892,0.0781504,0.462387,0.061787,0.0163634,-6.15716,-46.9226,-205.518,-51.4306,24.7336,20,-10
1.07501,1,0.5,-0.18652,0,-0.18652,-0.0268892,0.0879292,0.497429,0.061787,0.0261422,-6.15716,-46.9226,-205.518,-51.4306,28.5456,20,-10
1.08008,1,0.5,-0.187877,0,-0.187877,-0.0339915,0.0879292,0.497429,0.061787,0.0261422,-6.15716,-46.9226,-205.518,-51.4306,28.204,20,-10
1.08507,1,0.5,-0.188003,0,-0.188003,-0.0289101,0.0879292,0.497429,0.061787,0.0261422,-6.15716,-46.9226,-205.518,-51.4306,28.4417,20,-10
1.09007,1,0.5,-0.187008,0,-0.187008,-0.0132508,0.0902108,0.381373,0.061787,0.0284238,-6.15716,-46.9226,-205.518,-51.4306,23.6826,20,-10
1.09504,1,0.5,-0.184977,0,-0.184977,0.0116907,0.0902108,0.381373,0.061787,0.0284238,-6.15716,-46.9226,-205.518,-51.4306,24.8655,20,-10
1.10006,1,0.5,-0.181975,0,-0.181975,0.0448908,0.0849571,0.145686,0.061787,0.0231701,-6.15716,-46.9226,-205.518,-51.4306,13.2405,13.2405,-6.62026
1.10507,1,0.5,-0.178047,0,-0.178047,0.0855615,0.0849571,0.145686,0.061787,0.0231701,-6.15716,-46.9226,-205.518,-51.4306,15.1731,15.1731,-7.58654
1.11007,1,0.5,-0.173716,0,-0.173716,0.125744,0.072537,-0.169616,0.061787,0.01075,-6.15716,-46.9226,-205.518,-51.4306,-1.68352,-1.68352,0.841762
1.11507,1,0.5,-0.168835,0,-0.168835,0.170451,0.072537,-0.169616,0.061787,0.01075,-6.15716,-46.9226,-205.518,-51.4306,0.444284,0.444284,-0.222142
1.12006,1,0.5,-0.16388,0,-0.16388,0.210534,0.0556947,-0.455407,0.061787,-0.00609232,-6.15716,-46.9226,-205.518,-51.4306,-15.8042,-15.8042,7.90208
1.12507,1,0.5,-0.159091,0,-0.159091,0.247432,0.0556947,-0.455407,0.061787,-0.00609232,-6.15716,-46.9226,-205.518,-51.4306,-14.0433,-14.0433,7.02167
1.1301,1,0.5,-0.15503,0,-0.15503,0.272222,0.0403278,-0.611013,0.061787,-0.0214592,-6.15716,-46.9226,-205.518,-51.4306,-24.0162,-20,10
1.13514,1,0.5,-0.151756,0,-0.151756,0.288168,0.0403278,-0.611013,0.061787,-0.0214592,-6.15716,-46.9226,-205.518,-51.4306,-23.2478,-20,10
1.14007,1,0.5,-0.149625,0,-0.149625,0.28976,0.0314264,-0.60067,0.061787,-0.0303606,-6.15716,-46.9226,-205.518,-51.4306,-24.4574,-20,10
1.14507,1,0.5,-0.148773,0,-0.148773,0.278963,0.0314264,-0.60067,0.061787,-0.0303606,-6.15716,-46.9226,-205.518,-51.4306,-24.9588,-20,10
1.15007,1,0.5,-0.149089,0,-0.149089,0.257388,0.0300716,-0.447096,0.061787,-0.0317154,-6.15716,-46.9226,-205.518,-51.4306,-18.3532,-18.3532,9.17658
1.15506,1,0.5,-0.150491,0,-0.150491,0.226339,0.0300716,-0.447096,0.061787,-0.0317154,-6.15716,-46.9226,-205.518,-51.4306,-19.8187,-19.8187,9.90935
1.16008,1,0.5,-0.152783,0,-0.152783,0.188976,0.03625,-0.182428,0.061787,-0.025537,-6.15716,-46.9226,-205.518,-51.4306,-6.70419,-6.70419,3.35209
1.16506,1,0.5,-0.155962,0,-0.155962,0.143943,0.03625,-0.182428,0.061787,-0.025537,-6.15716,-46.9226,-205.518,-51.4306,-8.83682,-8.83682,4.41841
1.17006,1,0.5,-0.159292,0,-0.159292,0.103247,0.0492363,0.134561,0.061787,-0.0125507,-6.15716,-46.9226,-205.518,-51.4306,8.20497,8.20497,-4.10248
1.1751,1,0.5,-0.162857,0,-0.162857,0.0610179,0.0492363,0.134561,0.061787,-0.0125507,-6.15716,-46.9226,-205.518,-51.4306,6.20152,6.20152,-3.10076
1.18008,1,0.5,-0.166239,0,-0.166239,0.0262754,0.0645681,0.377866,0.061787,0.00278106,-6.15716,-46.9226,-205.518,-51.4306,20.2148,20,-10
1.18507,1,0.5,-0.169159,0,-0.169159,-0.00258216,0.0645681,0.377866,0.061787,0.00278106,-6.15716,-46.9226,-205.518,-51.4306,18.8427,18.8427,-9.42136
1.19006,1,0.5,-0.171015,0,-0.171015,-0.0161875,0.0763506,0.472346,0.061787,0.0145636,-6.15716,-46.9226,-205.518,-51.4306,25.4736,20,-10
1.19511,1,0.5,-0.171722,0,-0.171722,-0.0181504,0.0763506,0.472346,0.061787,0.0145636,-6.15716,-46.9226,-205.518,-51.4306,25.3771,20,-10
1.20007,1,0.5,-0.171305,0,-0.171305,-0.00858255,0.0809515,0.404975,0.061787,0.0191645,-6.15716,-46.9226,-205.518,-51.4306,23.3093,20,-10
1.20505,1,0.5,-0.169801,0,-0.169801,0.0110301,0.0809515,0.404975,0.061787,0.0191645,-6.15716,-46.9226,-205.518,-51.4306,24.2388,20,-10
1.21007,1,0.5,-0.167288,0,-0.167288,0.0394994,0.0779658,0.207085,0.061787,0.0161788,-6.15716,-46.9226,-205.518,-51.4306,14.7989,14.7989,-7.39947
1.2151,1,0.5,-0.163821,0,-0.163821,0.0758974,0.0779658,0.207085,0.061787,0.0161788,-6.15716,-46.9226,-205.518,-51.4306,16.5282,16.5282,-8.26409
1.22007,1,0.5,-0.15985,0,-0.15985,0.112739,0.067645,-0.0866632,0.061787,0.00585803,-6.15716,-46.9226,-205.518,-51.4306,1.05256,1.05256,-0.526278
1.22508,1,0.5,-0.155404,0,-0.155404,0.154482,0.067645,-0.0866632,0.061787,0.00585803,-6.15716,-46.9226,-205.518,-51.4306,3.03864,3.03864,-1.51932
1.23006,1,0.5,-0.150723,0,-0.150723,0.193298,0.0519385,-0.375132,0.061787,-0.00984848,-6.15716,-46.9226,-205.518,-51.4306,-13.1753,-13.1753,6.58766
1.23506,1,0.5,-0.146054,0,-0.146054,0.230414,0.0519385,-0.375132,0.061787,-0.00984848,-6.15716,-46.9226,-205.518,-51.4306,-11.405,-11.405,5.70248
1.2401,1,0.5,-0.141868,0,-0.141868,0.257509,0.0367551,-0.551002,0.061787,-0.0250319,-6.15716,-46.9226,-205.518,-51.4306,-22.2734,-20,10
1.2451,1,0.5,-0.138471,0,-0.138471,0.27629,0.0367551,-0.551002,0.061787,-0.0250319,-6.15716,-46.9226,-205.518,-51.4306,-21.3712,-20,10
1.25013,1,0.5,-0.136142,0,-0.136142,0.280386,0.0269965,-0.570052,0.061787,-0.0347905,-6.15716,-46.9226,-205.518,-51.4306,-24.15,-20,10
1.2551,1,0.5,-0.135107,0,-0.135107,0.271828,0.0269965,-0.570052,0.061787,-0.0347905,-6.15716,-46.9226,-205.518,-51.4306,-24.5452,-20,10
1.26009,1,0.5,-0.135252,0,-0.135252,0.25229,0.0246846,-0.440585,0.061787,-0.0371024,-6.15716,-46.9226,-205.518,-51.4306,-19.2795,-19.2795,9.63973
1.26509,1,0.5,-0.136489,0,-0.136489,0.223129,0.0246846,-0.440585,0.061787,-0.0371024,-6.15716,-46.9226,-205.518,-51.4306,-20.6554,-20,10
1.27009,1,0.5,-0.138691,0,-0.138691,0.186354,0.0299158,-0.194442,0.061787,-0.0318712,-6.15716,-46.9226,-205.518,-51.4306,-8.66013,-8.66013,4.33006
1.27509,1,0.5,-0.141835,0,-0.141835,0.14176,0.0299158,-0.194442,0.061787,-0.0318712,-6.15716,-46.9226,-205.518,-51.4306,-10.7719,-10.7719,5.38597
1.28009,1,0.5,-0.145129,0,-0.145129,0.101566,0.0421802,0.119051,0.061787,-0.0196068,-6.15716,-46.9226,-205.518,-51.4306,5.96547,5.96547,-2.98273
1.28509,1,0.5,-0.148743,0,-0.148743,0.058829,0.0421802,0.119051,0.061787,-0.0196068,-6.15716,-46.9226,-205.518,-51.4306,3.93789,3.93789,-1.96894
1.29009,1,0.5,-0.152253,0,-0.152253,0.0224807,0.0576129,0.374826,0.061787,-0.00417412,-6.15716,-46.9226,-205.518,-51.4306,18.5371,18.5371,-9.26855
1.29508,1,0.5,-0.15541,0,-0.15541,-0.0090044,0.0576129,0.374826,0.061787,-0.00417412,-6.15716,-46.9226,-205.518,-51.4306,17.0403,17.0403,-8.52015
1.30008,1,0.5,-0.157693,0,-0.157693,-0.0265692,0.0702052,0.488936,0.061787,0.00841821,-6.15716,-46.9226,-205.518,-51.4306,24.6587,20,-10
1.30509,1,0.5,-0.157693,0,-0.157693,-0.0265692,0.0702052,0.488936,0.061787,0.00841821,-6.15716,-46.9226,-205.518,-51.4306,24.6587,20,-10
1.31009,1,0.5,-0.158942,0,-0.158942,-0.034186,0.0758728,0.43876,0.061787,0.0140858,-6.15716,-46.9226,-205.518,-51.4306,22.8778,20,-10
1.31509,1,0.5,-0.159109,0,-0.159109,-0.0294368,0.0758728,0.43876,0.061787,0.0140858,-6.15716,-46.9226,-205.518,-51.4306,23.0997,20,-10
1.32009,1,0.5,-0.158138,0,-0.158138,-0.0139373,0.0758728,0.43876,0.061787,0.0140858,-6.15716,-46.9226,-205.518,-51.4306,23.8329,20,-10
1.32509,1,0.5,-0.156117,0,-0.156117,0.0110109,0.0739313,0.253815,0.061787,0.0121443,-6.15716,-46.9226,-205.518,-51.4306,15.1052,15.1052,-7.55258
1.33008,1,0.5,-0.153052,0,-0.153052,0.0443004,0.0739313,0.253815,0.061787,0.0121443,-6.15716,-46.9226,-205.518,-51.4306,16.6861,16.6861,-8.34303
1.33508,1,0.5,-0.149494,0,-0.149494,0.0788551,0.0646391,-0.0311571,0.061787,0.00285212,-6.15716,-46.9226,-205.518,-51.4306,1.76336,1.76336,-0.88168
1.34009,1,0.5,-0.14536,0,-0.14536,0.119268,0.0646391,-0.0311571,0.061787,0.00285212,-6.15716,-46.9226,-205.518,-51.4306,3.6851,3.6851,-1.84255
1.34509,1,0.5,-0.140948,0,-0.140948,0.157285,0.0498691,-0.315126,0.061787,-0.0119179,-6.15716,-46.9226,-205.518,-51.4306,-12.1441,-12.1441,6.07204
1.35008,1,0.5,-0.136506,0,-0.136506,0.194237,0.0498691,-0.315126,0.061787,-0.0119179,-6.15716,-46.9226,-205.518,-51.4306,-10.3828,-10.3828,5.19142
1.35509,1,0.5,-0.132498,0,-0.132498,0.221608,0.0352792,-0.494956,0.061787,-0.0265078,-6.15716,-46.9226,-205.518,-51.4306,-21.3211,-20,10
1.36009,1,0.5,-0.129175,0,-0.129175,0.241219,0.0352792,-0.494956,0.061787,-0.0265078,-6.15716,-46.9226,-205.518,-51.4306,-20.3804,-20,10
1.36508,1,0.5,-0.126936,0,-0.126936,0.246202,0.0257739,-0.521452,0.061787,-0.0360131,-6.15716,-46.9226,-205.518,-51.4306,-23.4491,-20,10
1.37008,1,0.5,-0.125983,0,-0.125983,0.238571,0.0257739,-0.521452,0.061787,-0.0360131,-6.15716,-46.9226,-205.518,-51.4306,-23.8013,-20,10
1.37508,1,0.5,-0.126202,0,-0.126202,0.219982,0.0236267,-0.398157,0.061787,-0.0381603,-6.15716,-46.9226,-205.518,-51.4306,-18.775,-18.775,9.38749
1.38008,1,0.5,-0.127506,0,-0.127506,0.191781,0.0236267,-0.398157,0.061787,-0.0381603,-6.15716,-46.9226,-205.518,-51.4306,-20.1063,-20,10
1.38509,1,0.5,-0.129732,0,-0.129732,0.156616,0.0290056,-0.157714,0.061787,-0.0327814,-6.15716,-46.9226,-205.518,-51.4306,-8.29846,-8.29846,4.14923
1.39009,1,0.5,-0.132872,0,-0.132872,0.113544,0.0290056,-0.157714,0.061787,-0.0327814,-6.15716,-46.9226,-205.518,-51.4306,-10.3388,-10.3388,5.16941
1.39509,1,0.5,-0.136226,0,-0.136226,0.074407,0.0412996,0.147442,0.061787,-0.0204874,-6.15716,-46.9226,-205.518,-51.4306,6.02511,6.02511,-3.01256
1.40008,1,0.5,-0.139832,0,-0.139832,0.0329054,0.0412996,0.147442,0.061787,-0.0204874,-6.15716,-46.9226,-205.518,-51.4306,4.05555,4.05555,-2.02777
1.40509,1,0.5,-0.143351,0,-0.143351,-0.00223134,0.056609,0.394452,0.061787,-0.005178,-6.15716,-46.9226,-205.518,-51.4306,18.2354,18.2354,-9.11769
1.41009,1,0.5,-0.146513,0,-0.146513,-0.032498,0.056609,0.394452,0.061787,-0.005178,-6.15716,-46.9226,-205.518,-51.4306,16.7957,16.7957,-8.39786
1.41509,1,0.5,-0.14877,0,-0.14877,-0.0493653,0.0690584,0.501125,0.061787,0.00727141,-6.15716,-46.9226,-205.518,-51.4306,24.0352,20,-10
1.42009,1,0.5,-0.150084,0,-0.150084,-0.0566056,0.0690584,0.501125,0.061787,0.00727141,-6.15716,-46.9226,-205.518,-51.4306,23.6874,20,-10
1.42509,1,0.5,-0.150323,0,-0.150323,-0.0514361,0.0745346,0.444952,0.061787,0.0127476,-6.15716,-46.9226,-205.518,-51.4306,22.1649,20,-10
1.43009,1,0.5,-0.149419,0,-0.149419,-0.0354719,0.0745346,0.444952,0.061787,0.0127476,-6.15716,-46.9226,-205.518,-51.4306,22.9196,20,-10
1.43508,1,0.5,-0.147457,0,-0.147457,-0.010014,0.0723953,0.255027,0.061787,0.0106083,-6.15716,-46.9226,-205.518,-51.4306,13.9186,13.9186,-6.95929
1.44008,1,0.5,-0.1445,0,-0.1445,0.0239122,0.0723953,0.255027,0.061787,0.0106083,-6.15716,-46.9226,-205.518,-51.4306,15.5287,15.5287,-7.76434
1.44513,1,0.5,-0.141047,0,-0.141047,0.058726,0.0628936,-0.0287334,0.061787,0.00110659,-6.15716,-46.9226,-205.518,-51.4306,0.636776,0.636776,-0.318388
1.45009,1,0.5,-0.137024,0,-0.137024,0.0988122,0.0628936,-0.0287334,0.061787,0.00110659,-6.15716,-46.9226,-205.518,-51.4306,2.54249,2.54249,-1.27125
1.45509,1,0.5,-0.132783,0,-0.132783,0.135981,0.0484334,-0.303599,0.061787,-0.0133536,-6.15716,-46.9226,-205.518,-51.4306,-12.7957,-12.7957,6.39785
1.46009,1,0.5,-0.128564,0,-0.128564,0.171419,0.0484334,-0.303599,0.061787,-0.0133536,-6.15716,-46.9226,-205.518,-51.4306,-11.1069,-11.1069,5.55344
1.46509,1,0.5,-0.124812,0,-0.124812,0.197263,0.0345378,-0.470228,0.061787,-0.0272492,-6.15716,-46.9226,-205.518,-51.4306,-21.2967,-20,10
1.47011,1,0.5,-0.121773,0,-0.121773,0.21513,0.0345378,-0.470228,0.061787,-0.0272492,-6.15716,-46.9226,-205.518,-51.4306,-20.4396,-20,10
1.47512,1,0.5,-0.119812,0,-0.119812,0.218749,0.0259347,-0.483794,0.061787,-0.0358523,-6.15716,-46.9226,-205.518,-51.4306,-22.7236,-20,10
1.4801,1,0.5,-0.119112,0,-0.119112,0.210053,0.0259347,-0.483794,0.061787,-0.0358523,-6.15716,-46.9226,-205.518,-51.4306,-23.1272,-20,10
1.48508,1,0.5,-0.119564,0,-0.119564,0.190632,0.0247142,-0.350119,0.061787,-0.0370728,-6.15716,-46.9226,-205.518,-51.4306,-17.4172,-17.4172,8.70861
1.49011,1,0.5,-0.121086,0,-0.121086,0.161766,0.0247142,-0.350119,0.061787,-0.0370728,-6.15716,-46.9226,-205.518,-51.4306,-18.781,-18.781,9.39052
1.49511,1,0.5,-0.123469,0,-0.123469,0.127888,0.0309298,-0.102965,0.061787,-0.0308572,-6.15716,-46.9226,-205.518,-51.4306,-6.39668,-6.39668,3.19834
1.50009,1,0.5,-0.12654,0,-0.12654,0.0875299,0.0309298,-0.102965,0.061787,-0.0308572,-6.15716,-46.9226,-205.518,-51.4306,-8.30928,-8.30928,4.15464
1.50508,1,0.5,-0.129833,0,-0.129833,0.0493684,0.0437689,0.190072,0.061787,-0.0180181,-6.15716,-46.9226,-205.518,-51.4306,7.58955,7.58955,-3.79478
1.51003,1,0.5,-0.133408,0,-0.133408,0.00985028,0.0437689,0.190072,0.061787,-0.0180181,-6.15716,-46.9226,-205.518,-51.4306,5.71325,5.71325,-2.85662
1.51507,1,0.5,-0.136776,0,-0.136776,-0.0210664,0.0586,0.41932,0.061787,-0.00318704,-6.15716,-46.9226,-205.518,-51.4306,19.0802,19.0802,-9.54012
1.52007,1,0.5,-0.136776,0,-0.136776,-0.0210664,0.0586,0.41932,0.061787,-0.00318704,-6.15716,-46.9226,-205.518,-51.4306,19.0802,19.0802,-9.54012
1.52508,1,0.5,-0.139738,0,-0.139738,-0.0480741,0.0586,0.41932,0.061787,-0.00318704,-6.15716,-46.9226,-205.518,-51.4306,17.7947,17.7947,-8.89736
1.53009,1,0.5,-0.141769,0,-0.141769,-0.0609943,0.0699326,0.499124,0.061787,0.00814563,-6.15716,-46.9226,-205.518,-51.4306,23.6094,20,-10
1.53509,1,0.5,-0.142606,0,-0.142606,-0.0618408,0.0699326,0.499124,0.061787,0.00814563,-6.15716,-46.9226,-205.518,-51.4306,23.5645,20,-10
1.54009,1,0.5,-0.142293,0,-0.142293,-0.051075,0.0741471,0.419017,0.061787,0.0123601,-6.15716,-46.9226,-205.518,-51.4306,20.8178,20,-10
1.54509,1,0.5,-0.14088,0,-0.14088,-0.0301829,0.0741471,0.419017,0.061787,0.0123601,-6.15716,-46.9226,-205.518,-51.4306,21.8068,20,-10
1.55008,1,0.5,-0.138442,0,-0.138442,-0.000351304,0.0707459,0.210397,0.061787,0.00895892,-6.15716,-46.9226,-205.518,-51.4306,11.7932,11.7932,-5.89659
1.55507,1,0.5,-0.135036,0,-0.135036,0.0374936,0.0707459,0.210397,0.061787,0.00895892,-6.15716,-46.9226,-205.518,-51.4306,13.5899,13.5899,-6.79496
1.5601,1,0.5,-0.131308,0,-0.131308,0.0735992,0.0600785,-0.0834568,0.061787,-0.00170847,-6.15716,-46.9226,-205.518,-51.4306,-1.99838,-1.99838,0.999188
1.56507,1,0.5,-0.127115,0,-0.127115,0.113846,0.0600785,-0.0834568,0.061787,-0.00170847,-6.15716,-46.9226,-205.518,-51.4306,-0.084087,-0.084087,0.0420435
1.57007,1,0.5,-0.122861,0,-0.122861,0.149777,0.0451705,-0.348523,0.061787,-0.0166165,-6.15716,-46.9226,-205.518,-51.4306,-15.0683,-15.0683,7.53413
1.57507,1,0.5,-0.118772,0,-0.118772,0.182701,0.0451705,-0.348523,0.061787,-0.0166165,-6.15716,-46.9226,-205.518,-51.4306,-13.4982,-13.4982,6.74912
1.58007,1,0.5,-0.115269,0,-0.115269,0.205042,0.0317861,-0.489262,0.061787,-0.0300009,-6.15716,-46.9226,-205.518,-51.4306,-22.4174,-20,10
1.58507,1,0.5,-0.112643,0,-0.112643,0.218455,0.0317861,-0.489262,0.061787,-0.0300009,-6.15716,-46.9226,-205.518,-51.4306,-21.7719,-20,10
1.59007,1,0.5,-0.111063,0,-0.111063,0.21825,0.0244007,-0.47359,0.061787,-0.0373863,-6.15716,-46.9226,-205.518,-51.4306,-22.4836,-20,10
1.59507,1,0.5,-0.110708,0,-0.110708,0.206242,0.0244007,-0.47359,0.061787,-0.0373863,-6.15716,-46.9226,-205.518,-51.4306,-23.0448,-20,10
1.60006,1,0.5,-0.111479,0,-0.111479,0.183916,0.0245206,-0.316592,0.061787,-0.0372664,-6.15716,-46.9226,-205.518,-51.4306,-15.998,-15.998,7.999
1.60507,1,0.5,-0.1133,0,-0.1133,0.152462,0.0245206,-0.316592,0.061787,-0.0372664,-6.15716,-46.9226,-205.518,-51.4306,-17.4851,-17.4851,8.74257
1.61007,1,0.5,-0.115802,0,-0.115802,0.117985,0.0320733,-0.0529237,0.061787,-0.0297137,-6.15716,-46.9226,-205.518,-51.4306,-4.00543,-4.00543,2.00272
1.61507,1,0.5,-0.118886,0,-0.118886,0.0784351,0.0320733,-0.0529237,0.061787,-0.0297137,-6.15716,-46.9226,-205.518,-51.4306,-5.88022,-5.88022,2.94011
1.62007,1,0.5,-0.122311,0,-0.122311,0.0398515,0.0456449,0.232751,0.061787,-0.0161421,-6.15716,-46.9226,-205.518,-51.4306,9.76986,9.76986,-4.88493
1.62508,1,0.5,-0.125909,0,-0.125909,0.00121788,0.0456449,0.232751,0.061787,-0.0161421,-6.15716,-46.9226,-205.518,-51.4306,7.93491,7.93491,-3.96746
1.63008,1,0.5,-0.1292,0,-0.1292,-0.0292929,0.0600215,0.432892,0.061787,-0.00176551,-6.15716,-46.9226,-205.518,-51.4306,19.7311,19.7311,-9.86553
1.63507,1,0.5,-0.131942,0,-0.131942,-0.0532481,0.0600215,0.432892,0.061787,-0.00176551,-6.15716,-46.9226,-205.518,-51.4306,18.5901,18.5901,-9.29507
1.64007,1,0.5,-0.133677,0,-0.133677,-0.062746,0.070179,0.485543,0.061787,0.00839197,-6.15716,-46.9226,-205.518,-51.4306,22.9292,20,-10
1.64507,1,0.5,-0.134256,0,-0.134256,-0.0612916,0.070179,0.485543,0.061787,0.00839197,-6.15716,-46.9226,-205.518,-51.4306,22.9939,20,-10
1.65007,1,0.5,-0.133734,0,-0.133734,-0.0485278,0.0731147,0.383801,0.061787,0.0113277,-6.15716,-46.9226,-205.518,-51.4306,18.9667,18.9667,-9.48334
1.65506,1,0.5,-0.132125,0,-0.132125,-0.0258584,0.0731147,0.383801,0.061787,0.0113277,-6.15716,-46.9226,-205.518,-51.4306,20.0403,20,-10
1.66007,1,0.5,-0.129583,0,-0.129583,0.00425479,0.0684645,0.159065,0.061787,0.0066775,-6.15716,-46.9226,-205.518,-51.4306,8.95493,8.95493,-4.47747
1.6651,1,0.5,-0.126123,0,-0.126123,0.042456,0.0684645,0.159065,0.061787,0.0066775,-6.15716,-46.9226,-205.518,-51.4306,10.7687,10.7687,-5.38437
1.67006,1,0.5,-0.122338,0,-0.122338,0.0786697,0.056867,-0.132022,0.061787,-0.00491999,-6.15716,-46.9226,-205.518,-51.4306,-4.86301,-4.86301,2.4315
1.67506,1,0.5,-0.118234,0,-0.118234,0.117562,0.056867,-0.132022,0.061787,-0.00491999,-6.15716,-46.9226,-205.518,-51.4306,-3.01281,-3.01281,1.50641
1.68007,1,0.5,-0.114177,0,-0.114177,0.150762,0.0421749,-0.37359,0.061787,-0.0196121,-6.15716,-46.9226,-205.518,-51.4306,-16.8735,-16.8735,8.43673
1.68506,1,0.5,-0.110429,0,-0.110429,0.179654,0.0421749,-0.37359,0.061787,-0.0196121,-6.15716,-46.9226,-205.518,-51.4306,-15.4947,-15.4947,7.74734
1.69006,1,0.5,-0.107472,0,-0.107472,0.196793,0.0299833,-0.481158,0.061787,-0.0318037,-6.15716,-46.9226,-205.518,-51.4306,-22.7102,-20,10
1.69506,1,0.5,-0.105336,0,-0.105336,0.204958,0.0299833,-0.481158,0.061787,-0.0318037,-6.15716,-46.9226,-205.518,-51.4306,-22.3139,-20,10
1.70009,1,0.5,-0.10429,0,-0.10429,0.200291,0.0245141,-0.429938,0.061787,-0.0372729,-6.15716,-46.9226,-205.518,-51.4306,-21.0162,-20,10
1.70506,1,0.5,-0.104424,0,-0.104424,0.184447,0.0245141,-0.429938,0.061787,-0.0372729,-6.15716,-46.9226,-205.518,-51.4306,-21.7605,-20,10
1.71009,1,0.5,-0.10565,0,-0.10565,0.15877,0.0265738,-0.244679,0.061787,-0.0352132,-6.15716,-46.9226,-205.518,-51.4306,-13.0215,-13.0215,6.51076
1.71511,1,0.5,-0.107902,0,-0.107902,0.124329,0.0265738,-0.244679,0.061787,-0.0352132,-6.15716,-46.9226,-205.518,-51.4306,-14.6515,-14.6515,7.32574
1.72007,1,0.5,-0.110638,0,-0.110638,0.0892061,0.0359226,0.031357,0.061787,-0.0258644,-6.15716,-46.9226,-205.518,-51.4306,-0.198326,-0.198326,0.099163
1.72506,1,0.5,-0.11393,0,-0.11393,0.0491656,0.0359226,0.031357,0.061787,-0.0258644,-6.15716,-46.9226,-205.518,-51.4306,-2.0974,-2.0974,1.0487
1.73009,1,0.5,-0.117422,0,-0.117422,0.012135,0.0499434,0.296049,0.061787,-0.0118436,-6.15716,-46.9226,-205.518,-51.4306,12.6383,12.6383,-6.31917
1.73506,1,0.5,-0.120881,0,-0.120881,-0.023076,0.0499434,0.296049,0.061787,-0.0118436,-6.15716,-46.9226,-205.518,-51.4306,10.9648,10.9648,-5.48242
1.74007,1,0.5,-0.123882,0,-0.123882,-0.0489164,0.0633035,0.454546,0.061787,0.00151646,-6.15716,-46.9226,-205.518,-51.4306,20.6312,20,-10
1.74507,1,0.5,-0.12619,0,-0.12619,-0.0669723,0.0633035,0.454546,0.061787,0.00151646,-6.15716,-46.9226,-205.518,-51.4306,19.7698,19.7698,-9.88488
1.75006,1,0.5,-0.127447,0,-0.127447,-0.0710729,0.0714407,0.462174,0.061787,0.0096537,-6.15716,-46.9226,-205.518,-51.4306,21.6342,20,-10
1.75507,1,0.5,-0.12749,0,-0.12749,-0.0634087,0.0714407,0.462174,0.061787,0.0096537,-6.15716,-46.9226,-205.518,-51.4306,21.9936,20,-10
1.76006,1,0.5,-0.126416,0,-0.126416,-0.0451877,0.0721758,0.323021,0.061787,0.0103888,-6.15716,-46.9226,-205.518,-51.4306,15.8496,15.8496,-7.92478
1.76506,1,0.5,-0.126416,0,-0.126416,-0.0451877,0.0721758,0.323021,0.061787,0.0103888,-6.15716,-46.9226,-205.518,-51.4306,15.8496,15.8496,-7.92478
1.77006,1,0.5,-0.124292,0,-0.124292,-0.0176522,0.0721758,0.323021,0.061787,0.0103888,-6.15716,-46.9226,-205.518,-51.4306,17.1547,17.1547,-8.57733
1.77506,1,0.5,-0.121506,0,-0.121506,0.0128086,0.0654018,0.0721705,0.061787,0.00361475,-6.15716,-46.9226,-205.518,-51.4306,4.30755,4.30755,-2.15377
1.78008,1,0.5,-0.118141,0,-0.118141,0.0480839,0.0654018,0.0721705,0.061787,0.00361475,-6.15716,-46.9226,-205.518,-51.4306,5.98347,5.98347,-2.99174
1.78507,1,0.5,-0.114478,0,-0.114478,0.0827861,0.0528787,-0.19764,0.061787,-0.0089083,-6.15716,-46.9226,-205.518,-51.4306,-8.81589,-8.81589,4.40794
1.79007,1,0.5,-0.110644,0,-0.110644,0.117804,0.0528787,-0.19764,0.061787,-0.0089083,-6.15716,-46.9226,-205.518,-51.4306,-7.14916,-7.14916,3.57458
1.79507,1,0.5,-0.107071,0,-0.107071,0.14539,0.0394161,-0.389923,0.061787,-0.0223709,-6.15716,-46.9226,-205.518,-51.4306,-18.4888,-18.4888,9.24438
1.80006,1,0.5,-0.104031,0,-0.104031,0.165504,0.0394161,-0.389923,0.061787,-0.0223709,-6.15716,-46.9226,-205.518,-51.4306,-17.5262,-17.5262,8.76312
1.80506,1,0.5,-0.10182,0,-0.10182,0.17479,0.0298622,-0.439892,0.061787,-0.0319248,-6.15716,-46.9226,-205.518,-51.4306,-21.6104,-20,10
1.81006,1,0.5,-0.100627,0,-0.100627,0.17435,0.0298622,-0.439892,0.061787,-0.0319248,-6.15716,-46.9226,-205.518,-51.4306,-21.6236,-20,10
1.81506,1,0.5,-0.100503,0,-0.100503,0.162288,0.0274362,-0.337618,0.061787,-0.0343508,-6.15716,-46.9226,-205.518,-51.4306,-17.4274,-17.4274,8.71372
1.82008,1,0.5,-0.101492,0,-0.101492,0.140017,0.0274362,-0.337618,0.061787,-0.0343508,-6.15716,-46.9226,-205.518,-51.4306,-18.4785,-18.4785,9.23927
1.82507,1,0.5,-0.103322,0,-0.103322,0.111989,0.0325234,-0.11482,0.061787,-0.0292636,-6.15716,-46.9226,-205.518,-51.4306,-7.30078,-7.30078,3.65039
1.8301,1,0.5,-0.105908,0,-0.105908,0.0773326,0.0325234,-0.11482,0.061787,-0.0292636,-6.15716,-46.9226,-205.518,-51.4306,-8.94288,-8.94288,4.47144
1.83506,1,0.5,-0.108983,0,-0.108983,0.0415807,0.0440692,0.154419,0.061787,-0.0177178,-6.15716,-46.9226,-205.518,-51.4306,5.58055,5.58055,-2.79027
1.84006,1,0.5,-0.112391,0,-0.112391,0.00396656,0.0440692,0.154419,0.061787,-0.0177178,-6.15716,-46.9226,-205.518,-51.4306,3.79461,3.79461,-1.89731
1.8451,1,0.5,-0.11568,0,-0.11568,-0.0277882,0.0577709,0.369751,0.061787,-0.00401613,-6.15716,-46.9226,-205.518,-51.4306,16.1749,16.1749,-8.08747
1.8501,1,0.5,-0.11866,0,-0.11866,-0.0550381,0.0577709,0.369751,0.061787,-0.00401613,-6.15716,-46.9226,-205.518,-51.4306,14.878,14.878,-7.43898
1.85509,1,0.5,-0.120966,0,-0.120966,-0.0716762,0.0686642,0.454716,0.061787,0.00687717,-6.15716,-46.9226,-205.518,-51.4306,20.6916,20,-10
1.86009,1,0.5,-0.122406,0,-0.122406,-0.0791993,0.0686642,0.454716,0.061787,0.00687717,-6.15716,-46.9226,-205.518,-51.4306,20.3298,20,-10
1.8651,1,0.5,-0.122781,0,-0.122781,-0.0742178,0.0731128,0.389539,0.061787,0.0113258,-6.15716,-46.9226,-205.518,-51.4306,18.1234,18.1234,-9.06171
1.87009,1,0.5,-0.122002,0,-0.122002,-0.058319,0.0731128,0.389539,0.061787,0.0113258,-6.15716,-46.9226,-205.518,-51.4306,18.8742,18.8742,-9.43711
1.87509,1,0.5,-0.1203,0,-0.1203,-0.0352229,0.0700589,0.194006,0.061787,0.00827194,-6.15716,-46.9226,-205.518,-51.4306,9.28444,9.28444,-4.64222
1.88009,1,0.5,-0.117762,0,-0.117762,-0.00466313,0.0700589,0.194006,0.061787,0.00827194,-6.15716,-46.9226,-205.518,-51.4306,10.734,10.734,-5.36701
1.8851,1,0.5,-0.114711,0,-0.114711,0.0276702,0.0602024,-0.0656712,0.061787,-0.00158465,-6.15716,-46.9226,-205.518,-51.4306,-3.11112,-3.11112,1.55556
1.89009,1,0.5,-0.111193,0,-0.111193,0.0630232,0.0602024,-0.0656712,0.061787,-0.00158465,-6.15716,-46.9226,-205.518,-51.4306,-1.43061,-1.43061,0.715303
1.89509,1,0.5,-0.10768,0,-0.10768,0.0939364,0.0473719,-0.290672,0.061787,-0.0144151,-6.15716,-46.9226,-205.518,-51.4306,-14.1672,-14.1672,7.08362
1.90009,1,0.5,-0.104376,0,-0.104376,0.121609,0.0473719,-0.290672,0.061787,-0.0144151,-6.15716,-46.9226,-205.518,-51.4306,-12.8484,-12.8484,6.42421
1.90511,1,0.5,-0.101636,0,-0.101636,0.139655,0.0363456,-0.4004,0.061787,-0.0254414,-6.15716,-46.9226,-205.518,-51.4306,-19.8943,-19.8943,9.94714
1.9101,1,0.5,-0.0996625,0,-0.0996625,0.149508,0.0363456,-0.4004,0.061787,-0.0254414,-6.15716,-46.9226,-205.518,-51.4306,-19.4198,-19.4198,9.70991
1.9151,1,0.5,-0.0987237,0,-0.0987237,0.146607,0.0310585,-0.363276,0.061787,-0.0307285,-6.15716,-46.9226,-205.518,-51.4306,-18.7275,-18.7275,9.36374
1.92009,1,0.5,-0.0989116,0,-0.0989116,0.133207,0.0310585,-0.363276,0.061787,-0.0307285,-6.15716,-46.9226,-205.518,-51.4306,-19.3574,-19.3574,9.6787
1.92509,1,0.5,-0.100064,0,-0.100064,0.111455,0.0331503,-0.190875,0.061787,-0.0286367,-6.15716,-46.9226,-205.518,-51.4306,-11.0885,-11.0885,5.54427
1.93009,1,0.5,-0.102139,0,-0.102139,0.0814171,0.0331503,-0.190875,0.061787,-0.0286367,-6.15716,-46.9226,-205.518,-51.4306,-12.5108,-12.5108,6.25539
1.93509,1,0.5,-0.104766,0,-0.104766,0.049455,0.0422294,0.0605736,0.061787,-0.0195576,-6.15716,-46.9226,-205.518,-51.4306,0.771376,0.771376,-0.385688
1.94009,1,0.5,-0.107893,0,-0.107893,0.0134762,0.0422294,0.0605736,0.061787,-0.0195576,-6.15716,-46.9226,-205.518,-51.4306,-0.936097,-0.936097,0.468048
1.94509,1,0.5,-0.111157,0,-0.111157,-0.0192691,0.0551149,0.294591,0.061787,-0.00667208,-6.15716,-46.9226,-205.518,-51.4306,12.1912,12.1912,-6.09559
1.95014,1,0.5,-0.114335,0,-0.114335,-0.0498963,0.0551149,0.294591,0.061787,-0.00667208,-6.15716,-46.9226,-205.518,-51.4306,10.7345,10.7345,-5.36726
1.95512,1,0.5,-0.117056,0,-0.117056,-0.0717193,0.0670371,0.427083,0.061787,0.00525006,-6.15716,-46.9226,-205.518,-51.4306,18.9581,18.9581,-9.47905
1.96011,1,0.5,-0.119109,0,-0.119109,-0.0861715,0.0670371,0.427083,0.061787,0.00525006,-6.15716,-46.9226,-205.518,-51.4306,18.2673,18.2673,-9.13366
1.96509,1,0.5,-0.120163,0,-0.120163,-0.0885661,0.0739282,0.416122,0.061787,0.0121412,-6.15716,-46.9226,-205.518,-51.4306,19.001,19.001,-9.5005
1.9701,1,0.5,-0.120257,0,-0.120257,-0.0813439,0.0739282,0.416122,0.061787,0.0121412,-6.15716,-46.9226,-205.518,-51.4306,19.3393,19.3393,-9.66965
1.97509,1,0.5,-0.119388,0,-0.119388,-0.0647476,0.0734857,0.264318,0.061787,0.0116987,-6.15716,-46.9226,-205.518,-51.4306,12.2251,12.2251,-6.11254
1.98009,1,0.5,-0.117555,0,-0.117555,-0.0393858,0.0734857,0.264318,0.061787,0.0116987,-6.15716,-46.9226,-205.518,-51.4306,13.4264,13.4264,-6.71321
1.98509,1,0.5,-0.11508,0,-0.11508,-0.0103933,0.0659312,0.0258002,0.061787,0.00414419,-6.15716,-46.9226,-205.518,-51.4306,0.982381,0.982381,-0.491191
1.99008,1,0.5,-0.112006,0,-0.112006,0.0233231,0.0659312,0.0258002,0.061787,0.00414419,-6.15716,-46.9226,-205.518,-51.4306,2.58337,2.58337,-1.29168
1.99508,1,0.5,-0.108714,0,-0.108714,0.0548923,0.0541611,-0.209442,0.061787,-0.00762588,-6.15716,-46.9226,-205.518,-51.4306,-10.4326,-10.4326,5.21632
2.00008,1,0.5,-0.105416,0,-0.105416,0.0852902,0.0541611,-0.209442,0.061787,-0.00762588,-6.15716,-46.9226,-205.518,-51.4306,-8.98599,-8.98599,4.49299
2.00509,1,0.5,-0.102524,0,-0.102524,0.105829,0.0426077,-0.363462,0.061787,-0.0191793,-6.15716,-46.9226,-205.518,-51.4306,-18.3003,-18.3003,9.15014
2.01008,1,0.5,-0.100169,0,-0.100169,0.121952,0.0426077,-0.363462,0.061787,-0.0191793,-6.15716,-46.9226,-205.518,-51.4306,-17.5292,-17.5292,8.76462
2.01508,1,0.5,-0.0986771,0,-0.0986771,0.126585,0.0355449,-0.370906,0.061787,-0.0262421,-6.15716,-46.9226,-205.518,-51.4306,-19.137,-19.137,9.56851
2.02008,1,0.5,-0.0986771,0,-0.0986771,0.126585,0.0355449,-0.370906,0.061787,-0.0262421,-6.15716,-46.9226,-205.518,-51.4306,-19.137,-19.137,9.56851
2.02507,1,0.5,-0.0981335,0,-0.0981335,0.122264,0.0355449,-0.370906,0.061787,-0.0262421,-6.15716,-46.9226,-205.518,-51.4306,-19.3364,-19.3364,9.66819
2.0301,1,0.5,-0.0985463,0,-0.0985463,0.108029,0.0356144,-0.234976,0.061787,-0.0261726,-6.15716,-46.9226,-205.518,-51.4306,-13.0017,-13.0017,6.50084
2.03509,1,0.5,-0.0999489,0,-0.0999489,0.0847374,0.0356144,-0.234976,0.061787,-0.0261726,-6.15716,-46.9226,-205.518,-51.4306,-14.1032,-14.1032,7.0516
2.04009,1,0.5,-0.102076,0,-0.102076,0.056779,0.0427872,-0.00793152,0.061787,-0.0189998,-6.15716,-46.9226,-205.518,-51.4306,-2.27701,-2.27701,1.1385
2.04512,1,0.5,-0.104844,0,-0.104844,0.0236519,0.0427872,-0.00793152,0.061787,-0.0189998,-6.15716,-46.9226,-205.518,-51.4306,-3.84846,-3.84846,1.92423
2.05006,1,0.5,-0.107887,0,-0.107887,-0.00806338,0.0544385,0.225669,0.061787,-0.00734847,-6.15716,-46.9226,-205.518,-51.4306,9.05339,9.05339,-4.5267
2.05511,1,0.5,-0.111005,0,-0.111005,-0.0392699,0.0544385,0.225669,0.061787,-0.00734847,-6.15716,-46.9226,-205.518,-51.4306,7.56991,7.56991,-3.78495
2.0601,1,0.5,-0.113791,0,-0.113791,-0.0632834,0.0663612,0.381327,0.061787,0.00457419,-6.15716,-46.9226,-205.518,-51.4306,16.8819,16.8819,-8.44094
2.06509,1,0.5,-0.116106,0,-0.116106,-0.0814112,0.0663612,0.381327,0.061787,0.00457419,-6.15716,-46.9226,-205.518,-51.4306,16.017,16.017,-8.00851
2.07007,1,0.5,-0.117671,0,-0.117671,-0.0892604,0.07427,0.404261,0.061787,0.012483,-6.15716,-46.9226,-205.518,-51.4306,18.444,18.444,-9.222
2.07506,1,0.5,-0.118343,0,-0.118343,-0.0880846,0.07427,0.404261,0.061787,0.012483,-6.15716,-46.9226,-205.518,-51.4306,18.495,18.495,-9.24752
2.0801,1,0.5,-0.118091,0,-0.118091,-0.0773331,0.0755005,0.28887,0.061787,0.0137135,-6.15716,-46.9226,-205.518,-51.4306,13.3194,13.3194,-6.65968
2.08509,1,0.5,-0.116891,0,-0.116891,-0.0577398,0.0755005,0.28887,0.061787,0.0137135,-6.15716,-46.9226,-205.518,-51.4306,14.2461,14.2461,-7.12305
2.09006,1,0.5,-0.114932,0,-0.114932,-0.0327055,0.0698228,0.0795251,0.061787,0.00803581,-6.15716,-46.9226,-205.518,-51.4306,3.49925,3.49925,-1.74962
2.09507,1,0.5,-0.112312,0,-0.112312,-0.00219436,0.0698228,0.0795251,0.061787,0.00803581,-6.15716,-46.9226,-205.518,-51.4306,4.94704,4.94704,-2.47352
2.10008,1,0.5,-0.109367,0,-0.109367,0.0277492,0.0594996,-0.146477,0.061787,-0.00228741,-6.15716,-46.9226,-205.518,-51.4306,-7.37482,-7.37482,3.68741
2.10508,1,0.5,-0.106271,0,-0.106271,0.0578965,0.0594996,-0.146477,0.061787,-0.00228741,-6.15716,-46.9226,-205.518,-51.4306,-5.94117,-5.94117,2.97058
2.11007,1,0.5,-0.103403,0,-0.103403,0.081801,0.0484303,-0.307432,0.061787,-0.0133567,-6.15716,-46.9226,-205.518,-51.4306,-15.3548,-15.3548,7.6774
2.11507,1,0.5,-0.100954,0,-0.100954,0.100681,0.0484303,-0.307432,0.061787,-0.0133567,-6.15716,-46.9226,-205.518,-51.4306,-14.4538,-14.4538,7.22691
2.12008,1,0.5,-0.0991746,0,-0.0991746,0.110024,0.040671,-0.346937,0.061787,-0.021116,-6.15716,-46.9226,-205.518,-51.4306,-17.6309,-17.6309,8.81546
2.12508,1,0.5,-0.0982102,0,-0.0982102,0.111044,0.040671,-0.346937,0.061787,-0.021116,-6.15716,-46.9226,-205.518,-51.4306,-17.5771,-17.5771,8.78856
2.13009,1,0.5,-0.0981165,0,-0.0981165,0.102743,0.0390167,-0.253619,0.061787,-0.0227703,-6.15716,-46.9226,-205.518,-51.4306,-13.5066,-13.5066,6.75332
2.13508,1,0.5,-0.0989317,0,-0.0989317,0.085887,0.0390167,-0.253619,0.061787,-0.0227703,-6.15716,-46.9226,-205.518,-51.4306,-14.3026,-14.3026,7.15129
2.14008,1,0.5,-0.100501,0,-0.100501,0.0632753,0.0439918,-0.0641304,0.061787,-0.0177952,-6.15716,-46.9226,-205.518,-51.4306,-4.60527,-4.60527,2.30263
2.14509,1,0.5,-0.102744,0,-0.102744,0.0349614,0.0439918,-0.0641304,0.061787,-0.0177952,-6.15716,-46.9226,-205.518,-51.4306,-5.94764,-5.94764,2.97382
2.15008,1,0.5,-0.105356,0,-0.105356,0.00645665,0.0537221,0.151036,0.061787,-0.00806493,-6.15716,-46.9226,-205.518,-51.4306,5.76467,5.76467,-2.88233
2.15508,1,0.5,-0.108168,0,-0.108168,-0.0229001,0.0537221,0.151036,0.061787,-0.00806493,-6.15716,-46.9226,-205.518,-51.4306,4.36986,4.36986,-2.18493
2.16007,1,0.5,-0.110815,0,-0.110815,-0.0469347,0.0646808,0.313637,0.061787,0.00289381,-6.15716,-46.9226,-205.518,-51.4306,13.8407,13.8407,-6.92033
