timestamp,com_height,hip_angle_rad,knee_angle_rad,hip_torque,knee_torque,hip_effort,knee_effort
0.00513669,0.5,0.602725,-0.96275,1.28513,12.0301,0,0
0.0101304,0.5,0.602725,-0.96275,1.28513,12.0301,0,0
0.0150979,0.5,0.602725,-0.96275,1.28513,12.0301,0,0
0.0201224,0.5,0.602725,-0.96275,1.28513,12.0301,0,0
0.0250946,0.5,0.602725,-0.96275,1.28513,12.0301,0,0
0.0300903,0.5,0.602725,-0.96275,1.28513,12.0301,0,0
0.0351244,0.5,0.602725,-0.96275,1.28513,12.0301,0,0
0.0401237,0.5,0.602725,-0.96275,1.28513,12.0301,0,0
0.0451259,0.5,0.602725,-0.96275,1.28513,12.0301,0,0
0.0500885,0.5,0.602725,-0.96275,1.28513,12.0301,0,0
0.0550779,0.5,0.602725,-0.96275,1.28513,12.0301,0,0
0.0601117,0.5,0.602725,-0.96275,1.28513,12.0301,0,0
0.0650721,0.5,0.602725,-0.96275,1.28513,12.0301,0,0
0.0700729,0.5,0.602725,-0.96275,1.28513,12.0301,0,0
0.075118,0.5,0.602725,-0.96275,1.28513,12.0301,0,0
0.0801348,0.5,0.602725,-0.96275,1.28513,12.0301,0,0
0.0851033,0.5,0.602725,-0.96275,1.28513,12.0301,0,0
0.0901014,0.5,0.602725,-0.96275,1.28513,12.0301,0,0
0.0951197,0.5,0.602725,-0.96275,1.28513,12.0301,0,0
0.10011,0.5,0.602725,-0.96275,1.28513,12.0301,0,0
0.1051,0.5,0.602725,-0.96275,1.28513,12.0301,0,0
0.110108,0.5,0.602725,-0.96275,1.28513,12.0301,0,0
0.11511,0.5,0.602725,-0.96275,1.28513,12.0301,0,0
0.120098,0.5,0.602725,-0.96275,1.28513,12.0301,0,0
0.12511,0.5,0.602725,-0.96275,1.28513,12.0301,0,0
0.130126,0.5,0.602725,-0.96275,1.28513,12.0301,0,0
0.135105,0.5,0.602725,-0.96275,1.28513,12.0301,0,0
0.140116,0.5,0.602725,-0.96275,1.28513,12.0301,0,0
0.145116,0.5,0.602725,-0.96275,1.28513,12.0301,0,0
0.150085,0.5,0.602725,-0.96275,1.28513,12.0301,0,0
0.155191,0.5,0.602725,-0.96275,1.28513,12.0301,0,0
0.160106,0.5,0.602725,-0.96275,1.28513,12.0301,0,0
0.165112,0.5,0.602725,-0.96275,1.28513,12.0301,0,0
0.170084,0.5,0.602725,-0.96275,1.28513,12.0301,0,0
0.175069,0.5,0.602725,-0.96275,1.28513,12.0301,0,0
0.180127,0.5,0.602725,-0.96275,1.28513,12.0301,0,0
0.185118,0.5,0.602725,-0.96275,1.28513,12.0301,0,0
0.19019,0.5,0.602725,-0.96275,1.28513,12.0301,0,0
0.19509,0.5,0.602725,-0.96275,1.28513,12.0301,0,0
0.200102,0.5,0.602725,-0.96275,1.28513,12.0301,0,0
0.205131,0.5,0.602725,-0.96275,1.28513,12.0301,0,0
0.210083,0.5,0.602725,-0.96275,1.28513,12.0301,0,0
0.215118,0.5,0.602725,-0.96275,1.28513,12.0301,0,0
0.220121,0.5,0.602725,-0.96275,1.28513,12.0301,0,0
0.225091,0.5,0.602725,-0.96275,1.28513,12.0301,0,0
0.230076,0.5,0.602725,-0.96275,1.28513,12.0301,0,0
0.235121,0.5,0.602725,-0.96275,1.28513,12.0301,0,0
0.24013,0.5,0.602725,-0.96275,1.28513,12.0301,0,0
0.245091,0.5,0.602725,-0.96275,1.28513,12.0301,0,0
0.250104,0.5,0.602725,-0.96275,1.28513,12.0301,0,0
0.255116,0.5,0.602725,-0.96275,1.28513,12.0301,0,0
0.260103,0.5,0.602725,-0.96275,1.28513,12.0301,0,0
0.265089,0.5,0.602725,-0.96275,1.28513,12.0301,0,0
0.270104,0.5,0.602725,-0.96275,1.28513,12.0301,0,0
0.275131,0.5,0.602725,-0.96275,1.28513,12.0301,0,0
0.280093,0.5,0.602725,-0.96275,1.28513,12.0301,0,0
0.285061,0.5,0.602725,-0.96275,1.28513,12.0301,0,0
0.290111,0.5,0.602725,-0.96275,1.28513,12.0301,0,0
0.2951,0.5,0.602725,-0.96275,1.28513,12.0301,0,0
0.300112,0.5,0.602725,-0.96275,1.28513,12.0301,0,0
0.305105,0.5,0.602725,-0.96275,1.28513,12.0301,0,0
0.310109,0.5,0.602725,-0.96275,1.28513,12.0301,0,0
0.31512,0.5,0.602725,-0.96275,1.28513,12.0301,0,0
0.320074,0.5,0.602725,-0.96275,1.28513,12.0301,0,0
0.325101,0.5,0.602725,-0.96275,1.28513,12.0301,0,0
0.330124,0.5,0.602725,-0.96275,1.28513,12.0301,0,0
0.335087,0.5,0.602725,-0.96275,1.28513,12.0301,0,0
0.340132,0.5,0.602725,-0.96275,1.28513,12.0301,0,0
0.345132,0.5,0.602725,-0.96275,1.28513,12.0301,0,0
0.350119,0.5,0.602725,-0.96275,1.28513,12.0301,0,0
0.355112,0.5,0.602725,-0.96275,1.28513,12.0301,0,0
0.360119,0.5,0.602725,-0.96275,1.28513,12.0301,0,0
0.365117,0.5,0.602725,-0.96275,1.28513,12.0301,0,0
0.370107,0.5,0.602725,-0.96275,1.28513,12.0301,0,0
0.375086,0.5,0.602725,-0.96275,1.28513,12.0301,0,0
0.380095,0.5,0.602725,-0.96275,1.28513,12.0301,0,0
0.385095,0.5,0.602725,-0.96275,1.28513,12.0301,0,0
0.390112,0.5,0.602725,-0.96275,1.28513,12.0301,0,0
0.395111,0.5,0.602725,-0.96275,1.28513,12.0301,0,0
0.400123,0.5,0.602725,-0.96275,1.28513,12.0301,0,0
0.405105,0.5,0.602725,-0.96275,1.28513,12.0301,0,0
0.410113,0.5,0.602725,-0.96275,1.28513,12.0301,0,0
0.41509,0.5,0.602725,-0.96275,1.28513,12.0301,0,0
0.420092,0.5,0.602725,-0.96275,1.28513,12.0301,0,0
0.425123,0.5,0.602725,-0.96275,1.28513,12.0301,0,0
0.430085,0.5,0.602725,-0.96275,1.28513,12.0301,0,0
0.435094,0.5,0.602725,-0.96275,1.28513,12.0301,0,0
0.440092,0.5,0.602725,-0.96275,1.28513,12.0301,0,0
0.445112,0.5,0.602725,-0.96275,1.28513,12.0301,0,0
0.450136,0.5,0.602725,-0.96275,1.28513,12.0301,0,0
0.455121,0.5,0.602725,-0.96275,1.28513,12.0301,0,0
0.460085,0.5,0.602725,-0.96275,1.28513,12.0301,0,0
0.465086,0.5,0.602725,-0.96275,1.28513,12.0301,0,0
0.470095,0.5,0.602725,-0.96275,1.28513,12.0301,0,0
0.470112,0.5,0.602725,-0.96275,1.28513,12.0301,0,0
0.475146,0.5,0.602725,-0.96275,1.28513,12.0301,0,0
0.475167,0.5,0.602725,-0.96275,1.28513,12.0301,0,0
0.480104,0.5,0.602725,-0.96275,1.28513,12.0301,0,0
0.480117,0.5,0.602725,-0.96275,1.28513,12.0301,0,0
0.485126,0.5,0.602725,-0.96275,1.28513,12.0301,0,0
0.485139,0.5,0.602725,-0.96275,1.28513,12.0301,0,0
0.490104,0.5,0.602725,-0.96275,1.28513,12.0301,0,0
0.490124,0.5,0.602725,-0.96275,1.28513,12.0301,0,0
0.495093,0.5,0.602725,-0.96275,1.28513,12.0301,0,0
0.49511,0.5,0.602725,-0.96275,1.28513,12.0301,0,0
0.500112,0.5,0.602725,-0.96275,1.28513,12.0301,0,0
0.500126,0.5,0.602725,-0.96275,1.28513,12.0301,0,0
0.505072,0.5,0.602725,-0.96275,1.28513,12.0301,0,0
0.505083,0.5,0.602725,-0.96275,1.28513,12.0301,0,0
0.510114,0.5,0.602725,-0.96275,1.28513,12.0301,0,0
0.510125,0.5,0.602725,-0.96275,1.28513,12.0301,0,0
0.515085,0.5,0.602725,-0.96275,1.28513,12.0301,0,0
0.515102,0.5,0.602725,-0.96275,1.28513,12.0301,0,0
0.520105,0.5,0.602725,-0.96275,1.28513,12.0301,0,0
0.520119,0.5,0.602725,-0.96275,1.28513,12.0301,0,0
0.525085,0.5,0.602725,-0.96275,1.28513,12.0301,0,0
0.525099,0.5,0.602725,-0.96275,1.28513,12.0301,0,0
0.530071,0.5,0.602725,-0.96275,1.28513,12.0301,0,0
0.53008,0.5,0.602725,-0.96275,1.28513,12.0301,0,0
0.535082,0.5,0.602725,-0.96275,1.28513,12.0301,0,0
0.535097,0.5,0.602725,-0.96275,1.28513,12.0301,0,0
0.540064,0.5,0.602725,-0.96275,1.28513,12.0301,0,0
0.540078,0.5,0.602725,-0.96275,1.28513,12.0301,0,0
0.545119,0.5,0.602725,-0.96275,1.28513,12.0301,0,0
0.545128,0.5,0.602725,-0.96275,1.28513,12.0301,0,0
0.550035,0.5,0.602725,-0.96275,1.28513,12.0301,0,0
0.550046,0.5,0.602725,-0.96275,1.28513,12.0301,0,0
0.555125,0.5,0.602725,-0.96275,1.28513,12.0301,0,0
0.555139,0.5,0.602725,-0.96275,1.28513,12.0301,0,0
0.560132,0.5,0.602725,-0.96275,1.28513,12.0301,0,0
0.560147,0.5,0.602725,-0.96275,1.28513,12.0301,0,0
0.565089,0.5,0.602725,-0.96275,1.28513,12.0301,0,0
0.565103,0.5,0.602725,-0.96275,1.28513,12.0301,0,0
0.570112,0.5,0.602725,-0.96275,1.28513,12.0301,0,0
0.570132,0.5,0.602725,-0.96275,1.28513,12.0301,0,0
0.575129,0.5,0.602725,-0.96275,1.28513,12.0301,0,0
0.575151,0.5,0.602725,-0.96275,1.28513,12.0301,0,0
0.580138,0.5,0.602725,-0.96275,1.28513,12.0301,0,0
0.580167,0.5,0.602725,-0.96275,1.28513,12.0301,0,0
0.585106,0.5,0.602725,-0.96275,1.28513,12.0301,0,0
0.585125,0.5,0.602725,-0.96275,1.28513,12.0301,0,0
0.590175,0.5,0.602725,-0.96275,1.28513,12.0301,0,0
0.590192,0.5,0.602725,-0.96275,1.28513,12.0301,0,0
0.595103,0.5,0.602725,-0.96275,1.28513,12.0301,0,0
0.595119,0.5,0.602725,-0.96275,1.28513,12.0301,0,0
0.600109,0.5,0.602725,-0.96275,1.28513,12.0301,0,0
0.600126,0.5,0.602725,-0.96275,1.28513,12.0301,0,0
0.605106,0.5,0.602725,-0.96275,1.28513,12.0301,0,0
0.605122,0.5,0.602725,-0.96275,1.28513,12.0301,0,0
0.610102,0.5,0.602725,-0.96275,1.28513,12.0301,0,0
0.610118,0.5,0.602725,-0.96275,1.28513,12.0301,0,0
0.615098,0.5,0.602725,-0.96275,1.28513,12.0301,0,0
0.615114,0.5,0.602725,-0.96275,1.28513,12.0301,0,0
0.620081,0.5,0.602725,-0.96275,1.28513,12.0301,0,0
0.620093,0.5,0.602725,-0.96275,1.28513,12.0301,0,0
0.625089,0.5,0.602725,-0.96275,1.28513,12.0301,0,0
0.625103,0.5,0.602725,-0.96275,1.28513,12.0301,0,0
0.630078,0.5,0.602725,-0.96275,1.28513,12.0301,0,0
0.630091,0.5,0.602725,-0.96275,1.28513,12.0301,0,0
0.63509,0.5,0.602725,-0.96275,1.28513,12.0301,0,0
0.635107,0.5,0.602725,-0.96275,1.28513,12.0301,0,0
0.640083,0.5,0.602725,-0.96275,1.28513,12.0301,0,0
0.640095,0.5,0.602725,-0.96275,1.28513,12.0301,0,0
0.645078,0.5,0.602725,-0.96275,1.28513,12.0301,0,0
0.645091,0.5,0.602725,-0.96275,1.28513,12.0301,0,0
0.650075,0.5,0.602725,-0.96275,1.28513,12.0301,0,0
0.650086,0.5,0.602725,-0.96275,1.28513,12.0301,0,0
0.655077,0.5,0.602725,-0.96275,1.28513,12.0301,0,0
0.655086,0.5,0.602725,-0.96275,1.28513,12.0301,0,0
0.660084,0.5,0.602725,-0.96275,1.28513,12.0301,0,0
0.66013,0.5,0.602725,-0.96275,1.28513,12.0301,0,0
0.665097,0.5,0.602725,-0.96275,1.28513,12.0301,0,0
0.665118,0.5,0.602725,-0.96275,1.28513,12.0301,0,0
0.670081,0.5,0.602725,-0.96275,1.28513,12.0301,0,0
0.670094,0.5,0.602725,-0.96275,1.28513,12.0301,0,0
0.675076,0.5,0.602725,-0.96275,1.28513,12.0301,0,0
0.675086,0.5,0.602725,-0.96275,1.28513,12.0301,0,0
0.680106,0.5,0.602725,-0.96275,1.28513,12.0301,0,0
0.680116,0.5,0.602725,-0.96275,1.28513,12.0301,0,0
0.685103,0.5,0.602725,-0.96275,1.28513,12.0301,0,0
0.685113,0.5,0.602725,-0.96275,1.28513,12.0301,0,0
0.690083,0.5,0.602725,-0.96275,1.28513,12.0301,0,0
0.690096,0.5,0.602725,-0.96275,1.28513,12.0301,0,0
0.695105,0.5,0.602725,-0.96275,1.28513,12.0301,0,0
0.69513,0.5,0.602725,-0.96275,1.28513,12.0301,0,0
0.700102,0.5,0.602725,-0.96275,1.28513,12.0301,0,0
0.700116,0.5,0.602725,-0.96275,1.28513,12.0301,0,0
0.705106,0.5,0.602725,-0.96275,1.28513,12.0301,0,0
0.705121,0.5,0.602725,-0.96275,1.28513,12.0301,0,0
0.710098,0.5,0.602725,-0.96275,1.28513,12.0301,0,0
0.710109,0.5,0.602725,-0.96275,1.28513,12.0301,0,0
0.7151,0.5,0.602725,-0.96275,1.28513,12.0301,0,0
0.715119,0.5,0.602725,-0.96275,1.28513,12.0301,0,0
0.720135,0.5,0.602725,-0.96275,1.28513,12.0301,0,0
0.720149,0.5,0.602725,-0.96275,1.28513,12.0301,0,0
0.725118,0.5,0.602725,-0.96275,1.28513,12.0301,0,0
0.725135,0.5,0.602725,-0.96275,1.28513,12.0301,0,0
0.730083,0.5,0.602725,-0.96275,1.28513,12.0301,0,0
0.730095,0.5,0.602725,-0.96275,1.28513,12.0301,0,0
0.735091,0.5,0.602725,-0.96275,1.28513,12.0301,0,0
0.735104,0.5,0.602725,-0.96275,1.28513,12.0301,0,0
0.740094,0.5,0.602725,-0.96275,1.28513,12.0301,0,0
0.740106,0.5,0.602725,-0.96275,1.28513,12.0301,0,0
0.745086,0.5,0.602725,-0.96275,1.28513,12.0301,0,0
0.745098,0.5,0.602725,-0.96275,1.28513,12.0301,0,0
0.750085,0.5,0.602725,-0.96275,1.28513,12.0301,0,0
0.7501,0.5,0.602725,-0.96275,1.28513,12.0301,0,0
0.755114,0.5,0.602725,-0.96275,1.28513,12.0301,0,0
0.755135,0.5,0.602725,-0.96275,1.28513,12.0301,0,0
0.760096,0.5,0.602725,-0.96275,1.28513,12.0301,0,0
0.760113,0.5,0.602725,-0.96275,1.28513,12.0301,0,0
0.765096,0.5,0.602725,-0.96275,1.28513,12.0301,0,0
0.765114,0.5,0.602725,-0.96275,1.28513,12.0301,0,0
0.77009,0.5,0.602725,-0.96275,1.28513,12.0301,0,0
0.770104,0.5,0.602725,-0.96275,1.28513,12.0301,0,0
0.775097,0.5,0.602725,-0.96275,1.28513,12.0301,0,0
0.775112,0.5,0.602725,-0.96275,1.28513,12.0301,0,0
0.7801,0.5,0.602725,-0.96275,1.28513,12.0301,0,0
0.780116,0.5,0.602725,-0.96275,1.28513,12.0301,0,0
0.78509,0.5,0.602725,-0.96275,1.28513,12.0301,0,0
0.785104,0.5,0.602725,-0.96275,1.28513,12.0301,0,0
0.790086,0.5,0.602725,-0.96275,1.28513,12.0301,0,0
0.790101,0.5,0.602725,-0.96275,1.28513,12.0301,0,0
0.795081,0.5,0.602725,-0.96275,1.28513,12.0301,0,0
0.795093,0.5,0.602725,-0.96275,1.28513,12.0301,0,0
0.800071,0.5,0.602725,-0.96275,1.28513,12.0301,0,0
0.800079,0.5,0.602725,-0.96275,1.28513,12.0301,0,0
0.805101,0.5,0.602725,-0.96275,1.28513,12.0301,0,0
0.805123,0.5,0.602725,-0.96275,1.28513,12.0301,0,0
0.810138,0.5,0.602725,-0.96275,1.28513,12.0301,0,0
0.810163,0.5,0.602725,-0.96275,1.28513,12.0301,0,0
0.815112,0.5,0.602725,-0.96275,1.28513,12.0301,0,0
0.815131,0.5,0.602725,-0.96275,1.28513,12.0301,0,0
0.820093,0.5,0.602725,-0.96275,1.28513,12.0301,0,0
0.820113,0.5,0.602725,-0.96275,1.28513,12.0301,0,0
0.825115,0.5,0.602725,-0.96275,1.28513,12.0301,0,0
0.825135,0.5,0.602725,-0.96275,1.28513,12.0301,0,0
0.830122,0.5,0.602725,-0.96275,1.28513,12.0301,0,0
0.830148,0.5,0.602725,-0.96275,1.28513,12.0301,0,0
0.835106,0.5,0.602725,-0.96275,1.28513,12.0301,0,0
0.835126,0.5,0.602725,-0.96275,1.28513,12.0301,0,0
0.840092,0.5,0.602725,-0.96275,1.28513,12.0301,0,0
0.840114,0.5,0.602725,-0.96275,1.28513,12.0301,0,0
0.845085,0.5,0.602725,-0.96275,1.28513,12.0301,0,0
0.845097,0.5,0.602725,-0.96275,1.28513,12.0301,0,0
0.850078,0.5,0.602725,-0.96275,1.28513,12.0301,0,0
0.850089,0.5,0.602725,-0.96275,1.28513,12.0301,0,0
0.855079,0.5,0.602725,-0.96275,1.28513,12.0301,0,0
0.85509,0.5,0.602725,-0.96275,1.28513,12.0301,0,0
0.86008,0.5,0.602725,-0.96275,1.28513,12.0301,0,0
0.860094,0.5,0.602725,-0.96275,1.28513,12.0301,0,0
0.865083,0.5,0.602725,-0.96275,1.28513,12.0301,0,0
0.865097,0.5,0.602725,-0.96275,1.28513,12.0301,0,0
0.87009,0.5,0.602725,-0.96275,1.28513,12.0301,0,0
0.870103,0.5,0.602725,-0.96275,1.28513,12.0301,0,0
0.87511,0.5,0.602725,-0.96275,1.28513,12.0301,0,0
0.875123,0.5,0.602725,-0.96275,1.28513,12.0301,0,0
0.880076,0.5,0.602725,-0.96275,1.28513,12.0301,0,0
0.880088,0.5,0.602725,-0.96275,1.28513,12.0301,0,0
0.88508,0.5,0.602725,-0.96275,1.28513,12.0301,0,0
0.885092,0.5,0.602725,-0.96275,1.28513,12.0301,0,0
0.890105,0.5,0.602725,-0.96275,1.28513,12.0301,0,0
0.890126,0.5,0.602725,-0.96275,1.28513,12.0301,0,0
0.895095,0.5,0.602725,-0.96275,1.28513,12.0301,0,0
0.895117,0.5,0.602725,-0.96275,1.28513,12.0301,0,0
0.900109,0.5,0.602725,-0.96275,1.28513,12.0301,0,0
0.900133,0.5,0.602725,-0.96275,1.28513,12.0301,0,0
0.905115,0.5,0.602725,-0.96275,1.28513,12.0301,0,0
0.905142,0.5,0.602725,-0.96275,1.28513,12.0301,0,0
0.910124,0.5,0.602725,-0.96275,1.28513,12.0301,0,0
0.910145,0.5,0.602725,-0.96275,1.28513,12.0301,0,0
0.915123,0.5,0.602725,-0.96275,1.28513,12.0301,0,0
0.915144,0.5,0.602725,-0.96275,1.28513,12.0301,0,0
0.920078,0.5,0.602725,-0.96275,1.28513,12.0301,0,0
0.920096,0.5,0.602725,-0.96275,1.28513,12.0301,0,0
0.925107,0.5,0.602725,-0.96275,1.28513,12.0301,0,0
0.925128,0.5,0.602725,-0.96275,1.28513,12.0301,0,0
0.930084,0.5,0.602725,-0.96275,1.28513,12.0301,0,0
0.930105,0.5,0.602725,-0.96275,1.28513,12.0301,0,0
0.935113,0.5,0.602725,-0.96275,1.28513,12.0301,0,0
0.935134,0.5,0.602725,-0.96275,1.28513,12.0301,0,0
0.940099,0.5,0.602725,-0.96275,1.28513,12.0301,0,0
0.94012,0.5,0.602725,-0.96275,1.28513,12.0301,0,0
0.945131,0.5,0.602725,-0.96275,1.28513,12.0301,0,0
0.945157,0.5,0.602725,-0.96275,1.28513,12.0301,0,0
0.950114,0.5,0.602725,-0.96275,1.28513,12.0301,0,0
0.950123,0.5,0.602725,-0.96275,1.28513,12.0301,0,0
0.955092,0.5,0.602725,-0.96275,1.28513,12.0301,0,0
0.955105,0.5,0.602725,-0.96275,1.28513,12.0301,0,0
0.960081,0.5,0.602725,-0.96275,1.28513,12.0301,0,0
0.960093,0.5,0.602725,-0.96275,1.28513,12.0301,0,0
0.965116,0.5,0.602725,-0.96275,1.28513,12.0301,0,0
0.965127,0.5,0.602725,-0.96275,1.28513,12.0301,0,0
0.970133,0.5,0.602725,-0.96275,1.28513,12.0301,0,0
0.970148,0.5,0.602725,-0.96275,1.28513,12.0301,0,0
0.975111,0.5,0.602725,-0.96275,1.28513,12.0301,0,0
0.975125,0.5,0.602725,-0.96275,1.28513,12.0301,0,0
0.980101,0.5,0.602725,-0.96275,1.28513,12.0301,0,0
0.980109,0.5,0.602725,-0.96275,1.28513,12.0301,0,0
0.985069,0.5,0.602725,-0.96275,1.28513,12.0301,0,0
0.985078,0.5,0.602725,-0.96275,1.28513,12.0301,0,0
0.990062,0.5,0.602725,-0.96275,1.28513,12.0301,0,0
0.990067,0.5,0.602725,-0.96275,1.28513,12.0301,0,0
0.99509,0.5,0.602725,-0.96275,1.28513,12.0301,0,0
0.995101,0.5,0.602725,-0.96275,1.28513,12.0301,0,0
1.00014,0.5,0.602725,-0.96275,1.28513,12.0301,0,0
1.00017,0.5,0.602725,-0.96275,1.28513,12.0301,0,0
1.00513,0.5,0.602725,-0.96275,1.28513,12.0301,0,0
1.00515,0.5,0.602725,-0.96275,1.28513,12.0301,0,0
1.01012,0.5,0.602725,-0.96275,1.28513,12.0301,0,0
1.01013,0.5,0.602725,-0.96275,1.28513,12.0301,0,0
1.01509,0.5,0.602725,-0.96275,1.28513,12.0301,0,0
1.0151,0.5,0.602725,-0.96275,1.28513,12.0301,0,0
1.02012,0.5,0.602725,-0.96275,1.28513,12.0301,0,0
1.02013,0.5,0.602725,-0.96275,1.28513,12.0301,0,0
1.02508,0.5,0.602725,-0.96275,1.28513,12.0301,0,0
1.0251,0.5,0.602725,-0.96275,1.28513,12.0301,0,0
1.0301,0.5,0.602725,-0.96275,1.28513,12.0301,0,0
1.03011,0.5,0.602725,-0.96275,1.28513,12.0301,0,0
1.03512,0.5,0.602725,-0.96275,1.28513,12.0301,0,0
1.03514,0.5,0.602725,-0.96275,1.28513,12.0301,0,0
1.04007,0.5,0.602725,-0.96275,1.28513,12.0301,0,0
1.04009,0.5,0.602725,-0.96275,1.28513,12.0301,0,0
1.04509,0.5,0.602725,-0.96275,1.28513,12.0301,0,0
1.0451,0.5,0.602725,-0.96275,1.28513,12.0301,0,0
1.0501,0.5,0.602725,-0.96275,1.28513,12.0301,0,0
1.05012,0.5,0.602725,-0.96275,1.28513,12.0301,0,0
1.05508,0.5,0.602725,-0.96275,1.28513,12.0301,0,0
1.0551,0.5,0.602725,-0.96275,1.28513,12.0301,0,0
1.06013,0.5,0.602725,-0.96275,1.28513,12.0301,0,0
1.06014,0.5,0.602725,-0.96275,1.28513,12.0301,0,0
1.06509,0.5,0.602725,-0.96275,1.28513,12.0301,0,0
1.0651,0.5,0.602725,-0.96275,1.28513,12.0301,0,0
1.07007,0.5,0.602725,-0.96275,1.28513,12.0301,0,0
1.07008,0.5,0.602725,-0.96275,1.28513,12.0301,0,0
1.07508,0.5,0.602725,-0.96275,1.28513,12.0301,0,0
1.07509,0.5,0.602725,-0.96275,1.28513,12.0301,0,0
1.0801,0.5,0.602725,-0.96275,1.28513,12.0301,0,0
1.08011,0.5,0.602725,-0.96275,1.28513,12.0301,0,0
1.08508,0.5,0.602725,-0.96275,1.28513,12.0301,0,0
1.0851,0.5,0.602725,-0.96275,1.28513,12.0301,0,0
1.09011,0.5,0.602725,-0.96275,1.28513,12.0301,0,0
1.09012,0.5,0.602725,-0.96275,1.28513,12.0301,0,0
1.09508,0.5,0.602725,-0.96275,1.28513,12.0301,0,0
1.09509,0.5,0.602725,-0.96275,1.28513,12.0301,0,0
1.10009,0.5,0.602725,-0.96275,1.28513,12.0301,0,0
1.10011,0.5,0.602725,-0.96275,1.28513,12.0301,0,0
1.10509,0.5,0.602725,-0.96275,1.28513,12.0301,0,0
1.10511,0.5,0.602725,-0.96275,1.28513,12.0301,0,0
1.11012,0.5,0.602725,-0.96275,1.28513,12.0301,0,0
1.11014,0.5,0.602725,-0.96275,1.28513,12.0301,0,0
1.11508,0.5,0.602725,-0.96275,1.28513,12.0301,0,0
1.11509,0.5,0.602725,-0.96275,1.28513,12.0301,0,0
1.12008,0.5,0.602725,-0.96275,1.28513,12.0301,0,0
1.1201,0.5,0.602725,-0.96275,1.28513,12.0301,0,0
1.12508,0.5,0.602725,-0.96275,1.28513,12.0301,0,0
1.12509,0.5,0.602725,-0.96275,1.28513,12.0301,0,0
1.13008,0.5,0.602725,-0.96275,1.28513,12.0301,0,0
1.13009,0.5,0.602725,-0.96275,1.28513,12.0301,0,0
1.13512,0.5,0.602725,-0.96275,1.28513,12.0301,0,0
1.13513,0.5,0.602725,-0.96275,1.28513,12.0301,0,0
1.14009,0.5,0.602725,-0.96275,1.28513,12.0301,0,0
1.14011,0.5,0.602725,-0.96275,1.28513,12.0301,0,0
1.14508,0.5,0.602725,-0.96275,1.28513,12.0301,0,0
1.14509,0.5,0.602725,-0.96275,1.28513,12.0301,0,0
1.15012,0.5,0.602725,-0.96275,1.28513,12.0301,0,0
1.15013,0.5,0.602725,-0.96275,1.28513,12.0301,0,0
1.1551,0.5,0.602725,-0.96275,1.28513,12.0301,0,0
1.15511,0.5,0.602725,-0.96275,1.28513,12.0301,0,0
1.1601,0.5,0.602725,-0.96275,1.28513,12.0301,0,0
1.1601,0.5,0.602725,-0.96275,1.28513,12.0301,0,0
1.16513,0.5,0.602725,-0.96275,1.28513,12.0301,0,0
1.16514,0.5,0.602725,-0.96275,1.28513,12.0301,0,0
1.17009,0.5,0.602725,-0.96275,1.28513,12.0301,0,0
1.17011,0.5,0.602725,-0.96275,1.28513,12.0301,0,0
1.17509,0.5,0.602725,-0.96275,1.28513,12.0301,0,0
1.1751,0.5,0.602725,-0.96275,1.28513,12.0301,0,0
1.18008,0.5,0.602725,-0.96275,1.28513,12.0301,0,0
1.1801,0.5,0.602725,-0.96275,1.28513,12.0301,0,0
1.18508,0.5,0.602725,-0.96275,1.28513,12.0301,0,0
1.1851,0.5,0.602725,-0.96275,1.28513,12.0301,0,0
1.19009,0.5,0.602725,-0.96275,1.28513,12.0301,0,0
1.1901,0.5,0.602725,-0.96275,1.28513,12.0301,0,0
1.19506,0.5,0.602725,-0.96275,1.28513,12.0301,0,0
1.19508,0.5,0.602725,-0.96275,1.28513,12.0301,0,0
1.20011,0.5,0.602725,-0.96275,1.28513,12.0301,0,0
1.20013,0.5,0.602725,-0.96275,1.28513,12.0301,0,0
1.20503,0.5,0.602725,-0.96275,1.28513,12.0301,0,0
1.20505,0.5,0.602725,-0.96275,1.28513,12.0301,0,0
1.21009,0.5,0.602725,-0.96275,1.28513,12.0301,0,0
1.21011,0.5,0.602725,-0.96275,1.28513,12.0301,0,0
1.21508,0.5,0.602725,-0.96275,1.28513,12.0301,0,0
1.2151,0.5,0.602725,-0.96275,1.28513,12.0301,0,0
1.22011,0.5,0.602725,-0.96275,1.28513,12.0301,0,0
1.22013,0.5,0.602725,-0.96275,1.28513,12.0301,0,0
1.2251,0.5,0.602725,-0.96275,1.28513,12.0301,0,0
1.22512,0.5,0.602725,-0.96275,1.28513,12.0301,0,0
1.2301,0.5,0.602725,-0.96275,1.28513,12.0301,0,0
1.23011,0.5,0.602725,-0.96275,1.28513,12.0301,0,0
1.2351,0.5,0.602725,-0.96275,1.28513,12.0301,0,0
1.23512,0.5,0.602725,-0.96275,1.28513,12.0301,0,0
1.24011,0.5,0.602725,-0.96275,1.28513,12.0301,0,0
1.24013,0.5,0.602725,-0.96275,1.28513,12.0301,0,0
1.2451,0.5,0.602725,-0.96275,1.28513,12.0301,0,0
1.24512,0.5,0.602725,-0.96275,1.28513,12.0301,0,0
1.25009,0.5,0.602725,-0.96275,1.28513,12.0301,0,0
1.25011,0.5,0.602725,-0.96275,1.28513,12.0301,0,0
1.25513,0.5,0.602725,-0.96275,1.28513,12.0301,0,0
1.25514,0.5,0.602725,-0.96275,1.28513,12.0301,0,0
1.26008,0.5,0.602725,-0.96275,1.28513,12.0301,0,0
1.26009,0.5,0.602725,-0.96275,1.28513,12.0301,0,0
1.26508,0.5,0.602725,-0.96275,1.28513,12.0301,0,0
1.26509,0.5,0.602725,-0.96275,1.28513,12.0301,0,0
1.27007,0.5,0.602725,-0.96275,1.28513,12.0301,0,0
1.27008,0.5,0.602725,-0.96275,1.28513,12.0301,0,0
1.27508,0.5,0.602725,-0.96275,1.28513,12.0301,0,0
1.27509,0.5,0.602725,-0.96275,1.28513,12.0301,0,0
1.28007,0.5,0.602725,-0.96275,1.28513,12.0301,0,0
1.28009,0.5,0.602725,-0.96275,1.28513,12.0301,0,0
1.28507,0.5,0.602725,-0.96275,1.28513,12.0301,0,0
1.28509,0.5,0.602725,-0.96275,1.28513,12.0301,0,0
1.29009,0.5,0.602725,-0.96275,1.28513,12.0301,0,0
1.29011,0.5,0.602725,-0.96275,1.28513,12.0301,0,0
1.29512,0.5,0.602725,-0.96275,1.28513,12.0301,0,0
1.29513,0.5,0.602725,-0.96275,1.28513,12.0301,0,0
1.30009,0.5,0.602725,-0.96275,1.28513,12.0301,0,0
1.30011,0.5,0.602725,-0.96275,1.28513,12.0301,0,0
1.30508,0.5,0.602725,-0.96275,1.28513,12.0301,0,0
1.30509,0.5,0.602725,-0.96275,1.28513,12.0301,0,0
1.3101,0.5,0.602725,-0.96275,1.28513,12.0301,0,0
1.31012,0.5,0.602725,-0.96275,1.28513,12.0301,0,0
1.31508,0.5,0.602725,-0.96275,1.28513,12.0301,0,0
1.31509,0.5,0.602725,-0.96275,1.28513,12.0301,0,0
1.32008,0.5,0.602725,-0.96275,1.28513,12.0301,0,0
1.32009,0.5,0.602725,-0.96275,1.28513,12.0301,0,0
1.32508,0.5,0.602725,-0.96275,1.28513,12.0301,0,0
1.32509,0.5,0.602725,-0.96275,1.28513,12.0301,0,0
1.3301,0.5,0.602725,-0.96275,1.28513,12.0301,0,0
1.33011,0.5,0.602725,-0.96275,1.28513,12.0301,0,0
1.3351,0.5,0.602725,-0.96275,1.28513,12.0301,0,0
1.33511,0.5,0.602725,-0.96275,1.28513,12.0301,0,0
1.3401,0.5,0.602725,-0.96275,1.28513,12.0301,0,0
1.34012,0.5,0.602725,-0.96275,1.28513,12.0301,0,0
1.3451,0.5,0.602725,-0.96275,1.28513,12.0301,0,0
1.34511,0.5,0.602725,-0.96275,1.28513,12.0301,0,0
1.35011,0.5,0.602725,-0.96275,1.28513,12.0301,0,0
1.35012,0.5,0.602725,-0.96275,1.28513,12.0301,0,0
1.35509,0.5,0.602725,-0.96275,1.28513,12.0301,0,0
1.35509,0.5,0.602725,-0.96275,1.28513,12.0301,0,0
1.3601,0.5,0.602725,-0.96275,1.28513,12.0301,0,0
1.36012,0.5,0.602725,-0.96275,1.28513,12.0301,0,0
1.36508,0.5,0.602725,-0.96275,1.28513,12.0301,0,0
1.36509,0.5,0.602725,-0.96275,1.28513,12.0301,0,0
1.3701,0.5,0.602725,-0.96275,1.28513,12.0301,0,0
1.37012,0.5,0.602725,-0.96275,1.28513,12.0301,0,0
1.3751,0.5,0.602725,-0.96275,1.28513,12.0301,0,0
1.37511,0.5,0.602725,-0.96275,1.28513,12.0301,0,0
1.38011,0.5,0.602725,-0.96275,1.28513,12.0301,0,0
1.38012,0.5,0.602725,-0.96275,1.28513,12.0301,0,0
1.38511,0.5,0.602725,-0.96275,1.28513,12.0301,0,0
1.38512,0.5,0.602725,-0.96275,1.28513,12.0301,0,0
1.39011,0.5,0.602725,-0.96275,1.28513,12.0301,0,0
1.39012,0.5,0.602725,-0.96275,1.28513,12.0301,0,0
1.39514,0.5,0.602725,-0.96275,1.28513,12.0301,0,0
1.39515,0.5,0.602725,-0.96275,1.28513,12.0301,0,0
1.40011,0.5,0.602725,-0.96275,1.28513,12.0301,0,0
1.40014,0.5,0.602725,-0.96275,1.28513,12.0301,0,0
1.4051,0.5,0.602725,-0.96275,1.28513,12.0301,0,0
1.40511,0.5,0.602725,-0.96275,1.28513,12.0301,0,0
1.4101,0.5,0.602725,-0.96275,1.28513,12.0301,0,0
1.41011,0.5,0.602725,-0.96275,1.28513,12.0301,0,0
1.41514,0.5,0.602725,-0.96275,1.28513,12.0301,0,0
1.41516,0.5,0.602725,-0.96275,1.28513,12.0301,0,0
1.42011,0.5,0.602725,-0.96275,1.28513,12.0301,0,0
1.42012,0.5,0.602725,-0.96275,1.28513,12.0301,0,0
1.4251,0.5,0.602725,-0.96275,1.28513,12.0301,0,0
1.42511,0.5,0.602725,-0.96275,1.28513,12.0301,0,0
1.4301,0.5,0.602725,-0.96275,1.28513,12.0301,0,0
1.43012,0.5,0.602725,-0.96275,1.28513,12.0301,0,0
1.43509,0.5,0.602725,-0.96275,1.28513,12.0301,0,0
1.4351,0.5,0.602725,-0.96275,1.28513,12.0301,0,0
1.44012,0.5,0.602725,-0.96275,1.28513,12.0301,0,0
1.44018,0.5,0.602725,-0.96275,1.28513,12.0301,0,0
1.44513,0.5,0.602725,-0.96275,1.28513,12.0301,0,0
1.44515,0.5,0.602725,-0.96275,1.28513,12.0301,0,0
1.45013,0.5,0.602725,-0.96275,1.28513,12.0301,0,0
1.45014,0.5,0.602725,-0.96275,1.28513,12.0301,0,0
1.4551,0.5,0.602725,-0.96275,1.28513,12.0301,0,0
1.45512,0.5,0.602725,-0.96275,1.28513,12.0301,0,0
1.46011,0.5,0.602725,-0.96275,1.28513,12.0301,0,0
1.46012,0.5,0.602725,-0.96275,1.28513,12.0301,0,0
1.46514,0.5,0.602725,-0.96275,1.28513,12.0301,0,0
1.46516,0.5,0.602725,-0.96275,1.28513,12.0301,0,0
1.4701,0.5,0.602725,-0.96275,1.28513,12.0301,0,0
1.47012,0.5,0.602725,-0.96275,1.28513,12.0301,0,0
1.47511,0.5,0.602725,-0.96275,1.28513,12.0301,0,0
1.47513,0.5,0.602725,-0.96275,1.28513,12.0301,0,0
1.4801,0.5,0.602725,-0.96275,1.28513,12.0301,0,0
1.48012,0.5,0.602725,-0.96275,1.28513,12.0301,0,0
1.48514,0.5,0.602725,-0.96275,1.28513,12.0301,0,0
1.48516,0.5,0.602725,-0.96275,1.28513,12.0301,0,0
1.49014,0.5,0.602725,-0.96275,1.28513,12.0301,0,0
1.49016,0.5,0.602725,-0.96275,1.28513,12.0301,0,0
1.49514,0.5,0.602725,-0.96275,1.28513,12.0301,0,0
1.49517,0.5,0.602725,-0.96275,1.28513,12.0301,0,0
1.50014,0.5,0.602725,-0.96275,1.28513,12.0301,0,0
1.50016,0.5,0.602725,-0.96275,1.28513,12.0301,0,0
1.50514,0.5,0.602725,-0.96275,1.28513,12.0301,0,0
1.50516,0.5,0.602725,-0.96275,1.28513,12.0301,0,0
1.51011,0.5,0.602725,-0.96275,1.28513,12.0301,0,0
1.51014,0.5,0.602725,-0.96275,1.28513,12.0301,0,0
1.51511,0.5,0.602725,-0.96275,1.28513,12.0301,0,0
1.51513,0.5,0.602725,-0.96275,1.28513,12.0301,0,0
1.52015,0.5,0.602725,-0.96275,1.28513,12.0301,0,0
1.52017,0.5,0.602725,-0.96275,1.28513,12.0301,0,0
1.52515,0.5,0.602725,-0.96275,1.28513,12.0301,0,0
1.52517,0.5,0.602725,-0.96275,1.28513,12.0301,0,0
1.5301,0.5,0.602725,-0.96275,1.28513,12.0301,0,0
1.53012,0.5,0.602725,-0.96275,1.28513,12.0301,0,0
1.5351,0.5,0.602725,-0.96275,1.28513,12.0301,0,0
1.53512,0.5,0.602725,-0.96275,1.28513,12.0301,0,0
1.54015,0.5,0.602725,-0.96275,1.28513,12.0301,0,0
1.54017,0.5,0.602725,-0.96275,1.28513,12.0301,0,0
1.54515,0.5,0.602725,-0.96275,1.28513,12.0301,0,0
1.54516,0.5,0.602725,-0.96275,1.28513,12.0301,0,0
1.55011,0.5,0.602725,-0.96275,1.28513,12.0301,0,0
1.55012,0.5,0.602725,-0.96275,1.28513,12.0301,0,0
1.55513,0.5,0.602725,-0.96275,1.28513,12.0301,0,0
1.55515,0.5,0.602725,-0.96275,1.28513,12.0301,0,0
1.56012,0.5,0.602725,-0.96275,1.28513,12.0301,0,0
1.56013,0.5,0.602725,-0.96275,1.28513,12.0301,0,0
1.56509,0.5,0.602725,-0.96275,1.28513,12.0301,0,0
1.56511,0.5,0.602725,-0.96275,1.28513,12.0301,0,0
1.5701,0.5,0.602725,-0.96275,1.28513,12.0301,0,0
1.57012,0.5,0.602725,-0.96275,1.28513,12.0301,0,0
1.57511,0.5,0.602725,-0.96275,1.28513,12.0301,0,0
1.57513,0.5,0.602725,-0.96275,1.28513,12.0301,0,0
1.58009,0.5,0.602725,-0.96275,1.28513,12.0301,0,0
1.58011,0.5,0.602725,-0.96275,1.28513,12.0301,0,0
1.58509,0.5,0.602725,-0.96275,1.28513,12.0301,0,0
1.5851,0.5,0.602725,-0.96275,1.28513,12.0301,0,0
1.59009,0.5,0.602725,-0.96275,1.28513,12.0301,0,0
1.59011,0.5,0.602725,-0.96275,1.28513,12.0301,0,0
1.5951,0.5,0.602725,-0.96275,1.28513,12.0301,0,0
1.59512,0.5,0.602725,-0.96275,1.28513,12.0301,0,0
1.6001,0.5,0.602725,-0.96275,1.28513,12.0301,0,0
1.60011,0.5,0.602725,-0.96275,1.28513,12.0301,0,0
1.6051,0.5,0.602725,-0.96275,1.28513,12.0301,0,0
1.60511,0.5,0.602725,-0.96275,1.28513,12.0301,0,0
1.61011,0.5,0.602725,-0.96275,1.28513,12.0301,0,0
1.61013,0.5,0.602725,-0.96275,1.28513,12.0301,0,0
1.61511,0.5,0.602725,-0.96275,1.28513,12.0301,0,0
1.61512,0.5,0.602725,-0.96275,1.28513,12.0301,0,0
1.62009,0.5,0.602725,-0.96275,1.28513,12.0301,0,0
1.62011,0.5,0.602725,-0.96275,1.28513,12.0301,0,0
1.62511,0.5,0.602725,-0.96275,1.28513,12.0301,0,0
1.62513,0.5,0.602725,-0.96275,1.28513,12.0301,0,0
1.6301,0.5,0.602725,-0.96275,1.28513,12.0301,0,0
1.63012,0.5,0.602725,-0.96275,1.28513,12.0301,0,0
1.63511,0.5,0.602725,-0.96275,1.28513,12.0301,0,0
1.63513,0.5,0.602725,-0.96275,1.28513,12.0301,0,0
1.6401,0.5,0.602725,-0.96275,1.28513,12.0301,0,0
1.64012,0.5,0.602725,-0.96275,1.28513,12.0301,0,0
1.6451,0.5,0.602725,-0.96275,1.28513,12.0301,0,0
1.64512,0.5,0.602725,-0.96275,1.28513,12.0301,0,0
1.65015,0.5,0.602725,-0.96275,1.28513,12.0301,0,0
1.65017,0.5,0.602725,-0.96275,1.28513,12.0301,0,0
1.65512,0.5,0.602725,-0.96275,1.28513,12.0301,0,0
1.65514,0.5,0.602725,-0.96275,1.28513,12.0301,0,0
1.66013,0.5,0.602725,-0.96275,1.28513,12.0301,0,0
1.66015,0.5,0.602725,-0.96275,1.28513,12.0301,0,0
1.66514,0.5,0.602725,-0.96275,1.28513,12.0301,0,0
1.66516,0.5,0.602725,-0.96275,1.28513,12.0301,0,0
1.67009,0.5,0.602725,-0.96275,1.28513,12.0301,0,0
1.67011,0.5,0.602725,-0.96275,1.28513,12.0301,0,0
1.67512,0.5,0.602725,-0.96275,1.28513,12.0301,0,0
1.67513,0.5,0.602725,-0.96275,1.28513,12.0301,0,0
1.68014,0.5,0.602725,-0.96275,1.28513,12.0301,0,0
1.68016,0.5,0.602725,-0.96275,1.28513,12.0301,0,0
1.68515,0.5,0.602725,-0.96275,1.28513,12.0301,0,0
1.68517,0.5,0.602725,-0.96275,1.28513,12.0301,0,0
1.6901,0.5,0.602725,-0.96275,1.28513,12.0301,0,0
1.69011,0.5,0.602725,-0.96275,1.28513,12.0301,0,0
1.69509,0.5,0.602725,-0.96275,1.28513,12.0301,0,0
1.69511,0.5,0.602725,-0.96275,1.28513,12.0301,0,0
1.70011,0.5,0.602725,-0.96275,1.28513,12.0301,0,0
1.70013,0.5,0.602725,-0.96275,1.28513,12.0301,0,0
1.70513,0.5,0.602725,-0.96275,1.28513,12.0301,0,0
1.70515,0.5,0.602725,-0.96275,1.28513,12.0301,0,0
1.71008,0.5,0.602725,-0.96275,1.28513,12.0301,0,0
1.71009,0.5,0.602725,-0.96275,1.28513,12.0301,0,0
1.71515,0.5,0.602725,-0.96275,1.28513,12.0301,0,0
1.71517,0.5,0.602725,-0.96275,1.28513,12.0301,0,0
1.72014,0.5,0.602725,-0.96275,1.28513,12.0301,0,0
1.72016,0.5,0.602725,-0.96275,1.28513,12.0301,0,0
1.72511,0.5,0.602725,-0.96275,1.28513,12.0301,0,0
1.72515,0.5,0.602725,-0.96275,1.28513,12.0301,0,0
1.73009,0.5,0.602725,-0.96275,1.28513,12.0301,0,0
1.7301,0.5,0.602725,-0.96275,1.28513,12.0301,0,0
1.73514,0.5,0.602725,-0.96275,1.28513,12.0301,0,0
1.73516,0.5,0.602725,-0.96275,1.28513,12.0301,0,0
1.74014,0.5,0.602725,-0.96275,1.28513,12.0301,0,0
1.74015,0.5,0.602725,-0.96275,1.28513,12.0301,0,0
1.74514,0.5,0.602725,-0.96275,1.28513,12.0301,0,0
1.74521,0.5,0.602725,-0.96275,1.28513,12.0301,0,0
1.75011,0.5,0.602725,-0.96275,1.28513,12.0301,0,0
1.75013,0.5,0.602725,-0.96275,1.28513,12.0301,0,0
1.75511,0.5,0.602725,-0.96275,1.28513,12.0301,0,0
1.75513,0.5,0.602725,-0.96275,1.28513,12.0301,0,0
1.76008,0.5,0.602725,-0.96275,1.28513,12.0301,0,0
1.7601,0.5,0.602725,-0.96275,1.28513,12.0301,0,0
1.76506,0.5,0.602725,-0.96275,1.28513,12.0301,0,0
1.76507,0.5,0.602725,-0.96275,1.28513,12.0301,0,0
1.77012,0.5,0.602725,-0.96275,1.28513,12.0301,0,0
1.77013,0.5,0.602725,-0.96275,1.28513,12.0301,0,0
1.77513,0.5,0.602725,-0.96275,1.28513,12.0301,0,0
1.77514,0.5,0.602725,-0.96275,1.28513,12.0301,0,0
1.7802,0.5,0.602725,-0.96275,1.28513,12.0301,0,0
1.78021,0.5,0.602725,-0.96275,1.28513,12.0301,0,0
1.78512,0.5,0.602725,-0.96275,1.28513,12.0301,0,0
1.78513,0.5,0.602725,-0.96275,1.28513,12.0301,0,0
1.79012,0.5,0.602725,-0.96275,1.28513,12.0301,0,0
1.79013,0.5,0.602725,-0.96275,1.28513,12.0301,0,0
1.79509,0.5,0.602725,-0.96275,1.28513,12.0301,0,0
1.7951,0.5,0.602725,-0.96275,1.28513,12.0301,0,0
1.8001,0.5,0.602725,-0.96275,1.28513,12.0301,0,0
1.8001,0.5,0.602725,-0.96275,1.28513,12.0301,0,0
1.80511,0.5,0.602725,-0.96275,1.28513,12.0301,0,0
1.80512,0.5,0.602725,-0.96275,1.28513,12.0301,0,0
1.81009,0.5,0.602725,-0.96275,1.28513,12.0301,0,0
1.8101,0.5,0.602725,-0.96275,1.28513,12.0301,0,0
1.81514,0.5,0.602725,-0.96275,1.28513,12.0301,0,0
1.81516,0.5,0.602725,-0.96275,1.28513,12.0301,0,0
1.82011,0.5,0.602725,-0.96275,1.28513,12.0301,0,0
1.82012,0.5,0.602725,-0.96275,1.28513,12.0301,0,0
1.82514,0.5,0.602725,-0.96275,1.28513,12.0301,0,0
1.82515,0.5,0.602725,-0.96275,1.28513,12.0301,0,0
1.83012,0.5,0.602725,-0.96275,1.28513,12.0301,0,0
1.83015,0.5,0.602725,-0.96275,1.28513,12.0301,0,0
1.8351,0.5,0.602725,-0.96275,1.28513,12.0301,0,0
1.83511,0.5,0.602725,-0.96275,1.28513,12.0301,0,0
1.84012,0.5,0.602725,-0.96275,1.28513,12.0301,0,0
1.84014,0.5,0.602725,-0.96275,1.28513,12.0301,0,0
1.84509,0.5,0.602725,-0.96275,1.28513,12.0301,0,0
1.8451,0.5,0.602725,-0.96275,1.28513,12.0301,0,0
1.85012,0.5,0.602725,-0.96275,1.28513,12.0301,0,0
1.85013,0.5,0.602725,-0.96275,1.28513,12.0301,0,0
1.8551,0.5,0.602725,-0.96275,1.28513,12.0301,0,0
1.85512,0.5,0.602725,-0.96275,1.28513,12.0301,0,0
1.86009,0.5,0.602725,-0.96275,1.28513,12.0301,0,0
1.8601,0.5,0.602725,-0.96275,1.28513,12.0301,0,0
1.86509,0.5,0.602725,-0.96275,1.28513,12.0301,0,0
1.86511,0.5,0.602725,-0.96275,1.28513,12.0301,0,0
1.8701,0.5,0.602725,-0.96275,1.28513,12.0301,0,0
1.87012,0.5,0.602725,-0.96275,1.28513,12.0301,0,0
1.87513,0.5,0.602725,-0.96275,1.28513,12.0301,0,0
1.87514,0.5,0.602725,-0.96275,1.28513,12.0301,0,0
1.88012,0.5,0.602725,-0.96275,1.28513,12.0301,0,0
1.88014,0.5,0.602725,-0.96275,1.28513,12.0301,0,0
1.88512,0.5,0.602725,-0.96275,1.28513,12.0301,0,0
1.88514,0.5,0.602725,-0.96275,1.28513,12.0301,0,0
1.89013,0.5,0.602725,-0.96275,1.28513,12.0301,0,0
1.89015,0.5,0.602725,-0.96275,1.28513,12.0301,0,0
1.89509,0.5,0.602725,-0.96275,1.28513,12.0301,0,0
1.8951,0.5,0.602725,-0.96275,1.28513,12.0301,0,0
1.90009,0.5,0.602725,-0.96275,1.28513,12.0301,0,0
1.9001,0.5,0.602725,-0.96275,1.28513,12.0301,0,0
1.90508,0.5,0.602725,-0.96275,1.28513,12.0301,0,0
1.90508,0.5,0.602725,-0.96275,1.28513,12.0301,0,0
1.91011,0.5,0.602725,-0.96275,1.28513,12.0301,0,0
1.91012,0.5,0.602725,-0.96275,1.28513,12.0301,0,0
1.9151,0.5,0.602725,-0.96275,1.28513,12.0301,0,0
1.91511,0.5,0.602725,-0.96275,1.28513,12.0301,0,0
1.92011,0.5,0.602725,-0.96275,1.28513,12.0301,0,0
1.92012,0.5,0.602725,-0.96275,1.28513,12.0301,0,0
1.92507,0.5,0.602725,-0.96275,1.28513,12.0301,0,0
1.92508,0.5,0.602725,-0.96275,1.28513,12.0301,0,0
1.93008,0.5,0.602725,-0.96275,1.28513,12.0301,0,0
1.93009,0.5,0.602725,-0.96275,1.28513,12.0301,0,0
1.93512,0.5,0.602725,-0.96275,1.28513,12.0301,0,0
1.93514,0.5,0.602725,-0.96275,1.28513,12.0301,0,0
1.94007,0.5,0.602725,-0.96275,1.28513,12.0301,0,0
1.94009,0.5,0.602725,-0.96275,1.28513,12.0301,0,0
1.94512,0.5,0.602725,-0.96275,1.28513,12.0301,0,0
1.94513,0.5,0.602725,-0.96275,1.28513,12.0301,0,0
1.95011,0.5,0.602725,-0.96275,1.28513,12.0301,0,0
1.95012,0.5,0.602725,-0.96275,1.28513,12.0301,0,0
1.9551,0.5,0.602725,-0.96275,1.28513,12.0301,0,0
1.95511,0.5,0.602725,-0.96275,1.28513,12.0301,0,0
1.9601,0.5,0.602725,-0.96275,1.28513,12.0301,0,0
1.96012,0.5,0.602725,-0.96275,1.28513,12.0301,0,0
1.9651,0.5,0.602725,-0.96275,1.28513,12.0301,0,0
1.96511,0.5,0.602725,-0.96275,1.28513,12.0301,0,0
1.97011,0.5,0.602725,-0.96275,1.28513,12.0301,0,0
1.97012,0.5,0.602725,-0.96275,1.28513,12.0301,0,0
1.9751,0.5,0.602725,-0.96275,1.28513,12.0301,0,0
1.97511,0.5,0.602725,-0.96275,1.28513,12.0301,0,0
1.98011,0.5,0.602725,-0.96275,1.28513,12.0301,0,0
1.98012,0.5,0.602725,-0.96275,1.28513,12.0301,0,0
1.98512,0.5,0.602725,-0.96275,1.28513,12.0301,0,0
1.98514,0.5,0.602725,-0.96275,1.28513,12.0301,0,0
1.99011,0.5,0.602725,-0.96275,1.28513,12.0301,0,0
1.99012,0.5,0.602725,-0.96275,1.28513,12.0301,0,0
1.99508,0.5,0.602725,-0.96275,1.28513,12.0301,0,0
1.99509,0.5,0.602725,-0.96275,1.28513,12.0301,0,0
2.00011,0.5,0.602725,-0.96275,1.28513,12.0301,0,0
2.00012,0.5,0.602725,-0.96275,1.28513,12.0301,0,0
2.00513,0.5,0.602725,-0.96275,1.28513,12.0301,0,0
2.00514,0.5,0.602725,-0.96275,1.28513,12.0301,0,0
2.01012,0.5,0.602725,-0.96275,1.28513,12.0301,0,0
2.01014,0.5,0.602725,-0.96275,1.28513,12.0301,0,0
2.01511,0.5,0.602725,-0.96275,1.28513,12.0301,0,0
2.01513,0.5,0.602725,-0.96275,1.28513,12.0301,0,0
2.02012,0.5,0.602725,-0.96275,1.28513,12.0301,0,0
2.02013,0.5,0.602725,-0.96275,1.28513,12.0301,0,0
2.02515,0.5,0.602725,-0.96275,1.28513,12.0301,0,0
2.02519,0.5,0.602725,-0.96275,1.28513,12.0301,0,0
2.03009,0.5,0.602725,-0.96275,1.28513,12.0301,0,0
2.03011,0.5,0.602725,-0.96275,1.28513,12.0301,0,0
2.03511,0.5,0.602725,-0.96275,1.28513,12.0301,0,0
2.03512,0.5,0.602725,-0.96275,1.28513,12.0301,0,0
2.04011,0.5,0.602725,-0.96275,1.28513,12.0301,0,0
2.04013,0.5,0.602725,-0.96275,1.28513,12.0301,0,0
2.0451,0.5,0.602725,-0.96275,1.28513,12.0301,0,0
2.04512,0.5,0.602725,-0.96275,1.28513,12.0301,0,0
2.05008,0.5,0.602725,-0.96275,1.28513,12.0301,0,0
2.05009,0.5,0.602725,-0.96275,1.28513,12.0301,0,0
2.05506,0.5,0.602725,-0.96275,1.28513,12.0301,0,0
2.05508,0.5,0.602725,-0.96275,1.28513,12.0301,0,0
2.06011,0.5,0.602725,-0.96275,1.28513,12.0301,0,0
2.06015,0.5,0.602725,-0.96275,1.28513,12.0301,0,0
2.06511,0.5,0.602725,-0.96275,1.28513,12.0301,0,0
2.06513,0.5,0.602725,-0.96275,1.28513,12.0301,0,0
2.07014,0.5,0.602725,-0.96275,1.28513,12.0301,0,0
2.07017,0.5,0.602725,-0.96275,1.28513,12.0301,0,0
2.07513,0.5,0.602725,-0.96275,1.28513,12.0301,0,0
2.07516,0.5,0.602725,-0.96275,1.28513,12.0301,0,0
2.08012,0.5,0.602725,-0.96275,1.28513,12.0301,0,0
2.08014,0.5,0.602725,-0.96275,1.28513,12.0301,0,0
2.08512,0.5,0.602725,-0.96275,1.28513,12.0301,0,0
2.08513,0.5,0.602725,-0.96275,1.28513,12.0301,0,0
2.09014,0.5,0.602725,-0.96275,1.28513,12.0301,0,0
2.09016,0.5,0.602725,-0.96275,1.28513,12.0301,0,0
2.09512,0.5,0.602725,-0.96275,1.28513,12.0301,0,0
2.09513,0.5,0.602725,-0.96275,1.28513,12.0301,0,0
2.10011,0.5,0.602725,-0.96275,1.28513,12.0301,0,0
2.10017,0.5,0.602725,-0.96275,1.28513,12.0301,0,0
2.10513,0.5,0.602725,-0.96275,1.28513,12.0301,0,0
2.10515,0.5,0.602725,-0.96275,1.28513,12.0301,0,0
2.11013,0.5,0.602725,-0.96275,1.28513,12.0301,0,0
2.11014,0.5,0.602725,-0.96275,1.28513,12.0301,0,0
2.11512,0.5,0.602725,-0.96275,1.28513,12.0301,0,0
2.11514,0.5,0.602725,-0.96275,1.28513,12.0301,0,0
2.12011,0.5,0.602725,-0.96275,1.28513,12.0301,0,0
2.12013,0.5,0.602725,-0.96275,1.28513,12.0301,0,0
2.1251,0.5,0.602725,-0.96275,1.28513,12.0301,0,0
2.12511,0.5,0.602725,-0.96275,1.28513,12.0301,0,0
2.13014,0.5,0.602725,-0.96275,1.28513,12.0301,0,0
2.13016,0.5,0.602725,-0.96275,1.28513,12.0301,0,0
2.13508,0.5,0.602725,-0.96275,1.28513,12.0301,0,0
2.1351,0.5,0.602725,-0.96275,1.28513,12.0301,0,0
2.14009,0.5,0.602725,-0.96275,1.28513,12.0301,0,0
2.14011,0.5,0.602725,-0.96275,1.28513,12.0301,0,0
2.14513,0.5,0.602725,-0.96275,1.28513,12.0301,0,0
2.14514,0.5,0.602725,-0.96275,1.28513,12.0301,0,0
2.1501,0.5,0.602725,-0.96275,1.28513,12.0301,0,0
2.15012,0.5,0.602725,-0.96275,1.28513,12.0301,0,0
2.1551,0.5,0.602725,-0.96275,1.28513,12.0301,0,0
2.15512,0.5,0.602725,-0.96275,1.28513,12.0301,0,0
2.16013,0.5,0.602725,-0.96275,1.28513,12.0301,0,0
2.16014,0.5,0.602725,-0.96275,1.28513,12.0301,0,0
2.16512,0.5,0.602725,-0.96275,1.28513,12.0301,0,0
2.16513,0.5,0.602725,-0.96275,1.28513,12.0301,0,0
2.17009,0.5,0.602725,-0.96275,1.28513,12.0301,0,0
2.1701,0.5,0.602725,-0.96275,1.28513,12.0301,0,0
2.17511,0.5,0.602725,-0.96275,1.28513,12.0301,0,0
2.17512,0.5,0.602725,-0.96275,1.28513,12.0301,0,0
2.18013,0.5,0.602725,-0.96275,1.28513,12.0301,0,0
2.18015,0.5,0.602725,-0.96275,1.28513,12.0301,0,0
2.18511,0.5,0.602725,-0.96275,1.28513,12.0301,0,0
2.18512,0.5,0.602725,-0.96275,1.28513,12.0301,0,0
2.19007,0.5,0.602725,-0.96275,1.28513,12.0301,0,0
2.19008,0.5,0.602725,-0.96275,1.28513,12.0301,0,0
2.19514,0.5,0.602725,-0.96275,1.28513,12.0301,0,0
2.19515,0.5,0.602725,-0.96275,1.28513,12.0301,0,0
2.20014,0.5,0.602725,-0.96275,1.28513,12.0301,0,0
2.20015,0.5,0.602725,-0.96275,1.28513,12.0301,0,0
2.20511,0.5,0.602725,-0.96275,1.28513,12.0301,0,0
2.20517,0.5,0.602725,-0.96275,1.28513,12.0301,0,0
2.21008,0.5,0.602725,-0.96275,1.28513,12.0301,0,0
2.21009,0.5,0.602725,-0.96275,1.28513,12.0301,0,0
2.21514,0.5,0.602725,-0.96275,1.28513,12.0301,0,0
2.21515,0.5,0.602725,-0.96275,1.28513,12.0301,0,0
2.22011,0.5,0.602725,-0.96275,1.28513,12.0301,0,0
2.22013,0.5,0.602725,-0.96275,1.28513,12.0301,0,0
2.22509,0.5,0.602725,-0.96275,1.28513,12.0301,0,0
2.2251,0.5,0.602725,-0.96275,1.28513,12.0301,0,0
2.23005,0.5,0.602725,-0.96275,1.28513,12.0301,0,0
2.23006,0.5,0.602725,-0.96275,1.28513,12.0301,0,0
2.23512,0.5,0.602725,-0.96275,1.28513,12.0301,0,0
2.23513,0.5,0.602725,-0.96275,1.28513,12.0301,0,0
2.24011,0.5,0.602725,-0.96275,1.28513,12.0301,0,0
2.24011,0.5,0.602725,-0.96275,1.28513,12.0301,0,0
2.2451,0.5,0.602725,-0.96275,1.28513,12.0301,0,0
2.2451,0.5,0.602725,-0.96275,1.28513,12.0301,0,0
2.25012,0.5,0.602725,-0.96275,1.28513,12.0301,0,0
2.25013,0.5,0.602725,-0.96275,1.28513,12.0301,0,0
2.25511,0.5,0.602725,-0.96275,1.28513,12.0301,0,0
2.25513,0.5,0.602725,-0.96275,1.28513,12.0301,0,0
2.26006,0.5,0.602725,-0.96275,1.28513,12.0301,0,0
2.26008,0.5,0.602725,-0.96275,1.28513,12.0301,0,0
2.26508,0.5,0.602725,-0.96275,1.28513,12.0301,0,0
2.26509,0.5,0.602725,-0.96275,1.28513,12.0301,0,0
2.27009,0.5,0.602725,-0.96275,1.28513,12.0301,0,0
2.27014,0.5,0.602725,-0.96275,1.28513,12.0301,0,0
2.2751,0.5,0.602725,-0.96275,1.28513,12.0301,0,0
2.27512,0.5,0.602725,-0.96275,1.28513,12.0301,0,0
2.28008,0.5,0.602725,-0.96275,1.28513,12.0301,0,0
2.28008,0.5,0.602725,-0.96275,1.28513,12.0301,0,0
2.28512,0.5,0.602725,-0.96275,1.28513,12.0301,0,0
2.28513,0.5,0.602725,-0.96275,1.28513,12.0301,0,0
2.2901,0.5,0.602725,-0.96275,1.28513,12.0301,0,0
2.29011,0.5,0.602725,-0.96275,1.28513,12.0301,0,0
2.29511,0.5,0.602725,-0.96275,1.28513,12.0301,0,0
2.29513,0.5,0.602725,-0.96275,1.28513,12.0301,0,0
2.30011,0.5,0.602725,-0.96275,1.28513,12.0301,0,0
2.30012,0.5,0.602725,-0.96275,1.28513,12.0301,0,0
2.30514,0.5,0.602725,-0.96275,1.28513,12.0301,0,0
2.30515,0.5,0.602725,-0.96275,1.28513,12.0301,0,0
2.31012,0.5,0.602725,-0.96275,1.28513,12.0301,0,0
2.31014,0.5,0.602725,-0.96275,1.28513,12.0301,0,0
2.31512,0.5,0.602725,-0.96275,1.28513,12.0301,0,0
2.31513,0.5,0.602725,-0.96275,1.28513,12.0301,0,0
2.32013,0.5,0.602725,-0.96275,1.28513,12.0301,0,0
2.32015,0.5,0.602725,-0.96275,1.28513,12.0301,0,0
2.32512,0.5,0.602725,-0.96275,1.28513,12.0301,0,0
2.32514,0.5,0.602725,-0.96275,1.28513,12.0301,0,0
2.33011,0.5,0.602725,-0.96275,1.28513,12.0301,0,0
2.33013,0.5,0.602725,-0.96275,1.28513,12.0301,0,0
2.33508,0.5,0.602725,-0.96275,1.28513,12.0301,0,0
2.33508,0.5,0.602725,-0.96275,1.28513,12.0301,0,0
2.34014,0.5,0.602725,-0.96275,1.28513,12.0301,0,0
2.34015,0.5,0.602725,-0.96275,1.28513,12.0301,0,0
2.34511,0.5,0.602725,-0.96275,1.28513,12.0301,0,0
2.34513,0.5,0.602725,-0.96275,1.28513,12.0301,0,0
2.3501,0.5,0.602725,-0.96275,1.28513,12.0301,0,0
2.35011,0.5,0.602725,-0.96275,1.28513,12.0301,0,0
2.35511,0.5,0.602725,-0.96275,1.28513,12.0301,0,0
2.35511,0.5,0.602725,-0.96275,1.28513,12.0301,0,0
2.36013,0.5,0.602725,-0.96275,1.28513,12.0301,0,0
2.36015,0.5,0.602725,-0.96275,1.28513,12.0301,0,0
2.36509,0.5,0.602725,-0.96275,1.28513,12.0301,0,0
2.36511,0.5,0.602725,-0.96275,1.28513,12.0301,0,0
2.37009,0.5,0.602725,-0.96275,1.28513,12.0301,0,0
2.3701,0.5,0.602725,-0.96275,1.28513,12.0301,0,0
2.37513,0.5,0.602725,-0.96275,1.28513,12.0301,0,0
2.37515,0.5,0.602725,-0.96275,1.28513,12.0301,0,0
2.38012,0.5,0.602725,-0.96275,1.28513,12.0301,0,0
2.38014,0.5,0.602725,-0.96275,1.28513,12.0301,0,0
2.38514,0.5,0.602725,-0.96275,1.28513,12.0301,0,0
2.38515,0.5,0.602725,-0.96275,1.28513,12.0301,0,0
2.39012,0.5,0.602725,-0.96275,1.28513,12.0301,0,0
2.39015,0.5,0.602725,-0.96275,1.28513,12.0301,0,0
2.39515,0.5,0.602725,-0.96275,1.28513,12.0301,0,0
2.39517,0.5,0.602725,-0.96275,1.28513,12.0301,0,0
2.40014,0.5,0.602725,-0.96275,1.28513,12.0301,0,0
2.40017,0.5,0.602725,-0.96275,1.28513,12.0301,0,0
2.40511,0.5,0.602725,-0.96275,1.28513,12.0301,0,0
2.40513,0.5,0.602725,-0.96275,1.28513,12.0301,0,0
2.41012,0.5,0.602725,-0.96275,1.28513,12.0301,0,0
2.41014,0.5,0.602725,-0.96275,1.28513,12.0301,0,0
2.41521,0.5,0.602725,-0.96275,1.28513,12.0301,0,0
2.41522,0.5,0.602725,-0.96275,1.28513,12.0301,0,0
2.42009,0.5,0.602725,-0.96275,1.28513,12.0301,0,0
2.4201,0.5,0.602725,-0.96275,1.28513,12.0301,0,0
2.42512,0.5,0.602725,-0.96275,1.28513,12.0301,0,0
2.42514,0.5,0.602725,-0.96275,1.28513,12.0301,0,0
2.43015,0.5,0.602725,-0.96275,1.28513,12.0301,0,0
2.43016,0.5,0.602725,-0.96275,1.28513,12.0301,0,0
2.43512,0.5,0.602725,-0.96275,1.28513,12.0301,0,0
2.43514,0.5,0.602725,-0.96275,1.28513,12.0301,0,0
2.44009,0.5,0.602725,-0.96275,1.28513,12.0301,0,0
2.4401,0.5,0.602725,-0.96275,1.28513,12.0301,0,0
2.4451,0.5,0.602725,-0.96275,1.28513,12.0301,0,0
2.44511,0.5,0.602725,-0.96275,1.28513,12.0301,0,0
2.4501,0.5,0.602725,-0.96275,1.28513,12.0301,0,0
2.45012,0.5,0.602725,-0.96275,1.28513,12.0301,0,0
2.45511,0.5,0.602725,-0.96275,1.28513,12.0301,0,0
2.45513,0.5,0.602725,-0.96275,1.28513,12.0301,0,0
2.4601,0.5,0.602725,-0.96275,1.28513,12.0301,0,0
2.46011,0.5,0.602725,-0.96275,1.28513,12.0301,0,0
2.46511,0.5,0.602725,-0.96275,1.28513,12.0301,0,0
2.46512,0.5,0.602725,-0.96275,1.28513,12.0301,0,0
2.47013,0.5,0.602725,-0.96275,1.28513,12.0301,0,0
2.47016,0.5,0.602725,-0.96275,1.28513,12.0301,0,0
2.4751,0.5,0.602725,-0.96275,1.28513,12.0301,0,0
2.47512,0.5,0.602725,-0.96275,1.28513,12.0301,0,0
2.48009,0.5,0.602725,-0.96275,1.28513,12.0301,0,0
2.48011,0.5,0.602725,-0.96275,1.28513,12.0301,0,0
2.48514,0.5,0.602725,-0.96275,1.28513,12.0301,0,0
2.48515,0.5,0.602725,-0.96275,1.28513,12.0301,0,0
2.49011,0.5,0.602725,-0.96275,1.28513,12.0301,0,0
2.49013,0.5,0.602725,-0.96275,1.28513,12.0301,0,0
2.4951,0.5,0.602725,-0.96275,1.28513,12.0301,0,0
2.49511,0.5,0.602725,-0.96275,1.28513,12.0301,0,0
2.50011,0.5,0.602725,-0.96275,1.28513,12.0301,0,0
2.50013,0.5,0.602725,-0.96275,1.28513,12.0301,0,0
2.50511,0.5,0.602725,-0.96275,1.28513,12.0301,0,0
2.50514,0.5,0.602725,-0.96275,1.28513,12.0301,0,0
2.51015,0.5,0.602725,-0.96275,1.28513,12.0301,0,0
2.51017,0.5,0.602725,-0.96275,1.28513,12.0301,0,0
2.51509,0.5,0.602725,-0.96275,1.28513,12.0301,0,0
2.51511,0.5,0.602725,-0.96275,1.28513,12.0301,0,0
2.52013,0.5,0.602725,-0.96275,1.28513,12.0301,0,0
2.52015,0.5,0.602725,-0.96275,1.28513,12.0301,0,0
2.52511,0.5,0.602725,-0.96275,1.28513,12.0301,0,0
2.52512,0.5,0.602725,-0.96275,1.28513,12.0301,0,0
2.53012,0.5,0.602725,-0.96275,1.28513,12.0301,0,0
2.53013,0.5,0.602725,-0.96275,1.28513,12.0301,0,0
2.53511,0.5,0.602725,-0.96275,1.28513,12.0301,0,0
2.53512,0.5,0.602725,-0.96275,1.28513,12.0301,0,0
2.54013,0.5,0.602725,-0.96275,1.28513,12.0301,0,0
2.54015,0.5,0.602725,-0.96275,1.28513,12.0301,0,0
2.54514,0.5,0.602725,-0.96275,1.28513,12.0301,0,0
2.54516,0.5,0.602725,-0.96275,1.28513,12.0301,0,0
2.5501,0.5,0.602725,-0.96275,1.28513,12.0301,0,0
2.55012,0.5,0.602725,-0.96275,1.28513,12.0301,0,0
2.55515,0.5,0.602725,-0.96275,1.28513,12.0301,0,0
2.55517,0.5,0.602725,-0.96275,1.28513,12.0301,0,0
2.5601,0.5,0.602725,-0.96275,1.28513,12.0301,0,0
2.56012,0.5,0.602725,-0.96275,1.28513,12.0301,0,0
2.56508,0.5,0.602725,-0.96275,1.28513,12.0301,0,0
2.56509,0.5,0.602725,-0.96275,1.28513,12.0301,0,0
2.57008,0.5,0.602725,-0.96275,1.28513,12.0301,0,0
2.57009,0.5,0.602725,-0.96275,1.28513,12.0301,0,0
2.57507,0.5,0.602725,-0.96275,1.28513,12.0301,0,0
2.57507,0.5,0.602725,-0.96275,1.28513,12.0301,0,0
2.5801,0.5,0.602725,-0.96275,1.28513,12.0301,0,0
2.58012,0.5,0.602725,-0.96275,1.28513,12.0301,0,0
2.58508,0.5,0.602725,-0.96275,1.28513,12.0301,0,0
2.58509,0.5,0.602725,-0.96275,1.28513,12.0301,0,0
2.5901,0.5,0.602725,-0.96275,1.28513,12.0301,0,0
2.59011,0.5,0.602725,-0.96275,1.28513,12.0301,0,0
2.59508,0.5,0.602725,-0.96275,1.28513,12.0301,0,0
2.59509,0.5,0.602725,-0.96275,1.28513,12.0301,0,0
2.60009,0.5,0.602725,-0.96275,1.28513,12.0301,0,0
2.60011,0.5,0.602725,-0.96275,1.28513,12.0301,0,0
2.60513,0.5,0.602725,-0.96275,1.28513,12.0301,0,0
2.60514,0.5,0.602725,-0.96275,1.28513,12.0301,0,0
2.61014,0.5,0.602725,-0.96275,1.28513,12.0301,0,0
2.61015,0.5,0.602725,-0.96275,1.28513,12.0301,0,0
2.61511,0.5,0.602725,-0.96275,1.28513,12.0301,0,0
2.61512,0.5,0.602725,-0.96275,1.28513,12.0301,0,0
2.6201,0.5,0.602725,-0.96275,1.28513,12.0301,0,0
2.62011,0.5,0.602725,-0.96275,1.28513,12.0301,0,0
2.6251,0.5,0.602725,-0.96275,1.28513,12.0301,0,0
2.62511,0.5,0.602725,-0.96275,1.28513,12.0301,0,0
2.63011,0.5,0.602725,-0.96275,1.28513,12.0301,0,0
2.63012,0.5,0.602725,-0.96275,1.28513,12.0301,0,0
2.63509,0.5,0.602725,-0.96275,1.28513,12.0301,0,0
2.63511,0.5,0.602725,-0.96275,1.28513,12.0301,0,0
2.64008,0.5,0.602725,-0.96275,1.28513,12.0301,0,0
2.64009,0.5,0.602725,-0.96275,1.28513,12.0301,0,0
2.64513,0.5,0.602725,-0.96275,1.28513,12.0301,0,0
2.64514,0.5,0.602725,-0.96275,1.28513,12.0301,0,0
2.65011,0.5,0.602725,-0.96275,1.28513,12.0301,0,0
2.65012,0.5,0.602725,-0.96275,1.28513,12.0301,0,0
2.65509,0.5,0.602725,-0.96275,1.28513,12.0301,0,0
2.6551,0.5,0.602725,-0.96275,1.28513,12.0301,0,0
2.66014,0.5,0.602725,-0.96275,1.28513,12.0301,0,0
2.66015,0.5,0.602725,-0.96275,1.28513,12.0301,0,0
2.66514,0.5,0.602725,-0.96275,1.28513,12.0301,0,0
2.66515,0.5,0.602725,-0.96275,1.28513,12.0301,0,0
2.67008,0.5,0.602725,-0.96275,1.28513,12.0301,0,0
2.6701,0.5,0.602725,-0.96275,1.28513,12.0301,0,0
2.6751,0.5,0.602725,-0.96275,1.28513,12.0301,0,0
2.67512,0.5,0.602725,-0.96275,1.28513,12.0301,0,0
2.68015,0.5,0.602725,-0.96275,1.28513,12.0301,0,0
2.68019,0.5,0.602725,-0.96275,1.28513,12.0301,0,0
2.68513,0.5,0.602725,-0.96275,1.28513,12.0301,0,0
2.68515,0.5,0.602725,-0.96275,1.28513,12.0301,0,0
2.6901,0.5,0.602725,-0.96275,1.28513,12.0301,0,0
2.69011,0.5,0.602725,-0.96275,1.28513,12.0301,0,0
2.69516,0.5,0.602725,-0.96275,1.28513,12.0301,0,0
2.69519,0.5,0.602725,-0.96275,1.28513,12.0301,0,0
2.70014,0.5,0.602725,-0.96275,1.28513,12.0301,0,0
2.70016,0.5,0.602725,-0.96275,1.28513,12.0301,0,0
2.70511,0.5,0.602725,-0.96275,1.28513,12.0301,0,0
2.70512,0.5,0.602725,-0.96275,1.28513,12.0301,0,0
2.7101,0.5,0.602725,-0.96275,1.28513,12.0301,0,0
2.71011,0.5,0.602725,-0.96275,1.28513,12.0301,0,0
2.71516,0.5,0.602725,-0.96275,1.28513,12.0301,0,0
2.71517,0.5,0.602725,-0.96275,1.28513,12.0301,0,0
2.72015,0.5,0.602725,-0.96275,1.28513,12.0301,0,0
2.72016,0.5,0.602725,-0.96275,1.28513,12.0301,0,0
2.7251,0.5,0.602725,-0.96275,1.28513,12.0301,0,0
2.72511,0.5,0.602725,-0.96275,1.28513,12.0301,0,0
2.73009,0.5,0.602725,-0.96275,1.28513,12.0301,0,0
2.7301,0.5,0.602725,-0.96275,1.28513,12.0301,0,0
2.73511,0.5,0.602725,-0.96275,1.28513,12.0301,0,0
2.73512,0.5,0.602725,-0.96275,1.28513,12.0301,0,0
2.7401,0.5,0.602725,-0.96275,1.28513,12.0301,0,0
2.74011,0.5,0.602725,-0.96275,1.28513,12.0301,0,0
2.7451,0.5,0.602725,-0.96275,1.28513,12.0301,0,0
2.74511,0.5,0.602725,-0.96275,1.28513,12.0301,0,0
2.75013,0.5,0.602725,-0.96275,1.28513,12.0301,0,0
2.75015,0.5,0.602725,-0.96275,1.28513,12.0301,0,0
2.75512,0.5,0.602725,-0.96275,1.28513,12.0301,0,0
2.75518,0.5,0.602725,-0.96275,1.28513,12.0301,0,0
2.76015,0.5,0.602725,-0.96275,1.28513,12.0301,0,0
2.76017,0.5,0.602725,-0.96275,1.28513,12.0301,0,0
2.7651,0.5,0.602725,-0.96275,1.28513,12.0301,0,0
2.76512,0.5,0.602725,-0.96275,1.28513,12.0301,0,0
2.77015,0.5,0.602725,-0.96275,1.28513,12.0301,0,0
2.77017,0.5,0.602725,-0.96275,1.28513,12.0301,0,0
2.77514,0.5,0.602725,-0.96275,1.28513,12.0301,0,0
2.77516,0.5,0.602725,-0.96275,1.28513,12.0301,0,0
2.7801,0.5,0.602725,-0.96275,1.28513,12.0301,0,0
2.78012,0.5,0.602725,-0.96275,1.28513,12.0301,0,0
2.78515,0.5,0.602725,-0.96275,1.28513,12.0301,0,0
2.78517,0.5,0.602725,-0.96275,1.28513,12.0301,0,0
2.79012,0.5,0.602725,-0.96275,1.28513,12.0301,0,0
2.79014,0.5,0.602725,-0.96275,1.28513,12.0301,0,0
2.79511,0.5,0.602725,-0.96275,1.28513,12.0301,0,0
2.79513,0.5,0.602725,-0.96275,1.28513,12.0301,0,0
2.80011,0.5,0.602725,-0.96275,1.28513,12.0301,0,0
2.80013,0.5,0.602725,-0.96275,1.28513,12.0301,0,0
2.80512,0.5,0.602725,-0.96275,1.28513,12.0301,0,0
2.80514,0.5,0.602725,-0.96275,1.28513,12.0301,0,0
2.81013,0.5,0.602725,-0.96275,1.28513,12.0301,0,0
2.81014,0.5,0.602725,-0.96275,1.28513,12.0301,0,0
2.8151,0.5,0.602725,-0.96275,1.28513,12.0301,0,0
2.81512,0.5,0.602725,-0.96275,1.28513,12.0301,0,0
2.82013,0.5,0.602725,-0.96275,1.28513,12.0301,0,0
2.82014,0.5,0.602725,-0.96275,1.28513,12.0301,0,0
2.82513,0.5,0.602725,-0.96275,1.28513,12.0301,0,0
2.82514,0.5,0.602725,-0.96275,1.28513,12.0301,0,0
2.8301,0.5,0.602725,-0.96275,1.28513,12.0301,0,0
2.83011,0.5,0.602725,-0.96275,1.28513,12.0301,0,0
2.83515,0.5,0.602725,-0.96275,1.28513,12.0301,0,0
2.83517,0.5,0.602725,-0.96275,1.28513,12.0301,0,0
2.84014,0.5,0.602725,-0.96275,1.28513,12.0301,0,0
2.84015,0.5,0.602725,-0.96275,1.28513,12.0301,0,0
2.84515,0.5,0.602725,-0.96275,1.28513,12.0301,0,0
2.84517,0.5,0.602725,-0.96275,1.28513,12.0301,0,0
2.8501,0.5,0.602725,-0.96275,1.28513,12.0301,0,0
2.85012,0.5,0.602725,-0.96275,1.28513,12.0301,0,0
2.85524,0.5,0.602725,-0.96275,1.28513,12.0301,0,0
2.85526,0.5,0.602725,-0.96275,1.28513,12.0301,0,0
2.86012,0.5,0.602725,-0.96275,1.28513,12.0301,0,0
2.86013,0.5,0.602725,-0.96275,1.28513,12.0301,0,0
2.86511,0.5,0.602725,-0.96275,1.28513,12.0301,0,0
2.86512,0.5,0.602725,-0.96275,1.28513,12.0301,0,0
2.8701,0.5,0.602725,-0.96275,1.28513,12.0301,0,0
2.87011,0.5,0.602725,-0.96275,1.28513,12.0301,0,0
2.87511,0.5,0.602725,-0.96275,1.28513,12.0301,0,0
2.87512,0.5,0.602725,-0.96275,1.28513,12.0301,0,0
2.88012,0.5,0.602725,-0.96275,1.28513,12.0301,0,0
2.88013,0.5,0.602725,-0.96275,1.28513,12.0301,0,0
2.8851,0.5,0.602725,-0.96275,1.28513,12.0301,0,0
2.88511,0.5,0.602725,-0.96275,1.28513,12.0301,0,0
2.8901,0.5,0.602725,-0.96275,1.28513,12.0301,0,0
2.8901,0.5,0.602725,-0.96275,1.28513,12.0301,0,0
2.89514,0.5,0.602725,-0.96275,1.28513,12.0301,0,0
2.89515,0.5,0.602725,-0.96275,1.28513,12.0301,0,0
2.90012,0.5,0.602725,-0.96275,1.28513,12.0301,0,0
2.90014,0.5,0.602725,-0.96275,1.28513,12.0301,0,0
2.9051,0.5,0.602725,-0.96275,1.28513,12.0301,0,0
2.90512,0.5,0.602725,-0.96275,1.28513,12.0301,0,0
2.91013,0.5,0.602725,-0.96275,1.28513,12.0301,0,0
2.91014,0.5,0.602725,-0.96275,1.28513,12.0301,0,0
2.91511,0.5,0.602725,-0.96275,1.28513,12.0301,0,0
2.91513,0.5,0.602725,-0.96275,1.28513,12.0301,0,0
2.92009,0.5,0.602725,-0.96275,1.28513,12.0301,0,0
2.9201,0.5,0.602725,-0.96275,1.28513,12.0301,0,0
2.92509,0.5,0.602725,-0.96275,1.28513,12.0301,0,0
2.92511,0.5,0.602725,-0.96275,1.28513,12.0301,0,0
2.93008,0.5,0.602725,-0.96275,1.28513,12.0301,0,0
2.93009,0.5,0.602725,-0.96275,1.28513,12.0301,0,0
2.93509,0.5,0.602725,-0.96275,1.28513,12.0301,0,0
2.93511,0.5,0.602725,-0.96275,1.28513,12.0301,0,0
2.94009,0.5,0.602725,-0.96275,1.28513,12.0301,0,0
2.94011,0.5,0.602725,-0.96275,1.28513,12.0301,0,0
2.94509,0.5,0.602725,-0.96275,1.28513,12.0301,0,0
2.9451,0.5,0.602725,-0.96275,1.28513,12.0301,0,0
2.95008,0.5,0.602725,-0.96275,1.28513,12.0301,0,0
2.95009,0.5,0.602725,-0.96275,1.28513,12.0301,0,0
2.95519,0.5,0.602725,-0.96275,1.28513,12.0301,0,0
2.95521,0.5,0.602725,-0.96275,1.28513,12.0301,0,0
2.96008,0.5,0.602725,-0.96275,1.28513,12.0301,0,0
2.9601,0.5,0.602725,-0.96275,1.28513,12.0301,0,0
2.96512,0.5,0.602725,-0.96275,1.28513,12.0301,0,0
2.96513,0.5,0.602725,-0.96275,1.28513,12.0301,0,0
2.97009,0.5,0.602725,-0.96275,1.28513,12.0301,0,0
2.9701,0.5,0.602725,-0.96275,1.28513,12.0301,0,0
2.97508,0.5,0.602725,-0.96275,1.28513,12.0301,0,0
2.97509,0.5,0.602725,-0.96275,1.28513,12.0301,0,0
2.98011,0.5,0.602725,-0.96275,1.28513,12.0301,0,0
2.98011,0.5,0.602725,-0.96275,1.28513,12.0301,0,0
2.98512,0.5,0.602725,-0.96275,1.28513,12.0301,0,0
2.98514,0.5,0.602725,-0.96275,1.28513,12.0301,0,0
2.9901,0.5,0.602725,-0.96275,1.28513,12.0301,0,0
2.99012,0.5,0.602725,-0.96275,1.28513,12.0301,0,0
2.99508,0.5,0.602725,-0.96275,1.28513,12.0301,0,0
2.99509,0.5,0.602725,-0.96275,1.28513,12.0301,0,0
3.0001,0.5,0.602725,-0.96275,1.28513,12.0301,0,0
3.00011,0.5,0.602725,-0.96275,1.28513,12.0301,0,0
3.0051,0.5,0.602725,-0.96275,1.28513,12.0301,0,0
3.00512,0.5,0.602725,-0.96275,1.28513,12.0301,0,0
3.01018,0.5,0.602725,-0.96275,1.28513,12.0301,0,0
3.01021,0.5,0.602725,-0.96275,1.28513,12.0301,0,0
3.01512,0.5,0.602725,-0.96275,1.28513,12.0301,0,0
3.01514,0.5,0.602725,-0.96275,1.28513,12.0301,0,0
3.02012,0.5,0.602725,-0.96275,1.28513,12.0301,0,0
3.02015,0.5,0.602725,-0.96275,1.28513,12.0301,0,0
3.02513,0.5,0.602725,-0.96275,1.28513,12.0301,0,0
3.02515,0.5,0.602725,-0.96275,1.28513,12.0301,0,0
3.03009,0.5,0.602725,-0.96275,1.28513,12.0301,0,0
3.03011,0.5,0.602725,-0.96275,1.28513,12.0301,0,0
3.03511,0.5,0.602725,-0.96275,1.28513,12.0301,0,0
3.03513,0.5,0.602725,-0.96275,1.28513,12.0301,0,0
3.04012,0.5,0.602725,-0.96275,1.28513,12.0301,0,0
3.04015,0.5,0.602725,-0.96275,1.28513,12.0301,0,0
3.04512,0.5,0.602725,-0.96275,1.28513,12.0301,0,0
3.04514,0.5,0.602725,-0.96275,1.28513,12.0301,0,0
3.05008,0.5,0.602725,-0.96275,1.28513,12.0301,0,0
3.05009,0.5,0.602725,-0.96275,1.28513,12.0301,0,0
3.05512,0.5,0.602725,-0.96275,1.28513,12.0301,0,0
3.05514,0.5,0.602725,-0.96275,1.28513,12.0301,0,0
3.06011,0.5,0.602725,-0.96275,1.28513,12.0301,0,0
3.06013,0.5,0.602725,-0.96275,1.28513,12.0301,0,0
3.0651,0.5,0.602725,-0.96275,1.28513,12.0301,0,0
3.06511,0.5,0.602725,-0.96275,1.28513,12.0301,0,0
3.07009,0.5,0.602725,-0.96275,1.28513,12.0301,0,0
3.0701,0.5,0.602725,-0.96275,1.28513,12.0301,0,0
3.07512,0.5,0.602725,-0.96275,1.28513,12.0301,0,0
3.07513,0.5,0.602725,-0.96275,1.28513,12.0301,0,0
3.08009,0.5,0.602725,-0.96275,1.28513,12.0301,0,0
3.0801,0.5,0.602725,-0.96275,1.28513,12.0301,0,0
3.08508,0.5,0.602725,-0.96275,1.28513,12.0301,0,0
3.08509,0.5,0.602725,-0.96275,1.28513,12.0301,0,0
3.09009,0.5,0.602725,-0.96275,1.28513,12.0301,0,0
3.09014,0.5,0.602725,-0.96275,1.28513,12.0301,0,0
3.09514,0.5,0.602725,-0.96275,1.28513,12.0301,0,0
3.09515,0.5,0.602725,-0.96275,1.28513,12.0301,0,0
3.1001,0.5,0.602725,-0.96275,1.28513,12.0301,0,0
3.10011,0.5,0.602725,-0.96275,1.28513,12.0301,0,0
3.10513,0.5,0.602725,-0.96275,1.28513,12.0301,0,0
3.10514,0.5,0.602725,-0.96275,1.28513,12.0301,0,0
3.11012,0.5,0.602725,-0.96275,1.28513,12.0301,0,0
3.11013,0.5,0.602725,-0.96275,1.28513,12.0301,0,0
3.11512,0.5,0.602725,-0.96275,1.28513,12.0301,0,0
3.11513,0.5,0.602725,-0.96275,1.28513,12.0301,0,0
3.1201,0.5,0.602725,-0.96275,1.28513,12.0301,0,0
3.12011,0.5,0.602725,-0.96275,1.28513,12.0301,0,0
3.1251,0.5,0.602725,-0.96275,1.28513,12.0301,0,0
3.12512,0.5,0.602725,-0.96275,1.28513,12.0301,0,0
3.13011,0.5,0.602725,-0.96275,1.28513,12.0301,0,0
3.13012,0.5,0.602725,-0.96275,1.28513,12.0301,0,0
3.13511,0.5,0.602725,-0.96275,1.28513,12.0301,0,0
3.13513,0.5,0.602725,-0.96275,1.28513,12.0301,0,0
3.14009,0.5,0.602725,-0.96275,1.28513,12.0301,0,0
3.14009,0.5,0.602725,-0.96275,1.28513,12.0301,0,0
3.14513,0.5,0.602725,-0.96275,1.28513,12.0301,0,0
3.14514,0.5,0.602725,-0.96275,1.28513,12.0301,0,0
3.15011,0.5,0.602725,-0.96275,1.28513,12.0301,0,0
3.15012,0.5,0.602725,-0.96275,1.28513,12.0301,0,0
3.1551,0.5,0.602725,-0.96275,1.28513,12.0301,0,0
3.15512,0.5,0.602725,-0.96275,1.28513,12.0301,0,0
3.16012,0.5,0.602725,-0.96275,1.28513,12.0301,0,0
3.16014,0.5,0.602725,-0.96275,1.28513,12.0301,0,0
3.16513,0.5,0.602725,-0.96275,1.28513,12.0301,0,0
3.16515,0.5,0.602725,-0.96275,1.28513,12.0301,0,0
3.17016,0.5,0.602725,-0.96275,1.28513,12.0301,0,0
3.17018,0.5,0.602725,-0.96275,1.28513,12.0301,0,0
3.1751,0.5,0.602725,-0.96275,1.28513,12.0301,0,0
3.17513,0.5,0.602725,-0.96275,1.28513,12.0301,0,0
3.18016,0.5,0.602725,-0.96275,1.28513,12.0301,0,0
3.18017,0.5,0.602725,-0.96275,1.28513,12.0301,0,0
3.18513,0.5,0.602725,-0.96275,1.28513,12.0301,0,0
3.18514,0.5,0.602725,-0.96275,1.28513,12.0301,0,0
3.19014,0.5,0.602725,-0.96275,1.28513,12.0301,0,0
3.19017,0.5,0.602725,-0.96275,1.28513,12.0301,0,0
3.19511,0.5,0.602725,-0.96275,1.28513,12.0301,0,0
3.19513,0.5,0.602725,-0.96275,1.28513,12.0301,0,0
3.2001,0.5,0.602725,-0.96275,1.28513,12.0301,0,0
3.20011,0.5,0.602725,-0.96275,1.28513,12.0301,0,0
3.2051,0.5,0.602725,-0.96275,1.28513,12.0301,0,0
3.20512,0.5,0.602725,-0.96275,1.28513,12.0301,0,0
3.2101,0.5,0.602725,-0.96275,1.28513,12.0301,0,0
3.21011,0.5,0.602725,-0.96275,1.28513,12.0301,0,0
3.21513,0.5,0.602725,-0.96275,1.28513,12.0301,0,0
3.21514,0.5,0.602725,-0.96275,1.28513,12.0301,0,0
3.22009,0.5,0.602725,-0.96275,1.28513,12.0301,0,0
3.2201,0.5,0.602725,-0.96275,1.28513,12.0301,0,0
3.2251,0.5,0.602725,-0.96275,1.28513,12.0301,0,0
3.22511,0.5,0.602725,-0.96275,1.28513,12.0301,0,0
3.2301,0.5,0.602725,-0.96275,1.28513,12.0301,0,0
3.23011,0.5,0.602725,-0.96275,1.28513,12.0301,0,0
3.23514,0.5,0.602725,-0.96275,1.28513,12.0301,0,0
3.23516,0.5,0.602725,-0.96275,1.28513,12.0301,0,0
3.24012,0.5,0.602725,-0.96275,1.28513,12.0301,0,0
3.24015,0.5,0.602725,-0.96275,1.28513,12.0301,0,0
3.24509,0.5,0.602725,-0.96275,1.28513,12.0301,0,0
3.24511,0.5,0.602725,-0.96275,1.28513,12.0301,0,0
3.25014,0.5,0.602725,-0.96275,1.28513,12.0301,0,0
3.25017,0.5,0.602725,-0.96275,1.28513,12.0301,0,0
3.25512,0.5,0.602725,-0.96275,1.28513,12.0301,0,0
3.25514,0.5,0.602725,-0.96275,1.28513,12.0301,0,0
3.26011,0.5,0.602725,-0.96275,1.28513,12.0301,0,0
3.26013,0.5,0.602725,-0.96275,1.28513,12.0301,0,0
3.26513,0.5,0.602725,-0.96275,1.28513,12.0301,0,0
3.26515,0.5,0.602725,-0.96275,1.28513,12.0301,0,0
3.2701,0.5,0.602725,-0.96275,1.28513,12.0301,0,0
3.27013,0.5,0.602725,-0.96275,1.28513,12.0301,0,0
3.27512,0.5,0.602725,-0.96275,1.28513,12.0301,0,0
3.27515,0.5,0.602725,-0.96275,1.28513,12.0301,0,0
3.28007,0.5,0.602725,-0.96275,1.28513,12.0301,0,0
3.28009,0.5,0.602725,-0.96275,1.28513,12.0301,0,0
3.28511,0.5,0.602725,-0.96275,1.28513,12.0301,0,0
3.28512,0.5,0.602725,-0.96275,1.28513,12.0301,0,0
3.29011,0.5,0.602725,-0.96275,1.28513,12.0301,0,0
3.29013,0.5,0.602725,-0.96275,1.28513,12.0301,0,0
3.2951,0.5,0.602725,-0.96275,1.28513,12.0301,0,0
3.29512,0.5,0.602725,-0.96275,1.28513,12.0301,0,0
3.30009,0.5,0.602725,-0.96275,1.28513,12.0301,0,0
3.3001,0.5,0.602725,-0.96275,1.28513,12.0301,0,0
3.3051,0.5,0.602725,-0.96275,1.28513,12.0301,0,0
3.30512,0.5,0.602725,-0.96275,1.28513,12.0301,0,0
3.31014,0.5,0.602725,-0.96275,1.28513,12.0301,0,0
3.31016,0.5,0.602725,-0.96275,1.28513,12.0301,0,0
3.31514,0.5,0.602725,-0.96275,1.28513,12.0301,0,0
3.31515,0.5,0.602725,-0.96275,1.28513,12.0301,0,0
3.32014,0.5,0.602725,-0.96275,1.28513,12.0301,0,0
3.32015,0.5,0.602725,-0.96275,1.28513,12.0301,0,0
3.32513,0.5,0.602725,-0.96275,1.28513,12.0301,0,0
3.32515,0.5,0.602725,-0.96275,1.28513,12.0301,0,0
3.33011,0.5,0.602725,-0.96275,1.28513,12.0301,0,0
3.3302,0.5,0.602725,-0.96275,1.28513,12.0301,0,0
3.33509,0.5,0.602725,-0.96275,1.28513,12.0301,0,0
3.33511,0.5,0.602725,-0.96275,1.28513,12.0301,0,0
3.34012,0.5,0.602725,-0.96275,1.28513,12.0301,0,0
3.34014,0.5,0.602725,-0.96275,1.28513,12.0301,0,0
3.34513,0.5,0.602725,-0.96275,1.28513,12.0301,0,0
3.34515,0.5,0.602725,-0.96275,1.28513,12.0301,0,0
3.35011,0.5,0.602725,-0.96275,1.28513,12.0301,0,0
3.35012,0.5,0.602725,-0.96275,1.28513,12.0301,0,0
3.35512,0.5,0.602725,-0.96275,1.28513,12.0301,0,0
3.35514,0.5,0.602725,-0.96275,1.28513,12.0301,0,0
3.36014,0.5,0.602725,-0.96275,1.28513,12.0301,0,0
3.36016,0.5,0.602725,-0.96275,1.28513,12.0301,0,0
3.3651,0.5,0.602725,-0.96275,1.28513,12.0301,0,0
3.36511,0.5,0.602725,-0.96275,1.28513,12.0301,0,0
3.37009,0.5,0.602725,-0.96275,1.28513,12.0301,0,0
3.37013,0.5,0.602725,-0.96275,1.28513,12.0301,0,0
3.37513,0.5,0.602725,-0.96275,1.28513,12.0301,0,0
3.37515,0.5,0.602725,-0.96275,1.28513,12.0301,0,0
3.38014,0.5,0.602725,-0.96275,1.28513,12.0301,0,0
3.38015,0.5,0.602725,-0.96275,1.28513,12.0301,0,0
3.38509,0.5,0.602725,-0.96275,1.28513,12.0301,0,0
3.38511,0.5,0.602725,-0.96275,1.28513,12.0301,0,0
3.39008,0.5,0.602725,-0.96275,1.28513,12.0301,0,0
3.39009,0.5,0.602725,-0.96275,1.28513,12.0301,0,0
3.39514,0.5,0.602725,-0.96275,1.28513,12.0301,0,0
3.39515,0.5,0.602725,-0.96275,1.28513,12.0301,0,0
3.40013,0.5,0.602725,-0.96275,1.28513,12.0301,0,0
3.40015,0.5,0.602725,-0.96275,1.28513,12.0301,0,0
3.40509,0.5,0.602725,-0.96275,1.28513,12.0301,0,0
3.40511,0.5,0.602725,-0.96275,1.28513,12.0301,0,0
3.41013,0.5,0.602725,-0.96275,1.28513,12.0301,0,0
3.41015,0.5,0.602725,-0.96275,1.28513,12.0301,0,0
3.41512,0.5,0.602725,-0.96275,1.28513,12.0301,0,0
3.41517,0.5,0.602725,-0.96275,1.28513,12.0301,0,0
3.4201,0.5,0.602725,-0.96275,1.28513,12.0301,0,0
3.42011,0.5,0.602725,-0.96275,1.28513,12.0301,0,0
3.42513,0.5,0.602725,-0.96275,1.28513,12.0301,0,0
3.42514,0.5,0.602725,-0.96275,1.28513,12.0301,0,0
3.43015,0.5,0.602725,-0.96275,1.28513,12.0301,0,0
3.43017,0.5,0.602725,-0.96275,1.28513,12.0301,0,0
3.43515,0.5,0.602725,-0.96275,1.28513,12.0301,0,0
3.43517,0.5,0.602725,-0.96275,1.28513,12.0301,0,0
3.44012,0.5,0.602725,-0.96275,1.28513,12.0301,0,0
3.44013,0.5,0.602725,-0.96275,1.28513,12.0301,0,0
3.4451,0.5,0.602725,-0.96275,1.28513,12.0301,0,0
3.44511,0.5,0.602725,-0.96275,1.28513,12.0301,0,0
3.45011,0.5,0.602725,-0.96275,1.28513,12.0301,0,0
3.45013,0.5,0.602725,-0.96275,1.28513,12.0301,0,0
3.45513,0.5,0.602725,-0.96275,1.28513,12.0301,0,0
3.45515,0.5,0.602725,-0.96275,1.28513,12.0301,0,0
3.4601,0.5,0.602725,-0.96275,1.28513,12.0301,0,0
3.46011,0.5,0.602725,-0.96275,1.28513,12.0301,0,0
3.46514,0.5,0.602725,-0.96275,1.28513,12.0301,0,0
3.46516,0.5,0.602725,-0.96275,1.28513,12.0301,0,0
3.47012,0.5,0.602725,-0.96275,1.28513,12.0301,0,0
3.47013,0.5,0.602725,-0.96275,1.28513,12.0301,0,0
3.47511,0.5,0.602725,-0.96275,1.28513,12.0301,0,0
3.47512,0.5,0.602725,-0.96275,1.28513,12.0301,0,0
3.48011,0.5,0.602725,-0.96275,1.28513,12.0301,0,0
3.48014,0.5,0.602725,-0.96275,1.28513,12.0301,0,0
3.48512,0.5,0.602725,-0.96275,1.28513,12.0301,0,0
3.48513,0.5,0.602725,-0.96275,1.28513,12.0301,0,0
3.4901,0.5,0.602725,-0.96275,1.28513,12.0301,0,0
3.49011,0.5,0.602725,-0.96275,1.28513,12.0301,0,0
3.49508,0.5,0.602725,-0.96275,1.28513,12.0301,0,0
3.49509,0.5,0.602725,-0.96275,1.28513,12.0301,0,0
3.50015,0.5,0.602725,-0.96275,1.28513,12.0301,0,0
3.50019,0.5,0.602725,-0.96275,1.28513,12.0301,0,0
3.50512,0.5,0.602725,-0.96275,1.28513,12.0301,0,0
3.50514,0.5,0.602725,-0.96275,1.28513,12.0301,0,0
3.51014,0.5,0.602725,-0.96275,1.28513,12.0301,0,0
3.51017,0.5,0.602725,-0.96275,1.28513,12.0301,0,0
3.51508,0.5,0.602725,-0.96275,1.28513,12.0301,0,0
3.5151,0.5,0.602725,-0.96275,1.28513,12.0301,0,0
3.52013,0.5,0.602725,-0.96275,1.28513,12.0301,0,0
3.52014,0.5,0.602725,-0.96275,1.28513,12.0301,0,0
3.52516,0.5,0.602725,-0.96275,1.28513,12.0301,0,0
3.52518,0.5,0.602725,-0.96275,1.28513,12.0301,0,0
3.53009,0.5,0.602725,-0.96275,1.28513,12.0301,0,0
3.5301,0.5,0.602725,-0.96275,1.28513,12.0301,0,0
3.53514,0.5,0.602725,-0.96275,1.28513,12.0301,0,0
3.53515,0.5,0.602725,-0.96275,1.28513,12.0301,0,0
3.5401,0.5,0.602725,-0.96275,1.28513,12.0301,0,0
3.54011,0.5,0.602725,-0.96275,1.28513,12.0301,0,0
3.54512,0.5,0.602725,-0.96275,1.28513,12.0301,0,0
3.54513,0.5,0.602725,-0.96275,1.28513,12.0301,0,0
3.55012,0.5,0.602725,-0.96275,1.28513,12.0301,0,0
3.55013,0.5,0.602725,-0.96275,1.28513,12.0301,0,0
3.55514,0.5,0.602725,-0.96275,1.28513,12.0301,0,0
3.55515,0.5,0.602725,-0.96275,1.28513,12.0301,0,0
3.56015,0.5,0.602725,-0.96275,1.28513,12.0301,0,0
3.56016,0.5,0.602725,-0.96275,1.28513,12.0301,0,0
3.5651,0.5,0.602725,-0.96275,1.28513,12.0301,0,0
3.56511,0.5,0.602725,-0.96275,1.28513,12.0301,0,0
3.57013,0.5,0.602725,-0.96275,1.28513,12.0301,0,0
3.57015,0.5,0.602725,-0.96275,1.28513,12.0301,0,0
3.5751,0.5,0.602725,-0.96275,1.28513,12.0301,0,0
3.57512,0.5,0.602725,-0.96275,1.28513,12.0301,0,0
3.58011,0.5,0.602725,-0.96275,1.28513,12.0301,0,0
3.58013,0.5,0.602725,-0.96275,1.28513,12.0301,0,0
3.58513,0.5,0.602725,-0.96275,1.28513,12.0301,0,0
3.58514,0.5,0.602725,-0.96275,1.28513,12.0301,0,0
3.59011,0.5,0.602725,-0.96275,1.28513,12.0301,0,0
3.59013,0.5,0.602725,-0.96275,1.28513,12.0301,0,0
3.59512,0.5,0.602725,-0.96275,1.28513,12.0301,0,0
3.59513,0.5,0.602725,-0.96275,1.28513,12.0301,0,0
3.6001,0.5,0.602725,-0.96275,1.28513,12.0301,0,0
3.60011,0.5,0.602725,-0.96275,1.28513,12.0301,0,0
3.6051,0.5,0.602725,-0.96275,1.28513,12.0301,0,0
3.60512,0.5,0.602725,-0.96275,1.28513,12.0301,0,0
3.61013,0.5,0.602725,-0.96275,1.28513,12.0301,0,0
3.61015,0.5,0.602725,-0.96275,1.28513,12.0301,0,0
3.61511,0.5,0.602725,-0.96275,1.28513,12.0301,0,0
3.61513,0.5,0.602725,-0.96275,1.28513,12.0301,0,0
3.62009,0.5,0.602725,-0.96275,1.28513,12.0301,0,0
3.62011,0.5,0.602725,-0.96275,1.28513,12.0301,0,0
3.62511,0.5,0.602725,-0.96275,1.28513,12.0301,0,0
3.62513,0.5,0.602725,-0.96275,1.28513,12.0301,0,0
3.63012,0.5,0.602725,-0.96275,1.28513,12.0301,0,0
3.63013,0.5,0.602725,-0.96275,1.28513,12.0301,0,0
3.63509,0.5,0.602725,-0.96275,1.28513,12.0301,0,0
3.6351,0.5,0.602725,-0.96275,1.28513,12.0301,0,0
3.64011,0.5,0.602725,-0.96275,1.28513,12.0301,0,0
3.64012,0.5,0.602725,-0.96275,1.28513,12.0301,0,0
3.64511,0.5,0.602725,-0.96275,1.28513,12.0301,0,0
3.64512,0.5,0.602725,-0.96275,1.28513,12.0301,0,0
3.65015,0.5,0.602725,-0.96275,1.28513,12.0301,0,0
3.65017,0.5,0.602725,-0.96275,1.28513,12.0301,0,0
3.65509,0.5,0.602725,-0.96275,1.28513,12.0301,0,0
3.6551,0.5,0.602725,-0.96275,1.28513,12.0301,0,0
3.66011,0.5,0.602725,-0.96275,1.28513,12.0301,0,0
3.66012,0.5,0.602725,-0.96275,1.28513,12.0301,0,0
3.6651,0.5,0.602725,-0.96275,1.28513,12.0301,0,0
3.66511,0.5,0.602725,-0.96275,1.28513,12.0301,0,0
3.67011,0.5,0.602725,-0.96275,1.28513,12.0301,0,0
3.67013,0.5,0.602725,-0.96275,1.28513,12.0301,0,0
3.67509,0.5,0.602725,-0.96275,1.28513,12.0301,0,0
3.6751,0.5,0.602725,-0.96275,1.28513,12.0301,0,0
3.68012,0.5,0.602725,-0.96275,1.28513,12.0301,0,0
3.68014,0.5,0.602725,-0.96275,1.28513,12.0301,0,0
3.68508,0.5,0.602725,-0.96275,1.28513,12.0301,0,0
3.68509,0.5,0.602725,-0.96275,1.28513,12.0301,0,0
3.69008,0.5,0.602725,-0.96275,1.28513,12.0301,0,0
3.69009,0.5,0.602725,-0.96275,1.28513,12.0301,0,0
3.69511,0.5,0.602725,-0.96275,1.28513,12.0301,0,0
3.69512,0.5,0.602725,-0.96275,1.28513,12.0301,0,0
3.70014,0.5,0.602725,-0.96275,1.28513,12.0301,0,0
3.70017,0.5,0.602725,-0.96275,1.28513,12.0301,0,0
3.70516,0.5,0.602725,-0.96275,1.28513,12.0301,0,0
3.70519,0.5,0.602725,-0.96275,1.28513,12.0301,0,0
3.71017,0.5,0.602725,-0.96275,1.28513,12.0301,0,0
3.7102,0.5,0.602725,-0.96275,1.28513,12.0301,0,0
3.71515,0.5,0.602725,-0.96275,1.28513,12.0301,0,0
3.71517,0.5,0.602725,-0.96275,1.28513,12.0301,0,0
3.72013,0.5,0.602725,-0.96275,1.28513,12.0301,0,0
3.72015,0.5,0.602725,-0.96275,1.28513,12.0301,0,0
3.72514,0.5,0.602725,-0.96275,1.28513,12.0301,0,0
3.72516,0.5,0.602725,-0.96275,1.28513,12.0301,0,0
3.73012,0.5,0.602725,-0.96275,1.28513,12.0301,0,0
3.73013,0.5,0.602725,-0.96275,1.28513,12.0301,0,0
3.73512,0.5,0.602725,-0.96275,1.28513,12.0301,0,0
3.73513,0.5,0.602725,-0.96275,1.28513,12.0301,0,0
3.7401,0.5,0.602725,-0.96275,1.28513,12.0301,0,0
3.74012,0.5,0.602725,-0.96275,1.28513,12.0301,0,0
3.74514,0.5,0.602725,-0.96275,1.28513,12.0301,0,0
3.74517,0.5,0.602725,-0.96275,1.28513,12.0301,0,0
3.75016,0.5,0.602725,-0.96275,1.28513,12.0301,0,0
3.75018,0.5,0.602725,-0.96275,1.28513,12.0301,0,0
3.75515,0.5,0.602725,-0.96275,1.28513,12.0301,0,0
3.75517,0.5,0.602725,-0.96275,1.28513,12.0301,0,0
3.76013,0.5,0.602725,-0.96275,1.28513,12.0301,0,0
3.76015,0.5,0.602725,-0.96275,1.28513,12.0301,0,0
3.76513,0.5,0.602725,-0.96275,1.28513,12.0301,0,0
3.76514,0.5,0.602725,-0.96275,1.28513,12.0301,0,0
3.77009,0.5,0.602725,-0.96275,1.28513,12.0301,0,0
3.77011,0.5,0.602725,-0.96275,1.28513,12.0301,0,0
3.7751,0.5,0.602725,-0.96275,1.28513,12.0301,0,0
3.77511,0.5,0.602725,-0.96275,1.28513,12.0301,0,0
3.7801,0.5,0.602725,-0.96275,1.28513,12.0301,0,0
3.78011,0.5,0.602725,-0.96275,1.28513,12.0301,0,0
3.78511,0.5,0.602725,-0.96275,1.28513,12.0301,0,0
3.78514,0.5,0.602725,-0.96275,1.28513,12.0301,0,0
3.79009,0.5,0.602725,-0.96275,1.28513,12.0301,0,0
3.79011,0.5,0.602725,-0.96275,1.28513,12.0301,0,0
3.79513,0.5,0.602725,-0.96275,1.28513,12.0301,0,0
3.79515,0.5,0.602725,-0.96275,1.28513,12.0301,0,0
3.8001,0.5,0.602725,-0.96275,1.28513,12.0301,0,0
3.80012,0.5,0.602725,-0.96275,1.28513,12.0301,0,0
3.80514,0.5,0.602725,-0.96275,1.28513,12.0301,0,0
3.80517,0.5,0.602725,-0.96275,1.28513,12.0301,0,0
3.81012,0.5,0.602725,-0.96275,1.28513,12.0301,0,0
3.81014,0.5,0.602725,-0.96275,1.28513,12.0301,0,0
3.8151,0.5,0.602725,-0.96275,1.28513,12.0301,0,0
3.81516,0.5,0.602725,-0.96275,1.28513,12.0301,0,0
3.82009,0.5,0.602725,-0.96275,1.28513,12.0301,0,0
3.82011,0.5,0.602725,-0.96275,1.28513,12.0301,0,0
3.82514,0.5,0.602725,-0.96275,1.28513,12.0301,0,0
3.82516,0.5,0.602725,-0.96275,1.28513,12.0301,0,0
3.83012,0.5,0.602725,-0.96275,1.28513,12.0301,0,0
3.83013,0.5,0.602725,-0.96275,1.28513,12.0301,0,0
3.83511,0.5,0.602725,-0.96275,1.28513,12.0301,0,0
3.83513,0.5,0.602725,-0.96275,1.28513,12.0301,0,0
3.8401,0.5,0.602725,-0.96275,1.28513,12.0301,0,0
3.84012,0.5,0.602725,-0.96275,1.28513,12.0301,0,0
3.8451,0.5,0.602725,-0.96275,1.28513,12.0301,0,0
3.84512,0.5,0.602725,-0.96275,1.28513,12.0301,0,0
3.8501,0.5,0.602725,-0.96275,1.28513,12.0301,0,0
3.85011,0.5,0.602725,-0.96275,1.28513,12.0301,0,0
3.85513,0.5,0.602725,-0.96275,1.28513,12.0301,0,0
3.85516,0.5,0.602725,-0.96275,1.28513,12.0301,0,0
3.86014,0.5,0.602725,-0.96275,1.28513,12.0301,0,0
3.86016,0.5,0.602725,-0.96275,1.28513,12.0301,0,0
3.86512,0.5,0.602725,-0.96275,1.28513,12.0301,0,0
3.86518,0.5,0.602725,-0.96275,1.28513,12.0301,0,0
3.87009,0.5,0.602725,-0.96275,1.28513,12.0301,0,0
3.8701,0.5,0.602725,-0.96275,1.28513,12.0301,0,0
3.87513,0.5,0.602725,-0.96275,1.28513,12.0301,0,0
3.87515,0.5,0.602725,-0.96275,1.28513,12.0301,0,0
3.88016,0.5,0.602725,-0.96275,1.28513,12.0301,0,0
3.88018,0.5,0.602725,-0.96275,1.28513,12.0301,0,0
3.88511,0.5,0.602725,-0.96275,1.28513,12.0301,0,0
3.88512,0.5,0.602725,-0.96275,1.28513,12.0301,0,0
3.89008,0.5,0.602725,-0.96275,1.28513,12.0301,0,0
3.8901,0.5,0.602725,-0.96275,1.28513,12.0301,0,0
3.89513,0.5,0.602725,-0.96275,1.28513,12.0301,0,0
3.89514,0.5,0.602725,-0.96275,1.28513,12.0301,0,0
3.90013,0.5,0.602725,-0.96275,1.28513,12.0301,0,0
3.90015,0.5,0.602725,-0.96275,1.28513,12.0301,0,0
3.90512,0.5,0.602725,-0.96275,1.28513,12.0301,0,0
3.90514,0.5,0.602725,-0.96275,1.28513,12.0301,0,0
3.91012,0.5,0.602725,-0.96275,1.28513,12.0301,0,0
3.91013,0.5,0.602725,-0.96275,1.28513,12.0301,0,0
3.91514,0.5,0.602725,-0.96275,1.28513,12.0301,0,0
3.91516,0.5,0.602725,-0.96275,1.28513,12.0301,0,0
3.92011,0.5,0.602725,-0.96275,1.28513,12.0301,0,0
3.92013,0.5,0.602725,-0.96275,1.28513,12.0301,0,0
3.92513,0.5,0.602725,-0.96275,1.28513,12.0301,0,0
3.92514,0.5,0.602725,-0.96275,1.28513,12.0301,0,0
3.93015,0.5,0.602725,-0.96275,1.28513,12.0301,0,0
3.93016,0.5,0.602725,-0.96275,1.28513,12.0301,0,0
3.93516,0.5,0.602725,-0.96275,1.28513,12.0301,0,0
3.93517,0.5,0.602725,-0.96275,1.28513,12.0301,0,0
3.94008,0.5,0.602725,-0.96275,1.28513,12.0301,0,0
3.9401,0.5,0.602725,-0.96275,1.28513,12.0301,0,0
3.94513,0.5,0.602725,-0.96275,1.28513,12.0301,0,0
3.94515,0.5,0.602725,-0.96275,1.28513,12.0301,0,0
3.95013,0.5,0.602725,-0.96275,1.28513,12.0301,0,0
3.95015,0.5,0.602725,-0.96275,1.28513,12.0301,0,0
3.95515,0.5,0.602725,-0.96275,1.28513,12.0301,0,0
3.95517,0.5,0.602725,-0.96275,1.28513,12.0301,0,0
3.96013,0.5,0.602725,-0.96275,1.28513,12.0301,0,0
3.96014,0.5,0.602725,-0.96275,1.28513,12.0301,0,0
3.96511,0.5,0.602725,-0.96275,1.28513,12.0301,0,0
3.96512,0.5,0.602725,-0.96275,1.28513,12.0301,0,0
3.97014,0.5,0.602725,-0.96275,1.28513,12.0301,0,0
3.97015,0.5,0.602725,-0.96275,1.28513,12.0301,0,0
3.9751,0.5,0.602725,-0.96275,1.28513,12.0301,0,0
3.97511,0.5,0.602725,-0.96275,1.28513,12.0301,0,0
3.98008,0.5,0.602725,-0.96275,1.28513,12.0301,0,0
3.98009,0.5,0.602725,-0.96275,1.28513,12.0301,0,0
3.98511,0.5,0.602725,-0.96275,1.28513,12.0301,0,0
3.98512,0.5,0.602725,-0.96275,1.28513,12.0301,0,0
3.99011,0.5,0.602725,-0.96275,1.28513,12.0301,0,0
3.99013,0.5,0.602725,-0.96275,1.28513,12.0301,0,0
3.9951,0.5,0.602725,-0.96275,1.28513,12.0301,0,0
3.99511,0.5,0.602725,-0.96275,1.28513,12.0301,0,0
4.00012,0.5,0.602725,-0.96275,1.28513,12.0301,0,0
4.00014,0.5,0.602725,-0.96275,1.28513,12.0301,0,0
4.00514,0.5,0.602725,-0.96275,1.28513,12.0301,0,0
4.00515,0.5,0.602725,-0.96275,1.28513,12.0301,0,0
4.01012,0.5,0.602725,-0.96275,1.28513,12.0301,0,0
4.01014,0.5,0.602725,-0.96275,1.28513,12.0301,0,0
4.01511,0.5,0.602725,-0.96275,1.28513,12.0301,0,0
4.01512,0.5,0.602725,-0.96275,1.28513,12.0301,0,0
4.02013,0.5,0.602725,-0.96275,1.28513,12.0301,0,0
4.02015,0.5,0.602725,-0.96275,1.28513,12.0301,0,0
4.02511,0.5,0.602725,-0.96275,1.28513,12.0301,0,0
4.02512,0.5,0.602725,-0.96275,1.28513,12.0301,0,0
4.03009,0.5,0.602725,-0.96275,1.28513,12.0301,0,0
4.03011,0.5,0.602725,-0.96275,1.28513,12.0301,0,0
4.03513,0.5,0.602725,-0.96275,1.28513,12.0301,0,0
4.03515,0.5,0.602725,-0.96275,1.28513,12.0301,0,0
4.04014,0.5,0.602725,-0.96275,1.28513,12.0301,0,0
4.04016,0.5,0.602725,-0.96275,1.28513,12.0301,0,0
4.04512,0.5,0.602725,-0.96275,1.28513,12.0301,0,0
4.04514,0.5,0.602725,-0.96275,1.28513,12.0301,0,0
4.05008,0.5,0.602725,-0.96275,1.28513,12.0301,0,0
4.05009,0.5,0.602725,-0.96275,1.28513,12.0301,0,0
4.05514,0.5,0.602725,-0.96275,1.28513,12.0301,0,0
4.05516,0.5,0.602725,-0.96275,1.28513,12.0301,0,0
4.06011,0.5,0.602725,-0.96275,1.28513,12.0301,0,0
4.06013,0.5,0.602725,-0.96275,1.28513,12.0301,0,0
4.06509,0.5,0.602725,-0.96275,1.28513,12.0301,0,0
4.06513,0.5,0.602725,-0.96275,1.28513,12.0301,0,0
4.07012,0.5,0.602725,-0.96275,1.28513,12.0301,0,0
4.07013,0.5,0.602725,-0.96275,1.28513,12.0301,0,0
4.07509,0.5,0.602725,-0.96275,1.28513,12.0301,0,0
4.07511,0.5,0.602725,-0.96275,1.28513,12.0301,0,0
4.08013,0.5,0.602725,-0.96275,1.28513,12.0301,0,0
4.08016,0.5,0.602725,-0.96275,1.28513,12.0301,0,0
4.08512,0.5,0.602725,-0.96275,1.28513,12.0301,0,0
4.08514,0.5,0.602725,-0.96275,1.28513,12.0301,0,0
4.09014,0.5,0.602725,-0.96275,1.28513,12.0301,0,0
4.09016,0.5,0.602725,-0.96275,1.28513,12.0301,0,0
4.09515,0.5,0.602725,-0.96275,1.28513,12.0301,0,0
4.09517,0.5,0.602725,-0.96275,1.28513,12.0301,0,0
4.1001,0.5,0.602725,-0.96275,1.28513,12.0301,0,0
4.10012,0.5,0.602725,-0.96275,1.28513,12.0301,0,0
4.10513,0.5,0.602725,-0.96275,1.28513,12.0301,0,0
4.10514,0.5,0.602725,-0.96275,1.28513,12.0301,0,0
4.11012,0.5,0.602725,-0.96275,1.28513,12.0301,0,0
4.11013,0.5,0.602725,-0.96275,1.28513,12.0301,0,0
4.11508,0.5,0.602725,-0.96275,1.28513,12.0301,0,0
4.11509,0.5,0.602725,-0.96275,1.28513,12.0301,0,0
4.12011,0.5,0.602725,-0.96275,1.28513,12.0301,0,0
4.12012,0.5,0.602725,-0.96275,1.28513,12.0301,0,0
4.12511,0.5,0.602725,-0.96275,1.28513,12.0301,0,0
4.12512,0.5,0.602725,-0.96275,1.28513,12.0301,0,0
4.13013,0.5,0.602725,-0.96275,1.28513,12.0301,0,0
4.13014,0.5,0.602725,-0.96275,1.28513,12.0301,0,0
4.13511,0.5,0.602725,-0.96275,1.28513,12.0301,0,0
4.13513,0.5,0.602725,-0.96275,1.28513,12.0301,0,0
4.14016,0.5,0.602725,-0.96275,1.28513,12.0301,0,0
4.14018,0.5,0.602725,-0.96275,1.28513,12.0301,0,0
4.14511,0.5,0.602725,-0.96275,1.28513,12.0301,0,0
4.14512,0.5,0.602725,-0.96275,1.28513,12.0301,0,0
4.15011,0.5,0.602725,-0.96275,1.28513,12.0301,0,0
4.15012,0.5,0.602725,-0.96275,1.28513,12.0301,0,0
4.15509,0.5,0.602725,-0.96275,1.28513,12.0301,0,0
4.15511,0.5,0.602725,-0.96275,1.28513,12.0301,0,0
4.1601,0.5,0.602725,-0.96275,1.28513,12.0301,0,0
4.16013,0.5,0.602725,-0.96275,1.28513,12.0301,0,0
4.16511,0.5,0.602725,-0.96275,1.28513,12.0301,0,0
4.16513,0.5,0.602725,-0.96275,1.28513,12.0301,0,0
4.17011,0.5,0.602725,-0.96275,1.28513,12.0301,0,0
4.17012,0.5,0.602725,-0.96275,1.28513,12.0301,0,0
4.17507,0.5,0.602725,-0.96275,1.28513,12.0301,0,0
4.17508,0.5,0.602725,-0.96275,1.28513,12.0301,0,0
4.18011,0.5,0.602725,-0.96275,1.28513,12.0301,0,0
4.18012,0.5,0.602725,-0.96275,1.28513,12.0301,0,0
4.18511,0.5,0.602725,-0.96275,1.28513,12.0301,0,0
4.18513,0.5,0.602725,-0.96275,1.28513,12.0301,0,0
4.19013,0.5,0.602725,-0.96275,1.28513,12.0301,0,0
4.19016,0.5,0.602725,-0.96275,1.28513,12.0301,0,0
4.19514,0.5,0.602725,-0.96275,1.28513,12.0301,0,0
4.19515,0.5,0.602725,-0.96275,1.28513,12.0301,0,0
4.20016,0.5,0.602725,-0.96275,1.28513,12.0301,0,0
4.20017,0.5,0.602725,-0.96275,1.28513,12.0301,0,0
4.20511,0.5,0.602725,-0.96275,1.28513,12.0301,0,0
4.20512,0.5,0.602725,-0.96275,1.28513,12.0301,0,0
4.21009,0.5,0.602725,-0.96275,1.28513,12.0301,0,0
4.2101,0.5,0.602725,-0.96275,1.28513,12.0301,0,0
4.2151,0.5,0.602725,-0.96275,1.28513,12.0301,0,0
4.21512,0.5,0.602725,-0.96275,1.28513,12.0301,0,0
4.22015,0.5,0.602725,-0.96275,1.28513,12.0301,0,0
4.22017,0.5,0.602725,-0.96275,1.28513,12.0301,0,0
4.22507,0.5,0.602725,-0.96275,1.28513,12.0301,0,0
4.22508,0.5,0.602725,-0.96275,1.28513,12.0301,0,0
4.23008,0.5,0.602725,-0.96275,1.28513,12.0301,0,0
4.23009,0.5,0.602725,-0.96275,1.28513,12.0301,0,0
4.23511,0.5,0.602725,-0.96275,1.28513,12.0301,0,0
4.23512,0.5,0.602725,-0.96275,1.28513,12.0301,0,0
4.24012,0.5,0.602725,-0.96275,1.28513,12.0301,0,0
4.24014,0.5,0.602725,-0.96275,1.28513,12.0301,0,0
4.24513,0.5,0.602725,-0.96275,1.28513,12.0301,0,0
4.24514,0.5,0.602725,-0.96275,1.28513,12.0301,0,0
4.25012,0.5,0.602725,-0.96275,1.28513,12.0301,0,0
4.25014,0.5,0.602725,-0.96275,1.28513,12.0301,0,0
4.25514,0.5,0.602725,-0.96275,1.28513,12.0301,0,0
4.25516,0.5,0.602725,-0.96275,1.28513,12.0301,0,0
4.26009,0.5,0.602725,-0.96275,1.28513,12.0301,0,0
4.26011,0.5,0.602725,-0.96275,1.28513,12.0301,0,0
4.26509,0.5,0.602725,-0.96275,1.28513,12.0301,0,0
4.26511,0.5,0.602725,-0.96275,1.28513,12.0301,0,0
4.27014,0.5,0.602725,-0.96275,1.28513,12.0301,0,0
4.27016,0.5,0.602725,-0.96275,1.28513,12.0301,0,0
4.27512,0.5,0.602725,-0.96275,1.28513,12.0301,0,0
4.27513,0.5,0.602725,-0.96275,1.28513,12.0301,0,0
4.28009,0.5,0.602725,-0.96275,1.28513,12.0301,0,0
4.2801,0.5,0.602725,-0.96275,1.28513,12.0301,0,0
4.28513,0.5,0.602725,-0.96275,1.28513,12.0301,0,0
4.28514,0.5,0.602725,-0.96275,1.28513,12.0301,0,0
4.29011,0.5,0.602725,-0.96275,1.28513,12.0301,0,0
4.29013,0.5,0.602725,-0.96275,1.28513,12.0301,0,0
4.29512,0.5,0.602725,-0.96275,1.28513,12.0301,0,0
4.29514,0.5,0.602725,-0.96275,1.28513,12.0301,0,0
4.30008,0.5,0.602725,-0.96275,1.28513,12.0301,0,0
4.3001,0.5,0.602725,-0.96275,1.28513,12.0301,0,0
4.3051,0.5,0.602725,-0.96275,1.28513,12.0301,0,0
4.30512,0.5,0.602725,-0.96275,1.28513,12.0301,0,0
4.31012,0.5,0.602725,-0.96275,1.28513,12.0301,0,0
4.31013,0.5,0.602725,-0.96275,1.28513,12.0301,0,0
4.3151,0.5,0.602725,-0.96275,1.28513,12.0301,0,0
4.31512,0.5,0.602725,-0.96275,1.28513,12.0301,0,0
4.32009,0.5,0.602725,-0.96275,1.28513,12.0301,0,0
4.3201,0.5,0.602725,-0.96275,1.28513,12.0301,0,0
4.32504,0.5,0.602725,-0.96275,1.28513,12.0301,0,0
4.32506,0.5,0.602725,-0.96275,1.28513,12.0301,0,0
4.33012,0.5,0.602725,-0.96275,1.28513,12.0301,0,0
4.33013,0.5,0.602725,-0.96275,1.28513,12.0301,0,0
4.33509,0.5,0.602725,-0.96275,1.28513,12.0301,0,0
4.3351,0.5,0.602725,-0.96275,1.28513,12.0301,0,0
4.34012,0.5,0.602725,-0.96275,1.28513,12.0301,0,0
4.34013,0.5,0.602725,-0.96275,1.28513,12.0301,0,0
