time,height,base_link_height,p,p_ref,p_error,v,v_ref,v_error,pitch,pitch_rate,theta_eq,theta_ref,theta_error,theta_dot_ref,theta_dot_error,v_p,v_i,v_d,theta_p,theta_d,rate_p,rate_d,u_raw,u_rate_limited,u_clamped,tau_left,tau_right,is_saturated,is_rate_limited,control_enabled,kp_v,ki_v,kd_v,kp_theta,kd_theta,kp_rate,kd_rate,k_x
0.090000,0.300000,0.440000,-0.000000,-0.000000,0.000000,-0.000000,-0.000000,0.000000,-0.032247,-0.315821,0.076757,0.076757,0.109004,0.631102,0.946923,0.000000,0.000000,0.000000,0.599520,0.031582,18.938455,3.156409,22.094864,1.200000,1.200000,0.600000,0.600000,0,1,1,0.090000,0.010000,0.001000,5.500000,0.100000,20.000000,0.020000,0.220000
0.096000,0.300000,0.440000,0.465734,0.465734,0.000000,-0.000000,-0.000000,0.000000,-0.035484,-0.352778,0.076757,0.076757,0.112240,0.652598,1.005377,0.000000,0.000000,0.000000,0.617320,0.035278,20.107530,0.194846,20.302376,2.400000,2.400000,1.200000,1.200000,0,1,1,0.090000,0.010000,0.001000,5.500000,0.100000,20.000000,0.020000,0.220000
0.101000,0.300000,0.440000,0.465749,0.465749,0.000000,-0.000000,-0.000000,0.000000,-0.038894,-0.379089,0.076757,0.076757,0.115650,0.673984,1.053074,0.000000,0.000000,0.000000,0.636075,0.037909,21.061475,0.190789,21.252264,3.400000,3.400000,1.700000,1.700000,0,1,1,0.090000,0.010000,0.001000,5.500000,0.100000,20.000000,0.020000,0.220000
0.107000,0.300000,0.440000,-0.000000,-0.000000,0.000000,-0.000000,-0.000000,0.000000,-0.041266,-0.317195,0.076757,0.076757,0.118022,0.680842,0.998037,0.000000,0.000000,0.000000,0.649122,0.031719,19.960730,-0.183457,19.777273,4.600000,4.600000,2.300000,2.300000,0,1,1,0.090000,0.010000,0.001000,5.500000,0.100000,20.000000,0.020000,0.220000
0.113000,0.300000,0.440000,-0.000000,-0.000000,0.000000,-0.000000,-0.000000,0.000000,-0.042892,-0.334136,0.076757,0.076757,0.119648,0.691480,1.025617,0.000000,0.000000,0.000000,0.658067,0.033414,20.512335,0.091934,20.604269,5.800000,5.800000,2.900000,2.900000,0,1,1,0.090000,0.010000,0.001000,5.500000,0.100000,20.000000,0.020000,0.220000
0.119000,0.300000,0.440000,-0.000000,-0.000000,0.000000,-0.000000,-0.000000,0.000000,-0.045400,-0.375321,0.076757,0.076757,0.122156,0.709391,1.084711,0.000000,0.000000,0.000000,0.671859,0.037532,21.694224,0.196982,21.891205,7.000000,7.000000,3.500000,3.500000,0,1,1,0.090000,0.010000,0.001000,5.500000,0.100000,20.000000,0.020000,0.220000
0.125000,0.300000,0.440000,0.465749,0.465749,0.000000,-0.000000,-0.000000,0.000000,-0.047991,-0.418200,0.076757,0.076757,0.124747,0.727929,1.146128,0.000000,0.000000,0.000000,0.686109,0.041820,22.922564,0.204723,23.127288,8.200000,8.200000,4.100000,4.100000,0,1,1,0.090000,0.010000,0.001000,5.500000,0.100000,20.000000,0.020000,0.220000
0.131000,0.300000,0.440000,0.465749,0.465749,0.000000,-0.000000,-0.000000,0.000000,-0.050214,-0.398836,0.076757,0.076757,0.126971,0.738224,1.137060,0.000000,0.000000,0.000000,0.698340,0.039884,22.741208,-0.030226,22.710982,9.400000,9.400000,4.700000,4.700000,0,1,1,0.090000,0.010000,0.001000,5.500000,0.100000,20.000000,0.020000,0.220000
0.137000,0.300000,0.440000,-0.000000,-0.000000,0.000000,-0.000000,-0.000000,0.000000,-0.054369,-0.467559,0.076757,0.076757,0.131126,0.767948,1.235506,0.000000,0.000000,0.000000,0.721192,0.046756,24.710124,0.328153,25.038276,10.600000,10.600000,5.300000,5.300000,0,1,1,0.090000,0.010000,0.001000,5.500000,0.100000,20.000000,0.020000,0.220000
0.142000,0.300000,0.440000,-0.000000,-0.000000,0.000000,-0.000000,-0.000000,0.000000,-0.056280,-0.333057,0.076757,0.076757,0.133036,0.765005,1.098062,0.000000,0.000000,0.000000,0.731699,0.033306,21.961234,-0.549778,21.411456,11.600000,11.600000,5.800000,5.800000,0,1,1,0.090000,0.010000,0.001000,5.500000,0.100000,20.000000,0.020000,0.220000
0.147000,0.300000,0.440000,0.465749,0.465749,0.000000,-0.000000,-0.000000,0.000000,-0.059720,-0.493065,0.076757,0.076757,0.136476,0.799925,1.292990,0.000000,0.000000,0.000000,0.750618,0.049307,25.859799,0.779713,26.639511,12.600000,12.600000,6.300000,6.300000,0,1,1,0.090000,0.010000,0.001000,5.500000,0.100000,20.000000,0.020000,0.220000
