old_path,proposed_new_path,current_action,dependency_gate,MiB
src/bbot_balance_controller/src/data_logs/flat_jump_trials/air_baseline_decay_20260927,experiments/jump/archive/legacy_unclassified/air_baseline_decay_20260927,保留原位，仅索引,整包provenance/哈希/脚本/报告/安装链接复核；用户批准后才可迁移,40.315
src/bbot_balance_controller/src/data_logs/flat_jump_trials/airborne_reallocation_design_20261008,experiments/jump/archive/airborne/airborne_reallocation_design_20261008,保留原位，仅索引,整包provenance/哈希/脚本/报告/安装链接复核；用户批准后才可迁移,0.185
src/bbot_balance_controller/src/data_logs/flat_jump_trials/all_effort_release_fast_kp120_smoke_20260930,experiments/jump/archive/legacy_unclassified/all_effort_release_fast_kp120_smoke_20260930,保留原位，仅索引,整包provenance/哈希/脚本/报告/安装链接复核；用户批准后才可迁移,54.808
src/bbot_balance_controller/src/data_logs/flat_jump_trials/all_effort_slew8_kp120_campaign_20260930,experiments/jump/archive/legacy_unclassified/all_effort_slew8_kp120_campaign_20260930,保留原位，仅索引,整包provenance/哈希/脚本/报告/安装链接复核；用户批准后才可迁移,289.666
src/bbot_balance_controller/src/data_logs/flat_jump_trials/angular_momentum_20261007,experiments/jump/archive/dynamics/angular_momentum_20261007,保留原位，仅索引,整包provenance/哈希/脚本/报告/安装链接复核；用户批准后才可迁移,672.875
src/bbot_balance_controller/src/data_logs/flat_jump_trials/arrest_continue_contact_takeoff_ratio078_decel16_smoke_20261001,experiments/jump/archive/legacy_unclassified/arrest_continue_contact_takeoff_ratio078_decel16_smoke_20261001,保留原位，仅索引,整包provenance/哈希/脚本/报告/安装链接复核；用户批准后才可迁移,35.205
src/bbot_balance_controller/src/data_logs/flat_jump_trials/arrest_dynamics_ff_ratio078_smoke_20261001,experiments/jump/archive/legacy_unclassified/arrest_dynamics_ff_ratio078_smoke_20261001,保留原位，仅索引,整包provenance/哈希/脚本/报告/安装链接复核；用户批准后才可迁移,9.669
src/bbot_balance_controller/src/data_logs/flat_jump_trials/arrest_early_decel_ab_20261007,experiments/jump/archive/airborne/arrest_early_decel_ab_20261007,保留原位，仅索引,整包provenance/哈希/脚本/报告/安装链接复核；用户批准后才可迁移,1714.336
src/bbot_balance_controller/src/data_logs/flat_jump_trials/attitude_taper_kp120_campaign_20260930,experiments/jump/archive/legacy_unclassified/attitude_taper_kp120_campaign_20260930,保留原位，仅索引,整包provenance/哈希/脚本/报告/安装链接复核；用户批准后才可迁移,30.17
src/bbot_balance_controller/src/data_logs/flat_jump_trials/baseline_release70_campaign_20260929,experiments/jump/archive/legacy_unclassified/baseline_release70_campaign_20260929,保留原位，仅索引,整包provenance/哈希/脚本/报告/安装链接复核；用户批准后才可迁移,146.037
src/bbot_balance_controller/src/data_logs/flat_jump_trials/baseline_repeatability_20260926,experiments/jump/archive/legacy_unclassified/baseline_repeatability_20260926,保留原位，仅索引,整包provenance/哈希/脚本/报告/安装链接复核；用户批准后才可迁移,70.549
src/bbot_balance_controller/src/data_logs/flat_jump_trials/catch_no_reverse_brake_single_20261008,experiments/jump/archive/landing/catch_no_reverse_brake_single_20261008,保留原位，仅索引,整包provenance/哈希/脚本/报告/安装链接复核；用户批准后才可迁移,585.912
src/bbot_balance_controller/src/data_logs/flat_jump_trials/catch_slew16_20260929,experiments/jump/archive/legacy_unclassified/catch_slew16_20260929,保留原位，仅索引,整包provenance/哈希/脚本/报告/安装链接复核；用户批准后才可迁移,9.047
src/bbot_balance_controller/src/data_logs/flat_jump_trials/catch_slew16_retry_20260929,experiments/jump/archive/legacy_unclassified/catch_slew16_retry_20260929,保留原位，仅索引,整包provenance/哈希/脚本/报告/安装链接复核；用户批准后才可迁移,14.035
src/bbot_balance_controller/src/data_logs/flat_jump_trials/catch_world_geometry_single_20261008,experiments/jump/archive/landing/catch_world_geometry_single_20261008,保留原位，仅索引,整包provenance/哈希/脚本/报告/安装链接复核；用户批准后才可迁移,586.918
src/bbot_balance_controller/src/data_logs/flat_jump_trials/clearance_20cm_feasibility_20261008,experiments/jump/archive/legacy_unclassified/clearance_20cm_feasibility_20261008,保留原位，仅索引,整包provenance/哈希/脚本/报告/安装链接复核；用户批准后才可迁移,0.838
src/bbot_balance_controller/src/data_logs/flat_jump_trials/clearance_apex_ab_20261008,experiments/jump/archive/baseline/clearance_apex_ab_20261008,保留原位，仅索引,整包provenance/哈希/脚本/报告/安装链接复核；用户批准后才可迁移,3890.874
src/bbot_balance_controller/src/data_logs/flat_jump_trials/com_capture_smoke_20260930,experiments/jump/archive/legacy_unclassified/com_capture_smoke_20260930,保留原位，仅索引,整包provenance/哈希/脚本/报告/安装链接复核；用户批准后才可迁移,18.269
src/bbot_balance_controller/src/data_logs/flat_jump_trials/command_transport_20260926,experiments/jump/archive/legacy_unclassified/command_transport_20260926,保留原位，仅索引,整包provenance/哈希/脚本/报告/安装链接复核；用户批准后才可迁移,61.879
src/bbot_balance_controller/src/data_logs/flat_jump_trials/complete_contact_takeoff_ratio078_decel16_smoke_20261001,experiments/jump/archive/legacy_unclassified/complete_contact_takeoff_ratio078_decel16_smoke_20261001,保留原位，仅索引,整包provenance/哈希/脚本/报告/安装链接复核；用户批准后才可迁移,16.08
src/bbot_balance_controller/src/data_logs/flat_jump_trials/contact_schema_probe_20260929,experiments/jump/archive/legacy_unclassified/contact_schema_probe_20260929,保留原位，仅索引,整包provenance/哈希/脚本/报告/安装链接复核；用户批准后才可迁移,14.361
src/bbot_balance_controller/src/data_logs/flat_jump_trials/continuous_session_smoke2_20260930,experiments/jump/archive/legacy_unclassified/continuous_session_smoke2_20260930,保留原位，仅索引,整包provenance/哈希/脚本/报告/安装链接复核；用户批准后才可迁移,39.162
src/bbot_balance_controller/src/data_logs/flat_jump_trials/continuous_session_smoke_20260930,experiments/jump/archive/legacy_unclassified/continuous_session_smoke_20260930,保留原位，仅索引,整包provenance/哈希/脚本/报告/安装链接复核；用户批准后才可迁移,0.002
src/bbot_balance_controller/src/data_logs/flat_jump_trials/continuous_session_smoke_20260930_escalated,experiments/jump/archive/legacy_unclassified/continuous_session_smoke_20260930_escalated,保留原位，仅索引,整包provenance/哈希/脚本/报告/安装链接复核；用户批准后才可迁移,83.485
src/bbot_balance_controller/src/data_logs/flat_jump_trials/control_cadence_20260926,experiments/jump/archive/legacy_unclassified/control_cadence_20260926,保留原位，仅索引,整包provenance/哈希/脚本/报告/安装链接复核；用户批准后才可迁移,32.001
src/bbot_balance_controller/src/data_logs/flat_jump_trials/default_geometry_h025_hcoord040ms_single_20261001,experiments/jump/archive/legacy_unclassified/default_geometry_h025_hcoord040ms_single_20261001,保留原位，仅索引,整包provenance/哈希/脚本/报告/安装链接复核；用户批准后才可迁移,47.073
src/bbot_balance_controller/src/data_logs/flat_jump_trials/default_geometry_h030_hcoord040ms_single_20261001,experiments/jump/archive/legacy_unclassified/default_geometry_h030_hcoord040ms_single_20261001,保留原位，仅索引,整包provenance/哈希/脚本/报告/安装链接复核；用户批准后才可迁移,38.927
src/bbot_balance_controller/src/data_logs/flat_jump_trials/default_geometry_h030_hfeedback020_single_20261001,experiments/jump/archive/legacy_unclassified/default_geometry_h030_hfeedback020_single_20261001,保留原位，仅索引,整包provenance/哈希/脚本/报告/安装链接复核；用户批准后才可迁移,17.503
src/bbot_balance_controller/src/data_logs/flat_jump_trials/default_geometry_h030_hmomentum_reference_single_20261001,experiments/jump/archive/legacy_unclassified/default_geometry_h030_hmomentum_reference_single_20261001,保留原位，仅索引,整包provenance/哈希/脚本/报告/安装链接复核；用户批准后才可迁移,25.725
src/bbot_balance_controller/src/data_logs/flat_jump_trials/default_geometry_h030_single_20261001,experiments/jump/archive/legacy_unclassified/default_geometry_h030_single_20261001,保留原位，仅索引,整包provenance/哈希/脚本/报告/安装链接复核；用户批准后才可迁移,20.581
src/bbot_balance_controller/src/data_logs/flat_jump_trials/default_geometry_h030_worldcal_sharedblend_single_20261002,experiments/jump/archive/legacy_unclassified/default_geometry_h030_worldcal_sharedblend_single_20261002,保留原位，仅索引,整包provenance/哈希/脚本/报告/安装链接复核；用户批准后才可迁移,61.05
src/bbot_balance_controller/src/data_logs/flat_jump_trials/default_profile_no_override_smoke_20261001,experiments/jump/archive/legacy_unclassified/default_profile_no_override_smoke_20261001,保留原位，仅索引,整包provenance/哈希/脚本/报告/安装链接复核；用户批准后才可迁移,0.089
src/bbot_balance_controller/src/data_logs/flat_jump_trials/default_profile_no_override_smoke_retry_20261001,experiments/jump/archive/legacy_unclassified/default_profile_no_override_smoke_retry_20261001,保留原位，仅索引,整包provenance/哈希/脚本/报告/安装链接复核；用户批准后才可迁移,24.922
src/bbot_balance_controller/src/data_logs/flat_jump_trials/default_profile_ns_seed_smoke_20261001,experiments/jump/archive/legacy_unclassified/default_profile_ns_seed_smoke_20261001,保留原位，仅索引,整包provenance/哈希/脚本/报告/安装链接复核；用户批准后才可迁移,75.838
src/bbot_balance_controller/src/data_logs/flat_jump_trials/default_profile_rtf050_latest_sensor_qos_campaign_20261001,experiments/jump/archive/legacy_unclassified/default_profile_rtf050_latest_sensor_qos_campaign_20261001,保留原位，仅索引,整包provenance/哈希/脚本/报告/安装链接复核；用户批准后才可迁移,71.112
src/bbot_balance_controller/src/data_logs/flat_jump_trials/default_profile_rtf050_latest_sensor_qos_campaign_v2_20261001,experiments/jump/archive/legacy_unclassified/default_profile_rtf050_latest_sensor_qos_campaign_v2_20261001,保留原位，仅索引,整包provenance/哈希/脚本/报告/安装链接复核；用户批准后才可迁移,142.445
src/bbot_balance_controller/src/data_logs/flat_jump_trials/default_profile_rtf050_latest_sensor_qos_smoke_20261001,experiments/jump/archive/legacy_unclassified/default_profile_rtf050_latest_sensor_qos_smoke_20261001,保留原位，仅索引,整包provenance/哈希/脚本/报告/安装链接复核；用户批准后才可迁移,71.281
src/bbot_balance_controller/src/data_logs/flat_jump_trials/default_profile_rtf050_smoke_20261001,experiments/jump/archive/legacy_unclassified/default_profile_rtf050_smoke_20261001,保留原位，仅索引,整包provenance/哈希/脚本/报告/安装链接复核；用户批准后才可迁移,77.623
src/bbot_balance_controller/src/data_logs/flat_jump_trials/default_profile_startup_diagnostic_20261001,experiments/jump/archive/legacy_unclassified/default_profile_startup_diagnostic_20261001,保留原位，仅索引,整包provenance/哈希/脚本/报告/安装链接复核；用户批准后才可迁移,44.462
src/bbot_balance_controller/src/data_logs/flat_jump_trials/early_ballistic_takeoff_20260930,experiments/jump/archive/legacy_unclassified/early_ballistic_takeoff_20260930,保留原位，仅索引,整包provenance/哈希/脚本/报告/安装链接复核；用户批准后才可迁移,34.077
src/bbot_balance_controller/src/data_logs/flat_jump_trials/effort_handoff_continuity_smoke_20260930,experiments/jump/archive/legacy_unclassified/effort_handoff_continuity_smoke_20260930,保留原位，仅索引,整包provenance/哈希/脚本/报告/安装链接复核；用户批准后才可迁移,30.288
src/bbot_balance_controller/src/data_logs/flat_jump_trials/effort_hip_release_brake_smoke_20260930,experiments/jump/archive/legacy_unclassified/effort_hip_release_brake_smoke_20260930,保留原位，仅索引,整包provenance/哈希/脚本/报告/安装链接复核；用户批准后才可迁移,47.929
src/bbot_balance_controller/src/data_logs/flat_jump_trials/effort_hip_release_dwell120_smoke_20260930,experiments/jump/archive/legacy_unclassified/effort_hip_release_dwell120_smoke_20260930,保留原位，仅索引,整包provenance/哈希/脚本/报告/安装链接复核；用户批准后才可迁移,30.179
src/bbot_balance_controller/src/data_logs/flat_jump_trials/effort_hip_release_isolated_smoke_20260930,experiments/jump/archive/legacy_unclassified/effort_hip_release_isolated_smoke_20260930,保留原位，仅索引,整包provenance/哈希/脚本/报告/安装链接复核；用户批准后才可迁移,26.643
src/bbot_balance_controller/src/data_logs/flat_jump_trials/effort_mode_20260927,experiments/jump/archive/legacy_unclassified/effort_mode_20260927,保留原位，仅索引,整包provenance/哈希/脚本/报告/安装链接复核；用户批准后才可迁移,396.167
src/bbot_balance_controller/src/data_logs/flat_jump_trials/effort_only_tuck250_smoke_20260930,experiments/jump/archive/legacy_unclassified/effort_only_tuck250_smoke_20260930,保留原位，仅索引,整包provenance/哈希/脚本/报告/安装链接复核；用户批准后才可迁移,60.86
src/bbot_balance_controller/src/data_logs/flat_jump_trials/flight_extend_kd090_20260929,experiments/jump/archive/legacy_unclassified/flight_extend_kd090_20260929,保留原位，仅索引,整包provenance/哈希/脚本/报告/安装链接复核；用户批准后才可迁移,14.494
src/bbot_balance_controller/src/data_logs/flat_jump_trials/flight_extend_rate250_20260930,experiments/jump/archive/legacy_unclassified/flight_extend_rate250_20260930,保留原位，仅索引,整包provenance/哈希/脚本/报告/安装链接复核；用户批准后才可迁移,22.888
src/bbot_balance_controller/src/data_logs/flat_jump_trials/flight_extend_rate250_fast_20260930,experiments/jump/archive/legacy_unclassified/flight_extend_rate250_fast_20260930,保留原位，仅索引,整包provenance/哈希/脚本/报告/安装链接复核；用户批准后才可迁移,40.472
src/bbot_balance_controller/src/data_logs/flat_jump_trials/flight_extend_rate250_fast_campaign_20260930,experiments/jump/archive/legacy_unclassified/flight_extend_rate250_fast_campaign_20260930,保留原位，仅索引,整包provenance/哈希/脚本/报告/安装链接复核；用户批准后才可迁移,141.714
src/bbot_balance_controller/src/data_logs/flat_jump_trials/flight_pitch_bias010_release70_20260929,experiments/jump/archive/legacy_unclassified/flight_pitch_bias010_release70_20260929,保留原位，仅索引,整包provenance/哈希/脚本/报告/安装链接复核；用户批准后才可迁移,4.49
src/bbot_balance_controller/src/data_logs/flat_jump_trials/flight_pitch_bias010_release70_repeat_20260929,experiments/jump/archive/legacy_unclassified/flight_pitch_bias010_release70_repeat_20260929,保留原位，仅索引,整包provenance/哈希/脚本/报告/安装链接复核；用户批准后才可迁移,11.605
src/bbot_balance_controller/src/data_logs/flat_jump_trials/flight_pitch_momentum_20261004_214740,experiments/jump/archive/legacy_unclassified/flight_pitch_momentum_20261004_214740,保留原位，仅索引,整包provenance/哈希/脚本/报告/安装链接复核；用户批准后才可迁移,193.874
src/bbot_balance_controller/src/data_logs/flat_jump_trials/flight_probe_campaign_20260926,experiments/jump/archive/legacy_unclassified/flight_probe_campaign_20260926,保留原位，仅索引,整包provenance/哈希/脚本/报告/安装链接复核；用户批准后才可迁移,290.39
src/bbot_balance_controller/src/data_logs/flat_jump_trials/flight_probe_smoke,experiments/jump/archive/legacy_unclassified/flight_probe_smoke,保留原位，仅索引,整包provenance/哈希/脚本/报告/安装链接复核；用户批准后才可迁移,23.869
src/bbot_balance_controller/src/data_logs/flat_jump_trials/flight_rate_fast_default045_20260930,experiments/jump/archive/legacy_unclassified/flight_rate_fast_default045_20260930,保留原位，仅索引,整包provenance/哈希/脚本/报告/安装链接复核；用户批准后才可迁移,41.618
src/bbot_balance_controller/src/data_logs/flat_jump_trials/flight_rate_fast_default_campaign_20260930,experiments/jump/archive/legacy_unclassified/flight_rate_fast_default_campaign_20260930,保留原位，仅索引,整包provenance/哈希/脚本/报告/安装链接复核；用户批准后才可迁移,122.404
src/bbot_balance_controller/src/data_logs/flat_jump_trials/flight_trajectory_repair_20261003_154438,experiments/jump/archive/legacy_unclassified/flight_trajectory_repair_20261003_154438,保留原位，仅索引,整包provenance/哈希/脚本/报告/安装链接复核；用户批准后才可迁移,94.642
src/bbot_balance_controller/src/data_logs/flat_jump_trials/forward_pitch_floor_single_20261003_004343,experiments/jump/archive/legacy_unclassified/forward_pitch_floor_single_20261003_004343,保留原位，仅索引,整包provenance/哈希/脚本/报告/安装链接复核；用户批准后才可迁移,148.432
src/bbot_balance_controller/src/data_logs/flat_jump_trials/ground_H_capture_fix_single_20261003_011345,experiments/jump/archive/legacy_unclassified/ground_H_capture_fix_single_20261003_011345,保留原位，仅索引,整包provenance/哈希/脚本/报告/安装链接复核；用户批准后才可迁移,141.756
src/bbot_balance_controller/src/data_logs/flat_jump_trials/ground_com_10mm_single_20261003_005507,experiments/jump/archive/legacy_unclassified/ground_com_10mm_single_20261003_005507,保留原位，仅索引,整包provenance/哈希/脚本/报告/安装链接复核；用户批准后才可迁移,173.444
src/bbot_balance_controller/src/data_logs/flat_jump_trials/ground_contact_frames_signedlead20ms_ratio078_decel16_smoke_20261001,experiments/jump/archive/legacy_unclassified/ground_contact_frames_signedlead20ms_ratio078_decel16_smoke_20261001,保留原位，仅索引,整包provenance/哈希/脚本/报告/安装链接复核；用户批准后才可迁移,58.372
src/bbot_balance_controller/src/data_logs/flat_jump_trials/ground_corridor_c2_momentum_single_20261002,experiments/jump/archive/legacy_unclassified/ground_corridor_c2_momentum_single_20261002,保留原位，仅索引,整包provenance/哈希/脚本/报告/安装链接复核；用户批准后才可迁移,0.046
src/bbot_balance_controller/src/data_logs/flat_jump_trials/ground_corridor_c2_momentum_single_external_20261002,experiments/jump/archive/legacy_unclassified/ground_corridor_c2_momentum_single_external_20261002,保留原位，仅索引,整包provenance/哈希/脚本/报告/安装链接复核；用户批准后才可迁移,29.179
src/bbot_balance_controller/src/data_logs/flat_jump_trials/ground_input_stage1_20261006_091717,experiments/jump/archive/contact_candidate/ground_input_stage1_20261006_091717,保留原位，仅索引,整包provenance/哈希/脚本/报告/安装链接复核；用户批准后才可迁移,214.645
src/bbot_balance_controller/src/data_logs/flat_jump_trials/ground_launch_com_single_20261003_001239,experiments/jump/archive/legacy_unclassified/ground_launch_com_single_20261003_001239,保留原位，仅索引,整包provenance/哈希/脚本/报告/安装链接复核；用户批准后才可迁移,148.536
src/bbot_balance_controller/src/data_logs/flat_jump_trials/ground_momentum_reference_20261004_191538,experiments/jump/archive/legacy_unclassified/ground_momentum_reference_20261004_191538,保留原位，仅索引,整包provenance/哈希/脚本/报告/安装链接复核；用户批准后才可迁移,92.596
src/bbot_balance_controller/src/data_logs/flat_jump_trials/ground_motion_probe_20261006_134820,experiments/jump/archive/contact_candidate/ground_motion_probe_20261006_134820,保留原位，仅索引,整包provenance/哈希/脚本/报告/安装链接复核；用户批准后才可迁移,702.402
src/bbot_balance_controller/src/data_logs/flat_jump_trials/ground_velocity_component_probe_20261006_100700,experiments/jump/archive/contact_candidate/ground_velocity_component_probe_20261006_100700,保留原位，仅索引,整包provenance/哈希/脚本/报告/安装链接复核；用户批准后才可迁移,252.739
src/bbot_balance_controller/src/data_logs/flat_jump_trials/handoff_diag_20260928,experiments/jump/archive/legacy_unclassified/handoff_diag_20260928,保留原位，仅索引,整包provenance/哈希/脚本/报告/安装链接复核；用户批准后才可迁移,49.789
src/bbot_balance_controller/src/data_logs/flat_jump_trials/height_032_pitch_formation_20261008,experiments/jump/archive/dynamics/height_032_pitch_formation_20261008,保留原位，仅索引,整包provenance/哈希/脚本/报告/安装链接复核；用户批准后才可迁移,6.027
src/bbot_balance_controller/src/data_logs/flat_jump_trials/hip_floor_velocity_probe_20260928,experiments/jump/archive/legacy_unclassified/hip_floor_velocity_probe_20260928,保留原位，仅索引,整包provenance/哈希/脚本/报告/安装链接复核；用户批准后才可迁移,28.215
src/bbot_balance_controller/src/data_logs/flat_jump_trials/hip_momentum_ab_20261007,experiments/jump/archive/airborne/hip_momentum_ab_20261007,保留原位，仅索引,整包provenance/哈希/脚本/报告/安装链接复核；用户批准后才可迁移,3713.844
src/bbot_balance_controller/src/data_logs/flat_jump_trials/initial_balance_slew8_kp120_smoke_20260930,experiments/jump/archive/legacy_unclassified/initial_balance_slew8_kp120_smoke_20260930,保留原位，仅索引,整包provenance/哈希/脚本/报告/安装链接复核；用户批准后才可迁移,12.03
src/bbot_balance_controller/src/data_logs/flat_jump_trials/jump_startup_gate_ackwait_decel16_smoke_20261001,experiments/jump/archive/legacy_unclassified/jump_startup_gate_ackwait_decel16_smoke_20261001,保留原位，仅索引,整包provenance/哈希/脚本/报告/安装链接复核；用户批准后才可迁移,12.376
src/bbot_balance_controller/src/data_logs/flat_jump_trials/jump_startup_gate_decel16_smoke_20261001,experiments/jump/archive/legacy_unclassified/jump_startup_gate_decel16_smoke_20261001,保留原位，仅索引,整包provenance/哈希/脚本/报告/安装链接复核；用户批准后才可迁移,0.095
src/bbot_balance_controller/src/data_logs/flat_jump_trials/landing_axis_single_20261002_213406,experiments/jump/archive/legacy_unclassified/landing_axis_single_20261002_213406,保留原位，仅索引,整包provenance/哈希/脚本/报告/安装链接复核；用户批准后才可迁移,141.586
src/bbot_balance_controller/src/data_logs/flat_jump_trials/landing_back_bias012_20260930,experiments/jump/archive/legacy_unclassified/landing_back_bias012_20260930,保留原位，仅索引,整包provenance/哈希/脚本/报告/安装链接复核；用户批准后才可迁移,32.359
src/bbot_balance_controller/src/data_logs/flat_jump_trials/landing_back_bias012_campaign_20260930,experiments/jump/archive/legacy_unclassified/landing_back_bias012_campaign_20260930,保留原位，仅索引,整包provenance/哈希/脚本/报告/安装链接复核；用户批准后才可迁移,105.825
src/bbot_balance_controller/src/data_logs/flat_jump_trials/landing_capture_gain0_20260929,experiments/jump/archive/legacy_unclassified/landing_capture_gain0_20260929,保留原位，仅索引,整包provenance/哈希/脚本/报告/安装链接复核；用户批准后才可迁移,9.871
src/bbot_balance_controller/src/data_logs/flat_jump_trials/landing_capture_gain0_retry_20260929,experiments/jump/archive/legacy_unclassified/landing_capture_gain0_retry_20260929,保留原位，仅索引,整包provenance/哈希/脚本/报告/安装链接复核；用户批准后才可迁移,14.178
src/bbot_balance_controller/src/data_logs/flat_jump_trials/landing_capture_gain_ab_20261007,experiments/jump/archive/landing/landing_capture_gain_ab_20261007,保留原位，仅索引,整包provenance/哈希/脚本/报告/安装链接复核；用户批准后才可迁移,2246.92
src/bbot_balance_controller/src/data_logs/flat_jump_trials/landing_com_forward_gain05_20260929,experiments/jump/archive/legacy_unclassified/landing_com_forward_gain05_20260929,保留原位，仅索引,整包provenance/哈希/脚本/报告/安装链接复核；用户批准后才可迁移,13.338
src/bbot_balance_controller/src/data_logs/flat_jump_trials/landing_impact_wheel_bias05_20260929,experiments/jump/archive/legacy_unclassified/landing_impact_wheel_bias05_20260929,保留原位，仅索引,整包provenance/哈希/脚本/报告/安装链接复核；用户批准后才可迁移,9.291
src/bbot_balance_controller/src/data_logs/flat_jump_trials/landing_repair_20261003_144020,experiments/jump/archive/legacy_unclassified/landing_repair_20261003_144020,保留原位，仅索引,整包provenance/哈希/脚本/报告/安装链接复核；用户批准后才可迁移,132.608
src/bbot_balance_controller/src/data_logs/flat_jump_trials/latch_phase_repeat_20260928,experiments/jump/archive/legacy_unclassified/latch_phase_repeat_20260928,保留原位，仅索引,整包provenance/哈希/脚本/报告/安装链接复核；用户批准后才可迁移,28.197
src/bbot_balance_controller/src/data_logs/flat_jump_trials/launch_gate_continuity_single_20261003_003333,experiments/jump/archive/legacy_unclassified/launch_gate_continuity_single_20261003_003333,保留原位，仅索引,整包provenance/哈希/脚本/报告/安装链接复核；用户批准后才可迁移,130.072
src/bbot_balance_controller/src/data_logs/flat_jump_trials/leg_chain_repeat_20260929,experiments/jump/archive/legacy_unclassified/leg_chain_repeat_20260929,保留原位，仅索引,整包provenance/哈希/脚本/报告/安装链接复核；用户批准后才可迁移,37.085
src/bbot_balance_controller/src/data_logs/flat_jump_trials/leg_chain_smoke_20260929,experiments/jump/archive/legacy_unclassified/leg_chain_smoke_20260929,保留原位，仅索引,整包provenance/哈希/脚本/报告/安装链接复核；用户批准后才可迁移,12.981
src/bbot_balance_controller/src/data_logs/flat_jump_trials/native_command_response_20261005_183421,experiments/jump/archive/legacy_unclassified/native_command_response_20261005_183421,保留原位，仅索引,整包provenance/哈希/脚本/报告/安装链接复核；用户批准后才可迁移,408.155
src/bbot_balance_controller/src/data_logs/flat_jump_trials/native_contact_probe_20260929,experiments/jump/archive/legacy_unclassified/native_contact_probe_20260929,保留原位，仅索引,整包provenance/哈希/脚本/报告/安装链接复核；用户批准后才可迁移,12.049
src/bbot_balance_controller/src/data_logs/flat_jump_trials/native_engine_standing_probe_20261006_105035,experiments/jump/archive/contact_candidate/native_engine_standing_probe_20261006_105035,保留原位，仅索引,整包provenance/哈希/脚本/报告/安装链接复核；用户批准后才可迁移,675.733
src/bbot_balance_controller/src/data_logs/flat_jump_trials/net_knee_brake_single_20261002_235506,experiments/jump/archive/legacy_unclassified/net_knee_brake_single_20261002_235506,保留原位，仅索引,整包provenance/哈希/脚本/报告/安装链接复核；用户批准后才可迁移,125.889
src/bbot_balance_controller/src/data_logs/flat_jump_trials/post_probe_normal_20260926,experiments/jump/archive/legacy_unclassified/post_probe_normal_20260926,保留原位，仅索引,整包provenance/哈希/脚本/报告/安装链接复核；用户批准后才可迁移,12.113
src/bbot_balance_controller/src/data_logs/flat_jump_trials/postjump_hip_common2_release70_20260929,experiments/jump/archive/legacy_unclassified/postjump_hip_common2_release70_20260929,保留原位，仅索引,整包provenance/哈希/脚本/报告/安装链接复核；用户批准后才可迁移,11.188
src/bbot_balance_controller/src/data_logs/flat_jump_trials/postjump_hip_common2_release70_repeat_20260929,experiments/jump/archive/legacy_unclassified/postjump_hip_common2_release70_repeat_20260929,保留原位，仅索引,整包provenance/哈希/脚本/报告/安装链接复核；用户批准后才可迁移,13.203
src/bbot_balance_controller/src/data_logs/flat_jump_trials/postjump_hip_common8_release70_20260929,experiments/jump/archive/legacy_unclassified/postjump_hip_common8_release70_20260929,保留原位，仅索引,整包provenance/哈希/脚本/报告/安装链接复核；用户批准后才可迁移,11.284
src/bbot_balance_controller/src/data_logs/flat_jump_trials/postjump_hip_common8_release70_repeat_20260929,experiments/jump/archive/legacy_unclassified/postjump_hip_common8_release70_repeat_20260929,保留原位，仅索引,整包provenance/哈希/脚本/报告/安装链接复核；用户批准后才可迁移,14.562
src/bbot_balance_controller/src/data_logs/flat_jump_trials/predictive_leg_brake_20261002_232627,experiments/jump/archive/legacy_unclassified/predictive_leg_brake_20261002_232627,保留原位，仅索引,整包provenance/哈希/脚本/报告/安装链接复核；用户批准后才可迁移,99.058
src/bbot_balance_controller/src/data_logs/flat_jump_trials/predictive_leg_brake_ready_20261002_233932,experiments/jump/archive/legacy_unclassified/predictive_leg_brake_ready_20261002_233932,保留原位，仅索引,整包provenance/哈希/脚本/报告/安装链接复核；用户批准后才可迁移,142.039
src/bbot_balance_controller/src/data_logs/flat_jump_trials/readme_velocity_probe_20261005_223120,experiments/jump/archive/legacy_unclassified/readme_velocity_probe_20261005_223120,保留原位，仅索引,整包provenance/哈希/脚本/报告/安装链接复核；用户批准后才可迁移,24.831
src/bbot_balance_controller/src/data_logs/flat_jump_trials/recovery_attitude_scale140_20260930,experiments/jump/archive/legacy_unclassified/recovery_attitude_scale140_20260930,保留原位，仅索引,整包provenance/哈希/脚本/报告/安装链接复核；用户批准后才可迁移,74.074
src/bbot_balance_controller/src/data_logs/flat_jump_trials/recovery_attitude_scale300_20260930,experiments/jump/archive/legacy_unclassified/recovery_attitude_scale300_20260930,保留原位，仅索引,整包provenance/哈希/脚本/报告/安装链接复核；用户批准后才可迁移,75.218
src/bbot_balance_controller/src/data_logs/flat_jump_trials/recovery_forward_cap21_release70_20260929,experiments/jump/archive/legacy_unclassified/recovery_forward_cap21_release70_20260929,保留原位，仅索引,整包provenance/哈希/脚本/报告/安装链接复核；用户批准后才可迁移,11.76
src/bbot_balance_controller/src/data_logs/flat_jump_trials/recovery_hip_common8_release70_20260929,experiments/jump/archive/legacy_unclassified/recovery_hip_common8_release70_20260929,保留原位，仅索引,整包provenance/哈希/脚本/报告/安装链接复核；用户批准后才可迁移,14.288
src/bbot_balance_controller/src/data_logs/flat_jump_trials/recovery_hip_common8_release70_repeat_20260929,experiments/jump/archive/legacy_unclassified/recovery_hip_common8_release70_repeat_20260929,保留原位，仅索引,整包provenance/哈希/脚本/报告/安装链接复核；用户批准后才可迁移,10.839
src/bbot_balance_controller/src/data_logs/flat_jump_trials/recovery_hip_common_keep_release70_20260929,experiments/jump/archive/legacy_unclassified/recovery_hip_common_keep_release70_20260929,保留原位，仅索引,整包provenance/哈希/脚本/报告/安装链接复核；用户批准后才可迁移,75.623
src/bbot_balance_controller/src/data_logs/flat_jump_trials/recovery_pitch_ref_plus004_release70_20260929,experiments/jump/archive/legacy_unclassified/recovery_pitch_ref_plus004_release70_20260929,保留原位，仅索引,整包provenance/哈希/脚本/报告/安装链接复核；用户批准后才可迁移,11.337
src/bbot_balance_controller/src/data_logs/flat_jump_trials/recovery_stabilize_passive_release70_20260930,experiments/jump/archive/legacy_unclassified/recovery_stabilize_passive_release70_20260930,保留原位，仅索引,整包provenance/哈希/脚本/报告/安装链接复核；用户批准后才可迁移,43.245
src/bbot_balance_controller/src/data_logs/flat_jump_trials/recovery_stabilize_plain_release70_20260929,experiments/jump/archive/legacy_unclassified/recovery_stabilize_plain_release70_20260929,保留原位，仅索引,整包provenance/哈希/脚本/报告/安装链接复核；用户批准后才可迁移,46.44
src/bbot_balance_controller/src/data_logs/flat_jump_trials/recovery_wheel_damping030_20260930,experiments/jump/archive/legacy_unclassified/recovery_wheel_damping030_20260930,保留原位，仅索引,整包provenance/哈希/脚本/报告/安装链接复核；用户批准后才可迁移,73.151
src/bbot_balance_controller/src/data_logs/flat_jump_trials/reference_ground_momentum_20261003_115551,experiments/jump/archive/legacy_unclassified/reference_ground_momentum_20261003_115551,保留原位，仅索引,整包provenance/哈希/脚本/报告/安装链接复核；用户批准后才可迁移,70.727
src/bbot_balance_controller/src/data_logs/flat_jump_trials/reference_jump_20261003_111540,experiments/jump/archive/legacy_unclassified/reference_jump_20261003_111540,保留原位，仅索引,整包provenance/哈希/脚本/报告/安装链接复核；用户批准后才可迁移,59.704
src/bbot_balance_controller/src/data_logs/flat_jump_trials/release_fast_rate_kp120_campaign_20260930,experiments/jump/archive/legacy_unclassified/release_fast_rate_kp120_campaign_20260930,保留原位，仅索引,整包provenance/哈希/脚本/报告/安装链接复核；用户批准后才可迁移,116.541
src/bbot_balance_controller/src/data_logs/flat_jump_trials/restore_complete_jump_20261003_102513,experiments/jump/archive/baseline/restore_complete_jump_20261003_102513,保留原位，仅索引,整包provenance/哈希/脚本/报告/安装链接复核；用户批准后才可迁移,121.985
src/bbot_balance_controller/src/data_logs/flat_jump_trials/squat_ik_rate_smoke_20260930,experiments/jump/archive/legacy_unclassified/squat_ik_rate_smoke_20260930,保留原位，仅索引,整包provenance/哈希/脚本/报告/安装链接复核；用户批准后才可迁移,17.428
src/bbot_balance_controller/src/data_logs/flat_jump_trials/squat_slow_smoke_20260930,experiments/jump/archive/legacy_unclassified/squat_slow_smoke_20260930,保留原位，仅索引,整包provenance/哈希/脚本/报告/安装链接复核；用户批准后才可迁移,20.39
src/bbot_balance_controller/src/data_logs/flat_jump_trials/squat_slow_smoke_20260930_sandbox,experiments/jump/archive/legacy_unclassified/squat_slow_smoke_20260930_sandbox,保留原位，仅索引,整包provenance/哈希/脚本/报告/安装链接复核；用户批准后才可迁移,0.002
src/bbot_balance_controller/src/data_logs/flat_jump_trials/squat_tight_pitch_gate_smoke2_20260930,experiments/jump/archive/legacy_unclassified/squat_tight_pitch_gate_smoke2_20260930,保留原位，仅索引,整包provenance/哈希/脚本/报告/安装链接复核；用户批准后才可迁移,29.5
src/bbot_balance_controller/src/data_logs/flat_jump_trials/squat_tight_pitch_gate_smoke3_20260930,experiments/jump/archive/legacy_unclassified/squat_tight_pitch_gate_smoke3_20260930,保留原位，仅索引,整包provenance/哈希/脚本/报告/安装链接复核；用户批准后才可迁移,26.613
src/bbot_balance_controller/src/data_logs/flat_jump_trials/squat_tight_pitch_gate_smoke_20260930,experiments/jump/archive/legacy_unclassified/squat_tight_pitch_gate_smoke_20260930,保留原位，仅索引,整包provenance/哈希/脚本/报告/安装链接复核；用户批准后才可迁移,111.034
src/bbot_balance_controller/src/data_logs/flat_jump_trials/squat_wait_smoke_20260930,experiments/jump/archive/legacy_unclassified/squat_wait_smoke_20260930,保留原位，仅索引,整包provenance/哈希/脚本/报告/安装链接复核；用户批准后才可迁移,18.16
src/bbot_balance_controller/src/data_logs/flat_jump_trials/support_allocator_20261005_170509,experiments/jump/archive/legacy_unclassified/support_allocator_20261005_170509,保留原位，仅索引,整包provenance/哈希/脚本/报告/安装链接复核；用户批准后才可迁移,6.873
src/bbot_balance_controller/src/data_logs/flat_jump_trials/support_convergence_kp120_campaign_20260930,experiments/jump/archive/legacy_unclassified/support_convergence_kp120_campaign_20260930,保留原位，仅索引,整包provenance/哈希/脚本/报告/安装链接复核；用户批准后才可迁移,16.403
src/bbot_balance_controller/src/data_logs/flat_jump_trials/support_impulse_control_20261004_235754,experiments/jump/archive/legacy_unclassified/support_impulse_control_20261004_235754,保留原位，仅索引,整包provenance/哈希/脚本/报告/安装链接复核；用户批准后才可迁移,232.706
src/bbot_balance_controller/src/data_logs/flat_jump_trials/support_task_budget_20261005_093838,experiments/jump/archive/legacy_unclassified/support_task_budget_20261005_093838,保留原位，仅索引,整包provenance/哈希/脚本/报告/安装链接复核；用户批准后才可迁移,38.346
src/bbot_balance_controller/src/data_logs/flat_jump_trials/sustained_capture_20260930,experiments/jump/archive/legacy_unclassified/sustained_capture_20260930,保留原位，仅索引,整包provenance/哈希/脚本/报告/安装链接复核；用户批准后才可迁移,0.008
src/bbot_balance_controller/src/data_logs/flat_jump_trials/sustained_capture_final_campaign_20260930,experiments/jump/archive/legacy_unclassified/sustained_capture_final_campaign_20260930,保留原位，仅索引,整包provenance/哈希/脚本/报告/安装链接复核；用户批准后才可迁移,205.769
src/bbot_balance_controller/src/data_logs/flat_jump_trials/sustained_capture_height_hold_20260930,experiments/jump/archive/legacy_unclassified/sustained_capture_height_hold_20260930,保留原位，仅索引,整包provenance/哈希/脚本/报告/安装链接复核；用户批准后才可迁移,39.819
src/bbot_balance_controller/src/data_logs/flat_jump_trials/sustained_capture_native_20260930,experiments/jump/archive/legacy_unclassified/sustained_capture_native_20260930,保留原位，仅索引,整包provenance/哈希/脚本/报告/安装链接复核；用户批准后才可迁移,26.232
src/bbot_balance_controller/src/data_logs/flat_jump_trials/takeoff_variability_20261007,experiments/jump/archive/dynamics/takeoff_variability_20261007,保留原位，仅索引,整包provenance/哈希/脚本/报告/安装链接复核；用户批准后才可迁移,10.013
src/bbot_balance_controller/src/data_logs/flat_jump_trials/thrust_capture_plan_20261005_204118,experiments/jump/archive/legacy_unclassified/thrust_capture_plan_20261005_204118,保留原位，仅索引,整包provenance/哈希/脚本/报告/安装链接复核；用户批准后才可迁移,407.83
src/bbot_balance_controller/src/data_logs/flat_jump_trials/thrust_configuration_feasibility_20261008,experiments/jump/archive/thrust/thrust_configuration_feasibility_20261008,保留原位，仅索引,整包provenance/哈希/脚本/报告/安装链接复核；用户批准后才可迁移,0.026
src/bbot_balance_controller/src/data_logs/flat_jump_trials/thrust_decel16_positive_lead_kp120_smoke_20260930,experiments/jump/archive/legacy_unclassified/thrust_decel16_positive_lead_kp120_smoke_20260930,保留原位，仅索引,整包provenance/哈希/脚本/报告/安装链接复核；用户批准后才可迁移,54.053
src/bbot_balance_controller/src/data_logs/flat_jump_trials/thrust_early_repeat_20261008,experiments/jump/archive/thrust/thrust_early_repeat_20261008,保留原位，仅索引,整包provenance/哈希/脚本/报告/安装链接复核；用户批准后才可迁移,3914.011
src/bbot_balance_controller/src/data_logs/flat_jump_trials/thrust_forward_attitude_taper_kp120_smoke_20260930,experiments/jump/archive/legacy_unclassified/thrust_forward_attitude_taper_kp120_smoke_20260930,保留原位，仅索引,整包provenance/哈希/脚本/报告/安装链接复核；用户批准后才可迁移,56.785
src/bbot_balance_controller/src/data_logs/flat_jump_trials/thrust_forward_kp120_smoke_20260930,experiments/jump/archive/legacy_unclassified/thrust_forward_kp120_smoke_20260930,保留原位，仅索引,整包provenance/哈希/脚本/报告/安装链接复核；用户批准后才可迁移,59.395
src/bbot_balance_controller/src/data_logs/flat_jump_trials/thrust_forward_kp140_smoke_20260930,experiments/jump/archive/legacy_unclassified/thrust_forward_kp140_smoke_20260930,保留原位，仅索引,整包provenance/哈希/脚本/报告/安装链接复核；用户批准后才可迁移,29.593
src/bbot_balance_controller/src/data_logs/flat_jump_trials/thrust_forward_positive_lead_kp120_campaign_20260930,experiments/jump/archive/legacy_unclassified/thrust_forward_positive_lead_kp120_campaign_20260930,保留原位，仅索引,整包provenance/哈希/脚本/报告/安装链接复核；用户批准后才可迁移,68.024
src/bbot_balance_controller/src/data_logs/flat_jump_trials/thrust_forward_positive_lead_kp120_smoke_20260930,experiments/jump/archive/legacy_unclassified/thrust_forward_positive_lead_kp120_smoke_20260930,保留原位，仅索引,整包provenance/哈希/脚本/报告/安装链接复核；用户批准后才可迁移,55.708
src/bbot_balance_controller/src/data_logs/flat_jump_trials/thrust_gate_signedlead20ms_ratio074_decel16_campaign_20261001,experiments/jump/archive/legacy_unclassified/thrust_gate_signedlead20ms_ratio074_decel16_campaign_20261001,保留原位，仅索引,整包provenance/哈希/脚本/报告/安装链接复核；用户批准后才可迁移,56.672
src/bbot_balance_controller/src/data_logs/flat_jump_trials/thrust_gate_signedlead20ms_ratio074_decel16_smoke_20261001,experiments/jump/archive/legacy_unclassified/thrust_gate_signedlead20ms_ratio074_decel16_smoke_20261001,保留原位，仅索引,整包provenance/哈希/脚本/报告/安装链接复核；用户批准后才可迁移,52.375
src/bbot_balance_controller/src/data_logs/flat_jump_trials/thrust_gate_signedlead20ms_ratio078_decel16_campaign_20261001,experiments/jump/archive/legacy_unclassified/thrust_gate_signedlead20ms_ratio078_decel16_campaign_20261001,保留原位，仅索引,整包provenance/哈希/脚本/报告/安装链接复核；用户批准后才可迁移,109.6
src/bbot_balance_controller/src/data_logs/flat_jump_trials/thrust_gate_signedlead20ms_ratio078_decel16_smoke_20261001,experiments/jump/archive/legacy_unclassified/thrust_gate_signedlead20ms_ratio078_decel16_smoke_20261001,保留原位，仅索引,整包provenance/哈希/脚本/报告/安装链接复核；用户批准后才可迁移,56.649
src/bbot_balance_controller/src/data_logs/flat_jump_trials/thrust_handoff_continuity_20261004_203242,experiments/jump/archive/legacy_unclassified/thrust_handoff_continuity_20261004_203242,保留原位，仅索引,整包provenance/哈希/脚本/报告/安装链接复核；用户批准后才可迁移,100.101
src/bbot_balance_controller/src/data_logs/flat_jump_trials/thrust_height_032_ab_20261008,experiments/jump/archive/thrust/thrust_height_032_ab_20261008,保留原位，仅索引,整包provenance/哈希/脚本/报告/安装链接复核；用户批准后才可迁移,668.108
src/bbot_balance_controller/src/data_logs/flat_jump_trials/thrust_horizontal_control_review_20261008,experiments/jump/archive/thrust/thrust_horizontal_control_review_20261008,保留原位，仅索引,整包provenance/哈希/脚本/报告/安装链接复核；用户批准后才可迁移,0.595
src/bbot_balance_controller/src/data_logs/flat_jump_trials/thrust_input_authority_20261008,experiments/jump/archive/thrust/thrust_input_authority_20261008,保留原位，仅索引,整包provenance/哈希/脚本/报告/安装链接复核；用户批准后才可迁移,0.332
src/bbot_balance_controller/src/data_logs/flat_jump_trials/thrust_momentum_budget_20261008,experiments/jump/archive/thrust/thrust_momentum_budget_20261008,保留原位，仅索引,整包provenance/哈希/脚本/报告/安装链接复核；用户批准后才可迁移,3.341
src/bbot_balance_controller/src/data_logs/flat_jump_trials/thrust_momentum_budget_logs_20261008,experiments/jump/archive/thrust/thrust_momentum_budget_logs_20261008,保留原位，仅索引,整包provenance/哈希/脚本/报告/安装链接复核；用户批准后才可迁移,0.002
src/bbot_balance_controller/src/data_logs/flat_jump_trials/thrust_origin_diagnostic_20261007,experiments/jump/archive/thrust/thrust_origin_diagnostic_20261007,保留原位，仅索引,整包provenance/哈希/脚本/报告/安装链接复核；用户批准后才可迁移,690.527
src/bbot_balance_controller/src/data_logs/flat_jump_trials/thrust_pitch_allocator_20261005_195559,experiments/jump/archive/legacy_unclassified/thrust_pitch_allocator_20261005_195559,保留原位，仅索引,整包provenance/哈希/脚本/报告/安装链接复核；用户批准后才可迁移,153.727
src/bbot_balance_controller/src/data_logs/flat_jump_trials/thrust_release70_20260929,experiments/jump/archive/legacy_unclassified/thrust_release70_20260929,保留原位，仅索引,整包provenance/哈希/脚本/报告/安装链接复核；用户批准后才可迁移,11.893
src/bbot_balance_controller/src/data_logs/flat_jump_trials/thrust_release70_repeat_20260929,experiments/jump/archive/legacy_unclassified/thrust_release70_repeat_20260929,保留原位，仅索引,整包provenance/哈希/脚本/报告/安装链接复核；用户批准后才可迁移,11.551
src/bbot_balance_controller/src/data_logs/flat_jump_trials/thrust_release72_20260929,experiments/jump/archive/legacy_unclassified/thrust_release72_20260929,保留原位，仅索引,整包provenance/哈希/脚本/报告/安装链接复核；用户批准后才可迁移,11.25
src/bbot_balance_controller/src/data_logs/flat_jump_trials/thrust_release75_20260929,experiments/jump/archive/legacy_unclassified/thrust_release75_20260929,保留原位，仅索引,整包provenance/哈希/脚本/报告/安装链接复核；用户批准后才可迁移,13.907
src/bbot_balance_controller/src/data_logs/flat_jump_trials/thrust_release75_repeat_20260929,experiments/jump/archive/legacy_unclassified/thrust_release75_repeat_20260929,保留原位，仅索引,整包provenance/哈希/脚本/报告/安装链接复核；用户批准后才可迁移,17.637
src/bbot_balance_controller/src/data_logs/flat_jump_trials/thrust_release_073_single_20261008,experiments/jump/archive/thrust/thrust_release_073_single_20261008,保留原位，仅索引,整包provenance/哈希/脚本/报告/安装链接复核；用户批准后才可迁移,785.603
src/bbot_balance_controller/src/data_logs/flat_jump_trials/thrust_release_fast_rate_kp120_smoke_20260930,experiments/jump/archive/legacy_unclassified/thrust_release_fast_rate_kp120_smoke_20260930,保留原位，仅索引,整包provenance/哈希/脚本/报告/安装链接复核；用户批准后才可迁移,62.853
src/bbot_balance_controller/src/data_logs/flat_jump_trials/thrust_release_forward_ff050_kp120_smoke_20260930,experiments/jump/archive/legacy_unclassified/thrust_release_forward_ff050_kp120_smoke_20260930,保留原位，仅索引,整包provenance/哈希/脚本/报告/安装链接复核；用户批准后才可迁移,12.348
src/bbot_balance_controller/src/data_logs/flat_jump_trials/thrust_release_ratio074_decel16_campaign_20261001,experiments/jump/archive/legacy_unclassified/thrust_release_ratio074_decel16_campaign_20261001,保留原位，仅索引,整包provenance/哈希/脚本/报告/安装链接复核；用户批准后才可迁移,165.697
src/bbot_balance_controller/src/data_logs/flat_jump_trials/thrust_release_ratio074_decel16_smoke_20261001,experiments/jump/archive/legacy_unclassified/thrust_release_ratio074_decel16_smoke_20261001,保留原位，仅索引,整包provenance/哈希/脚本/报告/安装链接复核；用户批准后才可迁移,52.659
src/bbot_balance_controller/src/data_logs/flat_jump_trials/thrust_release_ratio074_signedlead_decel16_campaign_20261001,experiments/jump/archive/legacy_unclassified/thrust_release_ratio074_signedlead_decel16_campaign_20261001,保留原位，仅索引,整包provenance/哈希/脚本/报告/安装链接复核；用户批准后才可迁移,281.227
src/bbot_balance_controller/src/data_logs/flat_jump_trials/thrust_release_ratio074_signedlead_decel16_smoke_20261001,experiments/jump/archive/legacy_unclassified/thrust_release_ratio074_signedlead_decel16_smoke_20261001,保留原位，仅索引,整包provenance/哈希/脚本/报告/安装链接复核；用户批准后才可迁移,52.274
src/bbot_balance_controller/src/data_logs/flat_jump_trials/thrust_release_symmetric_correction_decel16_campaign_20261001,experiments/jump/archive/legacy_unclassified/thrust_release_symmetric_correction_decel16_campaign_20261001,保留原位，仅索引,整包provenance/哈希/脚本/报告/安装链接复核；用户批准后才可迁移,159.583
src/bbot_balance_controller/src/data_logs/flat_jump_trials/thrust_release_symmetric_correction_decel16_smoke_20261001,experiments/jump/archive/legacy_unclassified/thrust_release_symmetric_correction_decel16_smoke_20261001,保留原位，仅索引,整包provenance/哈希/脚本/报告/安装链接复核；用户批准后才可迁移,55.137
src/bbot_balance_controller/src/data_logs/flat_jump_trials/thrust_speed_prediction_kp120_campaign_20260930,experiments/jump/archive/legacy_unclassified/thrust_speed_prediction_kp120_campaign_20260930,保留原位，仅索引,整包provenance/哈希/脚本/报告/安装链接复核；用户批准后才可迁移,55.408
src/bbot_balance_controller/src/data_logs/flat_jump_trials/thrust_speed_prediction_kp120_smoke_20260930,experiments/jump/archive/legacy_unclassified/thrust_speed_prediction_kp120_smoke_20260930,保留原位，仅索引,整包provenance/哈希/脚本/报告/安装链接复核；用户批准后才可迁移,55.343
src/bbot_balance_controller/src/data_logs/flat_jump_trials/thrust_start_phase_aligned_20260930,experiments/jump/archive/legacy_unclassified/thrust_start_phase_aligned_20260930,保留原位，仅索引,整包provenance/哈希/脚本/报告/安装链接复核；用户批准后才可迁移,42.893
src/bbot_balance_controller/src/data_logs/flat_jump_trials/thrust_terminal_forward_single_20261008,experiments/jump/archive/thrust/thrust_terminal_forward_single_20261008,保留原位，仅索引,整包provenance/哈希/脚本/报告/安装链接复核；用户批准后才可迁移,627.1
src/bbot_balance_controller/src/data_logs/flat_jump_trials/thrust_torso_physical_20260930,experiments/jump/archive/legacy_unclassified/thrust_torso_physical_20260930,保留原位，仅索引,整包provenance/哈希/脚本/报告/安装链接复核；用户批准后才可迁移,39.41
src/bbot_balance_controller/src/data_logs/flat_jump_trials/thrust_torso_rate_fast_20260930,experiments/jump/archive/legacy_unclassified/thrust_torso_rate_fast_20260930,保留原位，仅索引,整包provenance/哈希/脚本/报告/安装链接复核；用户批准后才可迁移,77.023
src/bbot_balance_controller/src/data_logs/flat_jump_trials/thrust_wheel_kinematics_decel16_campaign_20261001,experiments/jump/archive/legacy_unclassified/thrust_wheel_kinematics_decel16_campaign_20261001,保留原位，仅索引,整包provenance/哈希/脚本/报告/安装链接复核；用户批准后才可迁移,65.19
src/bbot_balance_controller/src/data_logs/flat_jump_trials/thrust_wheel_kinematics_decel16_smoke_20261001,experiments/jump/archive/legacy_unclassified/thrust_wheel_kinematics_decel16_smoke_20261001,保留原位，仅索引,整包provenance/哈希/脚本/报告/安装链接复核；用户批准后才可迁移,55.979
src/bbot_balance_controller/src/data_logs/flat_jump_trials/torque_handoff_single_20261002,experiments/jump/archive/legacy_unclassified/torque_handoff_single_20261002,保留原位，仅索引,整包provenance/哈希/脚本/报告/安装链接复核；用户批准后才可迁移,126.144
src/bbot_balance_controller/src/data_logs/flat_jump_trials/torso_ref_continuity_smoke_20260930,experiments/jump/archive/legacy_unclassified/torso_ref_continuity_smoke_20260930,保留原位，仅索引,整包provenance/哈希/脚本/报告/安装链接复核；用户批准后才可迁移,17.825
src/bbot_balance_controller/src/data_logs/flat_jump_trials/touchdown_common_hip20_20260929,experiments/jump/archive/legacy_unclassified/touchdown_common_hip20_20260929,保留原位，仅索引,整包provenance/哈希/脚本/报告/安装链接复核；用户批准后才可迁移,11.689
src/bbot_balance_controller/src/data_logs/flat_jump_trials/touchdown_common_hip20_retry_20260929,experiments/jump/archive/legacy_unclassified/touchdown_common_hip20_retry_20260929,保留原位，仅索引,整包provenance/哈希/脚本/报告/安装链接复核；用户批准后才可迁移,14.555
src/bbot_balance_controller/src/data_logs/flat_jump_trials/touchdown_damping50_20260929,experiments/jump/archive/legacy_unclassified/touchdown_damping50_20260929,保留原位，仅索引,整包provenance/哈希/脚本/报告/安装链接复核；用户批准后才可迁移,13.542
src/bbot_balance_controller/src/data_logs/flat_jump_trials/touchdown_damping50_repeat_20260929,experiments/jump/archive/legacy_unclassified/touchdown_damping50_repeat_20260929,保留原位，仅索引,整包provenance/哈希/脚本/报告/安装链接复核；用户批准后才可迁移,9.852
src/bbot_balance_controller/src/data_logs/flat_jump_trials/touchdown_discrete_convergence_smoke_20260930,experiments/jump/archive/legacy_unclassified/touchdown_discrete_convergence_smoke_20260930,保留原位，仅索引,整包provenance/哈希/脚本/报告/安装链接复核；用户批准后才可迁移,31.45
src/bbot_balance_controller/src/data_logs/flat_jump_trials/touchdown_discrete_convergence_smoke_retry_20260930,experiments/jump/archive/legacy_unclassified/touchdown_discrete_convergence_smoke_retry_20260930,保留原位，仅索引,整包provenance/哈希/脚本/报告/安装链接复核；用户批准后才可迁移,12.604
src/bbot_balance_controller/src/data_logs/flat_jump_trials/touchdown_hip_guard20_baseline_20260929,experiments/jump/archive/legacy_unclassified/touchdown_hip_guard20_baseline_20260929,保留原位，仅索引,整包provenance/哈希/脚本/报告/安装链接复核；用户批准后才可迁移,14.304
src/bbot_balance_controller/src/data_logs/flat_jump_trials/touchdown_hip_guard30_20260929,experiments/jump/archive/legacy_unclassified/touchdown_hip_guard30_20260929,保留原位，仅索引,整包provenance/哈希/脚本/报告/安装链接复核；用户批准后才可迁移,13.806
src/bbot_balance_controller/src/data_logs/flat_jump_trials/touchdown_initial_torso8_20260929,experiments/jump/archive/legacy_unclassified/touchdown_initial_torso8_20260929,保留原位，仅索引,整包provenance/哈希/脚本/报告/安装链接复核；用户批准后才可迁移,14.674
src/bbot_balance_controller/src/data_logs/flat_jump_trials/touchdown_initial_torso8_repeat_20260929,experiments/jump/archive/legacy_unclassified/touchdown_initial_torso8_repeat_20260929,保留原位，仅索引,整包provenance/哈希/脚本/报告/安装链接复核；用户批准后才可迁移,13.568
src/bbot_balance_controller/src/data_logs/flat_jump_trials/touchdown_knee_limit90_20260929,experiments/jump/archive/legacy_unclassified/touchdown_knee_limit90_20260929,保留原位，仅索引,整包provenance/哈希/脚本/报告/安装链接复核；用户批准后才可迁移,14.547
src/bbot_balance_controller/src/data_logs/flat_jump_trials/touchdown_knee_limit90_repeat_20260929,experiments/jump/archive/legacy_unclassified/touchdown_knee_limit90_repeat_20260929,保留原位，仅索引,整包provenance/哈希/脚本/报告/安装链接复核；用户批准后才可迁移,11.726
src/bbot_balance_controller/src/data_logs/flat_jump_trials/touchdown_support_convergence_kp120_smoke_20260930,experiments/jump/archive/legacy_unclassified/touchdown_support_convergence_kp120_smoke_20260930,保留原位，仅索引,整包provenance/哈希/脚本/报告/安装链接复核；用户批准后才可迁移,55.208
src/bbot_balance_controller/src/data_logs/flat_jump_trials/tuck_duration_probe_20260928,experiments/jump/archive/legacy_unclassified/tuck_duration_probe_20260928,保留原位，仅索引,整包provenance/哈希/脚本/报告/安装链接复核；用户批准后才可迁移,64.867
src/bbot_balance_controller/src/data_logs/flat_jump_trials/tuck_kd_probe_20260928,experiments/jump/archive/legacy_unclassified/tuck_kd_probe_20260928,保留原位，仅索引,整包provenance/哈希/脚本/报告/安装链接复核；用户批准后才可迁移,51.492
src/bbot_balance_controller/src/data_logs/flat_jump_trials/tuck_target_feasibility_20261008,experiments/jump/archive/airborne/tuck_target_feasibility_20261008,保留原位，仅索引,整包provenance/哈希/脚本/报告/安装链接复核；用户批准后才可迁移,0.314
src/bbot_balance_controller/src/data_logs/flat_jump_trials/velocity_baseline_20260927,experiments/jump/archive/legacy_unclassified/velocity_baseline_20260927,保留原位，仅索引,整包provenance/哈希/脚本/报告/安装链接复核；用户批准后才可迁移,12.768
src/bbot_balance_controller/src/data_logs/flat_jump_trials/velocity_capture_20261005_232914,experiments/jump/archive/landing/velocity_capture_20261005_232914,保留原位，仅索引,整包provenance/哈希/脚本/报告/安装链接复核；用户批准后才可迁移,229.552
src/bbot_balance_controller/src/data_logs/flat_jump_trials/velocity_capture_handoff_20261006_082545,experiments/jump/archive/landing/velocity_capture_handoff_20261006_082545,保留原位，仅索引,整包provenance/哈希/脚本/报告/安装链接复核；用户批准后才可迁移,245.517
src/bbot_balance_controller/src/data_logs/flat_jump_trials/velocity_clearance_landing_20261005_224308,experiments/jump/archive/legacy_unclassified/velocity_clearance_landing_20261005_224308,保留原位，仅索引,整包provenance/哈希/脚本/报告/安装链接复核；用户批准后才可迁移,227.937
src/bbot_balance_controller/src/data_logs/flat_jump_trials/velocity_persistent_baseline_20260927,experiments/jump/archive/legacy_unclassified/velocity_persistent_baseline_20260927,保留原位，仅索引,整包provenance/哈希/脚本/报告/安装链接复核；用户批准后才可迁移,8.404
src/bbot_balance_controller/src/data_logs/flat_jump_trials/velocity_persistent_repeat_20260927,experiments/jump/archive/legacy_unclassified/velocity_persistent_repeat_20260927,保留原位，仅索引,整包provenance/哈希/脚本/报告/安装链接复核；用户批准后才可迁移,8.114
src/bbot_balance_controller/src/data_logs/flat_jump_trials/velocity_transport_smoke_20260927,experiments/jump/archive/legacy_unclassified/velocity_transport_smoke_20260927,保留原位，仅索引,整包provenance/哈希/脚本/报告/安装链接复核；用户批准后才可迁移,8.38
src/bbot_balance_controller/src/data_logs/flat_jump_trials/wheel_chain_20260927,experiments/jump/archive/legacy_unclassified/wheel_chain_20260927,保留原位，仅索引,整包provenance/哈希/脚本/报告/安装链接复核；用户批准后才可迁移,33.935
