path,git_status,title,opening
experiments/jump/planning/airborne_reallocation_design_20261008/REVIEW.md,untracked,空中阶段重新分配：条件式最小设计，尚非执行资格," 2026-10-08。仅源码、已有 B1/B2/B3 默认 Gazebo 数据及离线轨迹/刚体计算。新增物理运行0，未修改控制器、参数、保护、launch 或构建产物；不提交、不推送。默认控制及 landing_capture_gain=1.60 保持。上轮延后 EXTEND 候选不采用，本轮也不是重新尝试“等最高点”。  ## 决定  **有一个保留反向保护的空中局部方案，但目前只能确认条件式参考轨迹可行，不能确认现有控制器能按时产生实际有效收腿。** 最小结构是“连续制动 → 有限参考保持/跟踪收敛 → 一次受保护的有效收腿 → 连续展腿”。保持 THRUST、ARREST 原目标与入口、轮控制、落地捕获公式及限制不变；需要联动修改 TUCK 内部段计划和 EXTEND 完成判据，不能只加时长。  一次现有 knee 0.04rad 步幅允许的收腿量只有约6–7mm腿轴距、约4–5mm轮轴相对COM高度，远不是数厘米净空收益。不能承诺最大双轮净空因此提高同样数值。当前主要未知是能否在约65ms内消除原有0.15–0.18rad膝跟踪误差，同时形成允许下一段的实际运动状态。没有这项证据，不能把设计称为可安全进入A/B的完整方案。  ## 1. 当前阶段与真实时间  时间零点都是原生持续无接触首帧，控制器FLIGHT入口与其不同。数据源：上轮原配置 `physical/B1,B2"
experiments/jump/planning/angular_momentum_20261007/PROTOCOL.md,untracked,Read-only angular momentum diagnostic," One default-control jump D1, initial stable gate unchanged, fixed20s after native first contact. No controller or parameter edits; gain1.60. World difference only sole Physics plugin replaced by same-source private Physics with getter-only logging extended from3 to7 discovered rigid links, plus runtime inertial inventory. No second Physics system. Native both-phase state timestamps and validity retained. Capture runtime robot_description and converted model; verify masses/inertias against runtime ECM.  Analysis t0=first continuously no-contact frame,0..80ms. Compute all seven links spin+orbit"
experiments/jump/planning/angular_momentum_20261007/REVIEW.md,untracked,原始默认控制：离地后角动量交换定量核对, 2026-10-07。默认控制保持原实现，gain=1.60；未修改THRUST、ARREST、TUCK/EXTEND、轮限速或其他控制参数。本轮仅增加只读诊断，补充**1次实跑、1次腾空、1次落地**，首触后观察20秒，最终回到BALANCE。未调参，未追加A/B，未替换默认Physics插件或默认控制器。  ## 最终回答  **可以。在这次默认控制跳跃中，离地后机身负向pitch_rate的形成能够由腿与轮的角动量交换定量解释。** 0～80ms总pitch轴角动量最大漂移0.01230kg·m²/s，约初始值的1.22%；将总角动量固定为离地初值，以实测关节速度、构型和实际惯量重建机身角速度，RMS误差0.00560rad/s、最大0.00743rad/s，远小于快速后转段2.28090rad/s的变化。  主要后转项来自髋运动变化，膝运动变化抵消其一部分；轮轴自身旋转在此窗口也是抵消项。**轮刚体被腿带动的轨道角动量，与轮轴自身旋转必须分开，不能把轮刚体的全部角动量变化都归于wheel command。**  这是一轮实际物理状态的角动量分账，不是新的控制干预因果A/B，也不证明某个PD/前馈项是唯一根因。未分解的1.22%总量漂移保留，不声称严格守恒；仍足以解释本次后转的主体。单次诊断不外推为全部工况独立复验通过。  ## 实际模型与数据来源  首先读取当前实际xac
experiments/jump/planning/arrest_early_decel_ab_20261007/PROTOCOL.md,untracked,Fixed early ARREST shape causal experiment," Six fresh-world runs, alternating B1/T1/B2/T2/B3/T3; no retries or tuning. Baseline current source; test only ARREST sampling correction dv*T*u^3*(1-u)^3 plus exact derivatives. End q/v/a, 60ms duration, all ROS parameters except per-run data paths frozen; gain=1.60. Same unoptimized compiler flags in two independent builds. Default executable untouched.  Each command follows existing startup stable gate, then observe fixed20s after native touchdown. Retain all failures; infrastructure failures stop campaign, do not replace samples. Actual state switching times may change as a consequence of "
experiments/jump/planning/arrest_early_decel_ab_20261007/REVIEW.md,untracked,ARREST早期腿部制动单逻辑A/B物理验证, 2026-10-07。目标仅为检验：减弱离地后最初几十毫秒的腿速变化，是否能减弱/推迟持续负pitch_rate。未处理高度，未修改正式控制器。  ## 验收结论：不采用候选，默认原实现保持  完成固定交替顺序B1/T1/B2/T2/B3/T3，共**6次实跑、6次腾空、6次落地**，全部完成真实首触后至少20秒记录并回到BALANCE。没有追加失败替代样本或调参。另有1次本地通信被受限环境禁止的启动失败，未发J、无物理试验，完整失败记录保留。并非正式三跳修复验收；六次实际净空均低于20cm，正式跳跃达标0次。  **没有确认“负向pitch_rate明显、稳定地减弱或推迟”。** test前30ms四腿平均累计制动速度变化下降16.6%，但前50ms上升6.2%，加速度RMS上升15.1%，主要体现制动后移而非持续减弱。两次空中才形成后转的test，前50ms最负rate幅度比相邻baseline小约5%～9%；起点一次晚7ms、另一次早1ms。第三次test在离地前已后转，且落地后出现短时二次离地，不能丢弃。  因此不晋级、不据此确认或排除“腿制动是重要原因”。该干预只部分达成前30ms实际制动减弱，未达成整个30～50ms持续减弱；三次/组且入空状态有差异，不能给出统计显著性或净因果量。正式入口从未替换，所以无需覆写恢复；所有运行已停止，默认源代码/程序仍为原实现。独立候选
experiments/jump/planning/catch_no_reverse_brake_single_20261008/REVIEW.md,ignored,CATCH 禁用临时 REVERSE_BRAKE：一次独立 Gazebo 物理实验, **结论：本次无效，不采用。** 唯一一次实际跳跃正常恢复 BALANCE，但最大后退 50.73 cm、20 秒偏差 −8.98 cm，均比 B1/B2/B3 更差。首次冲击姿态也更重，且差异在策略可能生效之前已经存在。本次不能证明禁用反向制动导致恶化，也不能证明其能改善后退。未进行第二次跳跃、重复验证或后续调参。  ## 执行范围与可恢复性  仅独立候选副本的 `bbot_velocity_jump_controller.cpp::run_state_touchdown_buffer()` 第 5474 行激活条件添加 `false &&`；原实现、默认二进制、默认 launch、参数、模型及插件均保持原样。独立构建仅编译候选控制器目标，未安装覆盖默认入口。实验结束候选进程已退出；默认从未被替换，因此没有需要反向覆盖的默认代码。  - [唯一控制 diff](/home/xy/bbot_ws_new/src/bbot_balance_controller/src/data_logs/flat_jump_trials/catch_no_reverse_brake_single_20261008/test_source.patch) - [候选源码](/home/xy/bbot_ws_new/src/bbot_balance_controller/src/data_logs/fl
experiments/jump/planning/catch_world_geometry_single_20261008/REVIEW.md,ignored,早期 CATCH COM 捕获几何坐标一致化：一次独立物理实验, **结论：几何偏差得到修正，捕获目标及发布命令确实改变，但本次最大后退与最终偏差未改善。不采用为默认，不继续调参或追加实验。** 本次正常恢复 BALANCE，无异常接触、二次腾空或 EMERGENCY。单次结果不能证明几何修正导致后退恶化，也未证明能安全减少后退。  ## 修改及接入核对  - [完整候选源码 diff](/home/xy/bbot_ws_new/src/bbot_balance_controller/src/data_logs/flat_jump_trials/catch_world_geometry_single_20261008/test_source.patch) - [候选控制器](/home/xy/bbot_ws_new/src/bbot_balance_controller/src/data_logs/flat_jump_trials/catch_world_geometry_single_20261008/source_test/bbot_balance_controller/src/bbot_velocity_jump_controller.cpp:4908) - [已有对齐观测器扩展](/home/xy/bbot_ws_new/src/bbot_balance_controller/src/data_logs/flat_jump_trials
experiments/jump/planning/clearance_20cm_feasibility_20261008/REVIEW.md,untracked,20cm同帧双轮净空：工程可行性评估, 2026-10-08。唯一问题：在现有Gazebo模型/限制下，哪条路线最可能使每次跳跃都达到20cm同帧双轮轮底净空，并稳定落地？本轮交付源码与现有实测分析、条件式离线模型及一个优先设计点；不是物理验收。新增实跑/腾空/达标均0，不修改控制器、控制参数、限制或launch，不构建、不提交、不推送。默认及landing_capture_gain=1.60保持。原始异常诊断不扩大。  ## 决定与适用边界  **优先只提高THRUST的COM速度目标；不把小幅TUCK继续扩展成主线。建议下一次独立实验唯一改动 `jump_height: 0.25 → 0.32`，保留 `takeoff_velocity=0.0`，其余全部冻结。** 当前ROS入口已经暴露该参数，因此无需修改控制器C++逻辑，也无需增加控制框架。这是一个基于所需冲量和已有余量的单一设计点，不是扫描结果，更不是已批准/已实施的修改。  证据：20cm需要约0.15–0.22m/s额外离地速度、2.6–3.8N·s额外净竖直冲量；已有THRUST执行输入与力预算均有余量。反之，保留原反向保护/步幅且考虑现有跟踪误差，单独收腿没有达到20cm的可靠执行方案。组合有降低额外触地能量的理论价值，但要先处理轨迹接续和实际跟踪，修改面及未知数更多。  **“20cm并稳定落地”尚未被证明可交付。** 当前基线虽然最终均回BALA
experiments/jump/planning/clearance_apex_ab_20261008/PROTOCOL.md,untracked,双轮净空单因素A/B," 问题：仅将常规TUCK结束后的EXTEND推迟到COM顶点，能否增加双轮同时净空且不明显恶化空中/落地稳定性。  仅变更TUCK分支一条布尔表达式；deadline、姿态保护、速度/加速度/位置限制及展腿可行性搜索保留。THRUST、轮控、落地算法、gain1.60及全部参数冻结。默认源码/程序不替换，独立源码/构建/launch。  固定B1/T1/B2/T2/B3/T3共6次新世界跳跃，相同既有启动门和首触后20s观察；无替代样本、无调参、无额外复现。RTF配置1、1ms物理步，正常速度。每次绑定源码/二进制/模型/参数和完整只读物理记录。  统计max_t min(clearance_left,clearance_right)，另报左右各自峰值，不把不同时间两个峰拼成双轮净空。原生轮位姿/实际碰撞几何与地面高度计算；COM七刚体瞬时质心。比较真实首触pitch/rate、首触锚定后退、恢复时间和二次离地/碰撞/EMERGENCY。3/group探索性，不称统计显著。只有净空一致改善且无明显姿态/落地恶化才视为有效；失败则不采用，默认原实现保持。完成六次停止，不提交/推送。"
experiments/jump/planning/clearance_apex_ab_20261008/REVIEW.md,untracked,双轮净空：延后普通EXTEND的单因素A/B, 2026-10-08完成。默认控制及landing_capture_gain=1.60始终保留；独立候选仅改普通TUCK→EXTEND触发条件，源码差异一处，独立构建/launch。THRUST、反馈滤波、轮控制器、落地捕获算法及所有参数/安全限制均未改。固定B1/T1/B2/T2/B3/T3，6实跑/6腾空/6真实首触/6次最终BALANCE，正式性能达标不据此认定。每次真实首触后固定观察20s，已停止，无提交/推送/追加调参。  ## 独立验收结论：不采用  **延迟展腿有实际作用，但净空收益不一致且落地后退恶化，未满足“提高净空且不明显恶化稳定性”。** 三对净空变化−0.63、+1.08、+1.83cm，平均仅+0.76cm（约4.9%），组间范围重叠。T2最大后退68.78cm，高于三个baseline的42.76–47.67cm；T2/T3首触负角速度明显较配对baseline增大。3/group为探索性实跑，不能宣称统计显著或排除入空差异。  |指标（组均值）|baseline|test| |---|---:|---:| |双轮同时最大真实轮底净空|15.552cm|16.312cm| |COM离地后最大上升|23.779cm|23.895cm| |首触pitch|-4.823°|-5.603°| |首触pitch_rate|-0.700rad/s|-1.094ra
experiments/jump/planning/clearance_apex_ab_20261008/SOURCE.md,untracked,修改前证据与唯一干预," 默认源：`src/bbot_balance_controller/src/bbot_velocity_jump_controller.cpp`，实验源码在本地 `src/bbot_balance_controller/src/data_logs/flat_jump_trials/clearance_apex_ab_20261008/source_baseline|source_test/`。默认源与程序未替换。  ## TUCK参考  cpp396–424：L_RETRACT_=0.66m、L_TOUCH_=0.69m，flight_tuck_nominal_duration默认/实际0.06s，名义EXTEND下限0.090s。实际时长由round-trip可行性计算；髋/膝速度上限11/13rad/s、加速度上限450/500rad/s²、位置上限1.52/1.5708rad，均不变。  cpp3910–3942规划，与4110–4136生成均采用同一边界：  ``` q0={hip_pos_left_, knee_pos_left_, hip_pos_right_, knee_pos_right_} v0={hip_vel_left_, knee_vel_left_, hip_vel_right_, knee_vel_right_} tuck_comp=clamp(pitc"
experiments/jump/planning/contact_motion_qualification_20261006/REVIEW.md,tracked,接地控制候选：离线资格失败，未实跑, 本轮结论 **FAIL，取消实跑准入**。最早挡项在静止交接：最终力矩需要非零静摩擦反力，新控制 helper 选择零静摩擦成员后不能正确处理该状态，触发 `friction_mode_not_converged`。完整模型确认这些中间力矩有合法静摩擦解。当前阶段仍无合格四腿刹停包络，未推进跳跃。  本轮 **实跑 0 次、腾空 0 次、达标跳跃 0 次**。本条接地修复线累计实跑保持 4 次；这里没有累计更早的 velocity 跳跃对照。所有本轮落地、净空和实际刹停包络指标均为无效／未测试，见 [acceptance.json](acceptance.json)。  ## 本轮问题与边界  待验证问题：使用已核对的完整接地／摩擦模型和原力矩单位反馈，固定低速四次往返能否实际激发双髋、保持支撑并受控停稳？准入前先检查原生输入、静止交接，以及有界轮 P 伺服和延迟下的模型可行性。  固定参考、三段各 0.5 秒、双髋峰速 +0.01 rad/s／双膝 −0.02 rad/s、2 秒交接和四次正反／独立复验顺序均保留。P 轮速增益 1.0，轮目标 ±30 rad/s、轮力矩 ±10 Nm、髋 75 Nm、膝 60 Nm、最小软限位余量 0.30 rad 不变；分配器关闭。原九维绝对 AND 20% 相对 RMS 响应门、每工况至少 30 步也未改。真实实验要求物理步 1 ms、实时
experiments/jump/planning/contact_motion_qualification_20261006/STATIC_BLEND_REVIEW.md,tracked,Static-friction blend check," This is an offline check only; it is not a controller qualification or a physical test. The input snapshot is the NCS1 record at `sim_ns=18567000000` in the frozen `ground_motion_probe_20261006_134820` trial. The old trial was read-only. Its measured leg command and wheel command are copied at full precision into the targeted test; no historical file was changed.  The measured leg rates were approximately `4.2e-13 rad/s` at each hip and `4.88e-13 rad/s` at each knee. The baseline leg command was `[-0.72345083572675517, -15.31390561244141, -0.72345084855659703, -15.313905619364968] Nm`; the wh"
experiments/jump/planning/contact_motion_qualification_20261006/offline_runs/invalid_software_seed_v1_v2/README.md,tracked,Invalid model replay seed runs, Every trajectory and summary in this directory is retained for audit only and is `INVALID_SOFTWARE_SEED`; none of its trial stop/fail outcomes is evidence about candidate/controller reliability.  The observer seed used an incorrect timestamp origin/unit: a 20 ms extrapolation from the native anchor was effectively treated as a 1 ms interval after clipping the timestamp to local zero. This inflated initial COM velocity. These artifacts predate the corrected absolute-nanosecond observer initialization in `contact_com_fixed_replay_v4`.  The archived executables are preserved under explicit inval
experiments/jump/planning/contact_motion_review_20261006/REVIEW.md,tracked,Contact-motion reachability and inverse-interface review," Date: 2026-10-06   Scope: read-only source/data review. No controller, model, record, build, or simulation was changed or run.  ## Conclusion  A new interface should treat the four leg trajectories as references under bilateral rolling contact, not as independent accelerations that can be imposed alongside arbitrary body pitch, body height, forward motion, and wheel motion. The nine-coordinate planar model has four contact-acceleration constraints, leaving five independent generalized acceleration directions while bilateral support persists. The body and wheel accelerations are therefore cons"
experiments/jump/planning/contact_motion_revision_20261006_round2/REALTIME_ACCESS_REVIEW.md,tracked,低速接地候选：实时接入与一次实跑准入审查," 审查范围是当前 ground_contact_motion_experiment 入口、ECS1 到控制器的实时路径和 run_ground_contact_motion_trial.py。这是只读源码／现有记录审查；没有编译、启动 ROS/Gazebo 或修改现有数据。这里不把源代码分支、离线 fixture 或历史旧控制律的物理记录当作新候选的实跑证据。  ## 结论  当前候选还不能做一次低速接地运动实跑。最直接的阻断是控制器仍在 publish_ground_motion_height_effort() 对 ground_contact_motion_experiment 无条件 fail_ground_motion(""contact_motion_offline_qualification_pending"") 并锁输出；运行时 ground_contact_motion_control 尚未接到输出路径。runner 虽要求 offline_admission.json PASS，但这个 admission 文件只放行 runner，不解除控制器内部阻断。相应的 round-1 接受记录仍是 FAIL、静摩擦交接 alpha=0/.25/.5 被 helper 拒绝；当前 round-2 计划也明确先解静摩擦交接与真实状态相容性。必须先有同一冻结源码／profile 上"
experiments/jump/planning/contact_motion_revision_20261006_round2/REALTIME_ENTRY_ADDENDUM.md,tracked,Round-2 实时入口与故障恢复补充审查, 本补充记录新加的连续性保护和尚未解决的运行时入口风险；原始 [`REALTIME_ACCESS_REVIEW.md`](REALTIME_ACCESS_REVIEW.md) 保持不变。本次只读控制路径并新增本报告，没有启动 ROS/Gazebo，也没有修改 controller 或既有记录。  ## 已实现的两项 guard  `GroundEngineStateHistory::push()` 现在允许第一条完整 ECS1 样本使用任意 iteration；后续每条必须正好 iteration +1、sim stamp +1 ms，且 dt=1 ms。重复、回退或缺步都会拒收并清空历史。controller 订阅使用 reliable QoS，与桥的默认 reliable publisher 匹配。`ground_engine_state.hpp` 的离线单测覆盖缺帧、stamp 不匹配、重复清空及重新建立历史；root 已确认 controller 独立构建成功，CTest `ground_engine_state` 1/1 通过，未进行运行时故障注入。  新增的 `GroundContactContinuityGuard` 已由 `record_reference_ground_pulse_contact_frame()` 对每个物理速率 contact callback 
experiments/jump/planning/contact_motion_revision_20261006_round2/REVIEW.md,tracked,Round 2：计算修正推进，实跑准入未通过, 本轮由 root 决定问题、检查原始输入与验收，Luna 实现并重放。问题是：不改增益、模型参数或限制，能否修正静摩擦交接漏解和左右腿任务不相容，让首档完整动作得到合法力矩？**完整81模式离线基线取得推进；实时适用范围和故障恢复未通过，取消物理实跑。** 阶段二未完成，不推进跳跃。  本轮实跑 **0**、腾空 **0**、跳跃达标 **0**。接地修复线累计仍为4次实跑、0次腾空、0次达标。模型重放和程序测试不计作仿真实跑；没有新增实际停止距离包络，净空、首触、缓冲与后退指标无效。  ## 改动和核对  - 静摩擦不再用速度符号迭代猜测。完整81模式求解真实最终混合命令的反力，真实旧锚点 α=0/.25/.5/1 均合法；反力分别约 .06533/.04900/.03266/0 Nm，仍受原 .1 Nm 上限约束。9 q、9 v、6实际输入与旧原生记录逐项差为零。见 `static_witness_native_crosscheck.json`、`static_blend_witness.csv` 和 `static_blend_witness.png`。 - 原19行17未知量逆解同时强制四个加速度任务和左右相同力矩，造成不相容。改为17行17未知量：9动力学、4接触、2同类关节平均加速度任务、2左右同类力矩相等策略。原生状态不平均，左右实际响应仍单独受同步、行程、速度和力
experiments/jump/planning/contact_motion_revision_20261006_round2/ROOT_MATH_REVIEW.md,tracked,根端：任务和求解策略复核, 批准的是离线候选，尚未批准实时接入/实跑。  原19×17逆解同时规定四个精确腿加速度和两个精确同类力矩相等。在真实左右微不对称状态上，这些并非一般相容；残差超门不能靠提高容差或平均实测状态消除。  候选采用 dyn9 + contact4 + 两个共同髋/膝平均加速度任务 + 两个同类执行器力矩相等政策，总17×17。这里平均的是任务输出，真实q/v和轮输入仍逐个保留。左右各腿下一步q/v的差必须仍满足原1e-6同步门，每腿行程、速度、软限位和整体姿态、接触力锥独立检查。共同任务成功不允许掩盖某条腿越界。  增量mobility采用13×13接触KKT，只含9维动力学和4个接触加速度约束，移除多余的左右接触力相等政策。M正定且J行满秩时该KKT可逆；实际每次必须给rank/残差。施加同类腿的单位力矩，取两共同加速度得到H；H可逆加上显式等力矩政策决定逆解唯一性。若秩或兼容性失败必须拒绝。  逆解对参考静止可选择一个明确摩擦成员来计算前馈，但其合法性不能作为最终命令认证。反馈与alpha交接后，最终u另解静摩擦反力：stick的下一步速度为0，反力在原±0.1Nm区间；滑动反力反向且与下一步速度一致。所有81模式基线用于找合法且唯一的加速度，独立原完整模型作交叉检查。摩擦反力是模型推断，不是测量。  未改变已核对profile2、物理参数、9维响应门、PD增益、力矩/速度限制和动
experiments/jump/planning/contact_motion_revision_20261006_round2/ROUND2_DESIGN.md,tracked,Round 2 inverse and final-command certificate," ## Inverse system  The unknown vector is `x = [a(9), lambda(4), u_leg(4)]`, so there are 17 unknowns. The rows are the 9 generalized dynamics equations, 4 bilateral contact-acceleration equations, 2 mean joint-acceleration tasks, and 2 actuator policy rows `u_hL=u_hR`, `u_kL=u_kR`. This makes a square 17x17 system. Its equal-torque rows are the explicit branch/load policy that closes the inverse problem; the two contact loads per side remain free and are solved by the physical contact equations. There is no minimum-norm or arbitrary normal-load split.  The model receives the original 9-vector"
experiments/jump/planning/contact_motion_revision_20261006_round2/ROUND_PLAN.md,tracked,本轮问题与通过条件, 问题：在不改变真实状态、物理模型、增益及原限制的前提下，修正静摩擦区间和左右腿任务兼容性，能否让完整交接及固定低速往返都得到合法且可独立核对的力矩？  第一关：静止 alpha 0/.25/.5/1 最终命令认证；运动与边界状态独立全81模式验证；所有9维动力学和接触残差沿用原门。真实不对称 q/v 不投影，任务/载荷分配变动须先物理复核。  第二关：真实使用 helper 最终交接的 3/4 ms 模型探索，不允许外置混合绕过验证。模型输出不能算实际响应/停止通过。计算成本和故障拒绝必须有明确适用范围。  第三关仅在前两关通过及实时保护完整后：冻结独立程序/源码/协议，最多一次固定首档接地标定；真实六输入、九维状态、时钟和双轮接触完整配对，原9维绝对 AND 20%相对RMS、每工况30步、独立复验及双髋双膝激励、受控停止全部满足才签署该工况通过。  本轮不跳跃、不增加构型/速度、不调MPC/默认入口；保护退出的净空、落地、刹停包络不标有效。当前实跑0、腾空0、达标0。
experiments/jump/planning/contact_motion_revision_20261006_round2/fast_certificate_final/FAST_CERTIFICATE.md,tracked,Offline fast fixed-mode certificate," This folder freezes the second-round offline prototype. It is not connected to the controller and does not authorize or establish a physical trial. The unchanged 81-mode implementation remains the reference baseline.  ## Model and certificate  At a fixed 1 ms step, DART's free velocity stage uses the existing implicit viscous damping matrix `D`; the subsequent contact and Coulomb impulses use ordinary `M`. For each fixed friction mode, the solver uses  `(M + dt D) a_free = -(C + G) - D v + u`,  then solves the same fixed-mode KKT equations as the baseline: `M a = M a_free + Jᵀ lambda + tau_fr"
experiments/jump/planning/contact_motion_revision_20261006_round2/full81_baseline/ROUND2_DESIGN.full81.md,tracked,Round 2 inverse and final-command certificate," ## Inverse system  The unknown vector is `x = [a(9), lambda(4), u_leg(4)]`, so there are 17 unknowns. The rows are the 9 generalized dynamics equations, 4 bilateral contact-acceleration equations, 2 mean joint-acceleration tasks, and 2 actuator policy rows `u_hL=u_hR`, `u_kL=u_kR`. This makes a square 17x17 system. Its equal-torque rows are the explicit branch/load policy that closes the inverse problem; the two contact loads per side remain free and are solved by the physical contact equations. There is no minimum-norm or arbitrary normal-load split.  The model receives the original 9-vector"
experiments/jump/planning/contact_motion_revision_20261006_round2/inverse_compatibility_review.md,tracked,Round 2 inverse compatibility review," Scope: independent model-only linear-algebra audit of the full precision age-4 ms first failure retained in the round-1 v4 log. No files in the round-1 record were changed. This is not a physical response gate, braking result, or jump datum.  Replayed failure sample: `sim_ms=6885`, state age `4 ms`; `q=[0.65881672026013416, 0.51199177778941907, -0.060680581366889419, 0.26520497206377536, -0.38925489170835548, 0.265204977940106, -0.38925489151770176, -9.0656783425930314, -9.0656783205539373]`; `v=[-0.002317450765813031, 4.0038760744420541e-05, -0.00041518951306884647, 0.00011519310753815741, 1"
experiments/jump/planning/contact_motion_revision_20261006_round2/status_documents_at_close/LANDING_REPAIR.md,ignored,平地跳跃修复状态, 当前要修复：**真实双轮轮底净空至少 20 cm、落地后不靠后退恢复。** 正常动作与仿真速度，保留屈腿、竖直/轻微前倾首触和原有验收门槛。  用户实际使用的 README 命令启动 `bbot_velocity_jump_controller`，`jump_height:=0.25`。已复现一次完整跳跃：左右腿同步、能减速并恢复站稳；首触附近后倾约 12°，后退问题仍在。采样 CAD 重建净空约 18.18 cm、后退约 81.60 cm；它们不是同物理步原生轮位姿验收结果。  [README 原入口复现与判断纠正](src/bbot_balance_controller/src/data_logs/flat_jump_trials/readme_velocity_probe_20261005_223120/REVIEW.md)。  独立 allocator 诊断中的左右髋反向大力矩不属于上述默认 velocity 版本。对称约束只有离线回放通过，实际响应门未过，新轨迹未启用；未晋级默认。  项目文件整理完成后，按用户要求继续修复。带只读原生观测的 velocity 对照已核对：真实双轮净空 **15.34 cm**、首触后倾 **5.74°**、首触角速度 **0.569 rad/s**、最大轮轴后退 **40.68 cm**。同物理步轮位姿与接触完整配对；控制器汇总的 SU
experiments/jump/planning/contact_motion_revision_20261006_round2/status_documents_at_close/experiment_README.md,ignored,独立跳跃实验入口, 这些入口从任意工作目录定位 `/home/xy/bbot_ws_new` 当前检出目录。默认 velocity 和完整跳跃演示仍在项目首页。  | 文件 | 用途 | 当前状态 | | --- | --- | --- | | [run_ground_input_trial.sh](run_ground_input_trial.sh) | 分配器关闭、有界 P 轮速完整实际输入与站立交接 | 五秒实际输入门已通过；尚无刹停/跳跃资格 | | [run_ground_motion_trial.sh](run_ground_motion_trial.sh) | 独立完整髋膝支撑低速运动／正常停止标定 | 首档双髋未激发，整体FAIL；没有刹停／跳跃资格 | | [run_ground_contact_motion_trial.sh](run_ground_contact_motion_trial.sh) | 直接引擎状态、接地逆解及静摩擦交接候选 | 离线静止交接反例FAIL；准入拒绝，本轮未实跑 | | [run_velocity_capture_candidate.sh](run_velocity_capture_candidate.sh) | velocity 髋膝协调/接管保护候选 | 缺少合格制动数据时退出恢复；最近 1 次实跑未腾空，勿替换默认 | | [run_alloc
experiments/jump/planning/contact_motion_revision_20261006_round2/v2_early_dwell/README.md,tracked,v2 early-dwell exploratory replay — not full protocol qualification," This directory preserves the round-2 model-only replay exactly as generated, including source, executable, summary, full 1 ms CSV trajectories, clock sidecars, frozen pre-run manifest, output hashes, and its original report.  The replay's stop logic began dwell when `trial_elapsed > 1.0 s` and advanced dwell at 1 ms plant cadence. The frozen protocol instead begins normal stop at 1.5 s, then counts the required 0.25 s dwell on 5 ms control ticks; it also requires the 0.25 s handoff settle to be earned by quiet-state guards, not elapsed time alone. Therefore the archived v2 `PASS` fields only "
experiments/jump/planning/contact_motion_revision_20261006_round2/v2_early_dwell/v2_early_dwell_model_report.md,tracked,Ground contact motion revision: offline round 2," This round independently audited the inverse-task equations, then ran one frozen model replay with the revised helper. All results are **MODEL ONLY**. The replay starts from the first already-moving row of the old native record; the later `q/v` samples and stop outcomes are model-generated, not physical observations. The wheel and COM clock chain is an explicit simulation assumption, not a reproduction of asynchronous ROS/Gazebo histories. This does not pass a physical response gate or certify real braking, real handoff/startup, or jumps.  ## Inverse compatibility  The old inverse fixes all f"
experiments/jump/planning/contact_motion_revision_20261006_round2/v3_full_protocol/round3_model_review.md,tracked,Round 3 contact-COM closed-loop replay," **Disposition: model-design replay PASS for the two simulated state-age cases; no physical-run admission.** This run starts from the first already-moving sample of the old replay input. It is not a standing-start replay and is not evidence of a real landing, contact recovery, braking response, or sensor/actuator timing.  The frozen executable ran once for each case, with 9,275 1 ms profile-2 plant steps per case. The COM reference was recomputed from the controller's centroidal capture law (`centroidal_balance_state(..., body_mass=9.5)` and `centroidal_catch_target(..., 0.07, 5.0, 0)`) using "
experiments/jump/planning/contact_motion_revision_20261006_round2/v3_full_protocol_scope_correction.md,tracked,V3 stop-metric scope correction," This note supplements the frozen V3 report without modifying its source, binary, outputs, manifest, or SHA256SUMS. The V3 control-trace result remains valid as a **MODEL ONLY** `MODEL_STOPPED`/trial-transition replay for the two modeled state ages; it does not qualify physical timing or authorize a live run.  The V3 stop-distance/time metrics were anchored incorrectly. In the source, `stop_start_q` and the axle start position are set when `trial_elapsed >= 1.5 s`, which is the point where quiet-dwell accounting is reset. The protocol's normal-stop trigger is at `trial_elapsed >= 1.0 s`, when "
experiments/jump/planning/contact_motion_revision_20261006_round2/v4_stop_metrics/fast_model_timing_coverage_proposal.md,tracked,Proposed timing coverage for the certified fast model," **Proposal only; not run.** Root review is required after the fast controller is certified. V4's two full81 model cases (state age 3/4 ms, joint and wheel publication delay 1 ms) are the only timing runs completed in this directory.  ## Candidate matrix  Use the unchanged V4 already-moving anchor, COM capture law, profile-2 plant, C2 references, 2 s blend, all caps, dwell, output ownership, and contact/friction policies. Sweep the four state-age values with leg and wheel publication delays independently at both endpoints:  | State age (ms) | Leg publication delay (ms) | Wheel publication dela"
experiments/jump/planning/contact_motion_revision_20261006_round2/v4_stop_metrics/v4_model_review.md,tracked,V4 corrected stop-metric replay," **Disposition: both offline cases completed and passed the frozen model protocol; physical-run admission remains NO.** This is a MODEL ONLY replay from the old input's already-moving first anchor. It provides no standing-start, real landing, sensor-timing, actuator-transport, braking-response, or jump evidence. No ROS/Gazebo or physical run occurred (physical runs: 0).  The run used the frozen profile-2 full81 forward contact/friction model at 1 ms, the fixed COM capture law, 20 ms held observer, 5 ms controller, and 1 ms publication delay. Controller state ages were 3 and 4 ms. The helper re"
experiments/jump/planning/contact_vs_airborne_onset_20261007/REVIEW.md,untracked,持续后转：最后接触阶段还是完全离地之后, 2026-10-07。本轮仅分析七次已有有效完整记录，0新增实跑；未修改THRUST、ATTITUDE_ARREST、TUCK/EXTEND、控制参数、限制或观测程序。默认gain=1.60；保留已有1.00记录，不重新测试。  ## 最终判断  **就本组持续负pitch_rate的形成时刻而言，主要发生在完全离地之后：5/7次在最后接触之后26～37ms形成，2/7次在最后接触之前形成。** B1在最后接触前12ms，T2在前2ms。T2当下物理帧无接触，但随后接触再次出现，不能称其已完全离地。  五次离地后事件伴随高速腿明显减速，符合需要继续核对内部角动量交换的时段；但不等于已经证明腿制动是唯一原因。离地前已积累的角动量、轮端驱动与腿部耦合仍同时影响姿态。B1/T2最后接触前已后转，保留为反例，不能用5/7结论将其抹除或统一归因于空中ARREST。  ## 时间口径  接触使用原生1ms `ground_frames.csv`碰撞事件，末次碰撞均为地面与两轮link_004/link_007。last_contact为腾空前最后一个有真实接触的已记录物理帧；off为下一帧，且从该帧至首触前接触连续为0，所有frame_valid=1。故“实际离地时刻”报告为首个持续无接触帧，物理转换分辨率为1ms，不虚构亚毫秒时间。  持续负pitch_rate起点沿用上轮定义：窗口内首次
experiments/jump/planning/finite_recovery_20261007/PLANNING.md,untracked,有限支撑恢复轮（2026-10-07）, 问题：低速接地候选出现计算拒绝等故障时，在直接状态、实际输入、双支撑和独占所有权可信的条件下，能否从真实 q/v/u 连续进入有限协调减速并停止终止？  改动：独立接地候选增加恢复控制与状态机；独立监督增加恢复总期限。复用原 manager、状态／接触连续锁存和停止候选边界，正常候选输出准入拦截保留到独立检查完成。默认 velocity 跳跃、其他控制器、原限幅、状态年龄和时限不变。  通过条件： - 有实际可执行的独立恢复路径，真实初态／实际输入连续交接，髋膝与轮协调；恢复不是重发最后力矩、清零支撑或回旧 PD。 - 原同档 0.5 s 减速、0.25 s 安静确认及总 2 s 墙钟有限终点；无论恢复成功与否故障试次仍 FAIL，停止后暂停终止不自动继续。 - 不可信条件、停止越界、恢复逆解拒绝或超时立即锁输出并独立暂停；短暂接触恢复不得清除故障。 - 单测、固定模型故障协议和完整候选接管的无运动 ROS 注入分层核对；不能靠辅助单测或暂停 stub 声称物理恢复。 - 准入全部通过后才允许接审过的正常候选控制律，并按已授权固定协议最多一次受限接地标定；失败不立即重跑，不试跳。  本轮保留全部旧修改、冻结、原始数据与失败。必要构建、针对性测试与无运动 ROS 集成已授权。不提交推送；本轮验收后报告是否具备接地标定条件。  用户后续要求“做完这轮停下”：本轮仅完成实现、独立审查与
experiments/jump/planning/finite_recovery_20261007/REVIEW.md,untracked,有限支撑恢复轮独立验收（2026-10-07）, 本轮结论：**NO_PHYSICAL_ADMISSION，仍不允许受限接地标定或试跳。** 已实现可信前提下的有限支撑恢复路径；静止腿模型 seed 能在 0.75 s 后停止并终止故障试次，不能据此声称运动制动通过。正常接地候选控制律仍受准入拦截，默认 README velocity 跳跃入口未改。按用户追加要求，本轮验收后停止。  问题与通过条件见 [PLANNING.md](PLANNING.md)。本轮实现只针对独立接地候选的所有权、故障恢复和监督，不修改动作速度、仿真倍率、1 ms 物理步、力矩限制或验收门。  ## 实现与独立检查  - 持续核对 manager 模式及接口 claims；切换 ACK 后必须取得请求起点晚于 ACK 的新 Effort 独占读回。修复了 switching 阶段被自己的输出保护永久拦住、无法推进到 effort_hold 的缺口。等待、pending、故障仍封锁不合法输出。 - 仅逆解拒绝、求解拒绝／超时等明确故障可申请恢复。每个新原生步重新核对直接 q/v/u、双时钟年龄、同键双轮支撑、接触故障锁存和真实 manager 读回；不可信就请求独立暂停。接触恢复不能清除锁存。 - 恢复首命令由同键实际六输入构造，之后腿逆解与原 COM 捕获轮支撑组成唯一恢复路径。正常 PD／前馈路径在恢复期间封锁。保留 gain=1、轮目标 ±30 r
experiments/jump/planning/finite_recovery_20261007/final_freeze/AGENTS.md,ignored,工作区协作约定, ## 目录与入口  - `src/bbot_balance_controller/`：平衡、跳跃控制器及配置、脚本和测试。 - `src/bbot_bringup/`：ROS launch、控制器配置、Gazebo 世界与插件。 - `src/bbot_description/`、`src/bbot_kinematics/`：机器人模型与运动学。 - `docs/`：面向使用者的说明；从 [docs/README.md](docs/README.md) 导航。 - `experiments/jump/`：候选运行器、离线审计和实验记录索引；从 [实验入口](experiments/jump/README.md) 开始。 - `src/bbot_balance_controller/src/data_logs/`：已有本地运行数据，保留原路径。  日常环境与启动命令见 [README.md](README.md)。跳跃修复目标及当前判断见 [LANDING_REPAIR.md](LANDING_REPAIR.md)；最新阶段二审查见 [Round 2 REVIEW](experiments/jump/planning/contact_motion_revision_20261006_round2/REVIEW.md) 和 [入口补充审查](experiments/jump/plan
experiments/jump/planning/finite_recovery_20261007/final_freeze/LANDING_REPAIR.md,ignored,平地跳跃修复状态, 当前要修复：**真实双轮轮底净空至少 20 cm、落地后不靠后退恢复。** 正常动作与仿真速度，保留屈腿、竖直/轻微前倾首触和原有验收门槛。  用户实际使用的 README 命令启动 `bbot_velocity_jump_controller`，`jump_height:=0.25`。已复现一次完整跳跃：左右腿同步、能减速并恢复站稳；首触附近后倾约 12°，后退问题仍在。采样 CAD 重建净空约 18.18 cm、后退约 81.60 cm；它们不是同物理步原生轮位姿验收结果。  README 原入口复现与判断纠正（本地资料：`src/bbot_balance_controller/src/data_logs/flat_jump_trials/readme_velocity_probe_20261005_223120/REVIEW.md`）。  独立 allocator 诊断中的左右髋反向大力矩不属于上述默认 velocity 版本。对称约束只有离线回放通过，实际响应门未过，新轨迹未启用；未晋级默认。  项目文件整理完成后，按用户要求继续修复。带只读原生观测的 velocity 对照已核对：真实双轮净空 **15.34 cm**、首触后倾 **5.74°**、首触角速度 **0.569 rad/s**、最大轮轴后退 **40.68 cm**。同物理步轮位姿与接触完整配对；控制器汇
experiments/jump/planning/finite_recovery_20261007/final_freeze/README.md,ignored,BBot 自平衡与跳跃工作区, 工作区：`/home/xy/bbot_ws_new` · ROS 2 Iron / Gazebo Sim。  当前开发分支为 `work/jump-repair`，该分支与下述跳跃修复仍未验收。`main` 保持旧基线，不能把候选改动视为已合并或已通过。  ## 环境与日常启动  ```bash cd /home/xy/bbot_ws_new source setup_env.sh ```  启动自适应 LQR 平衡：  ```bash ros2 launch bbot_bringup bbot_gazebo.launch.py controller_type:=adaptive_lqr ```  启动默认 velocity 跳跃控制器：  ```bash ros2 launch bbot_bringup bbot_gazebo.launch.py controller_type:=jump_velocity jump_height:=0.25 ```  站立稳定后按 **J**，或在另一个已加载环境的终端发送：  ```bash ros2 topic pub --once /jump_cmd std_msgs/msg/String '{data: jump}' ```  自动演示入口：  ```bash ./run_complete_jump_demo.sh ```  `jum
experiments/jump/planning/finite_recovery_20261007/final_freeze/experiments/jump/README.md,ignored,跳跃与接地实验入口, [项目首页](../../README.md) · [实验历史索引](RECORDS.md) · [跳跃文档](../../docs/jump/README.md)  ## 当前准入  2026-10-07 有限支撑恢复轮决定仍为 **NO_PHYSICAL_ADMISSION**，阶段二未完成。独立候选已增加逐步可信前提检查、唯一恢复输出、有限协调减速／停止终止及发布前完整 1 ms 预算；8 项针对性 CTest 通过。静止腿模型 seed 仅证明该支撑路径，不能算运动制动通过。同源控制器无运动 ROS 检查在切换前因 manager 读回间断 457.181 ms 被原 150 ms 门拒绝，尚未取得 Effort 接管及完整恢复故障链证据。真实 Gazebo 空世界暂停另列，不算机器人物理恢复。正常候选控制律仍未接入输出，不允许受限接地标定或试跳；按用户要求本轮验收后停止。  本轮新增机器人／接地实跑／腾空／达标均 **0**，接地修复线累计 **4／0／0**。权威结论：[本轮有限恢复 REVIEW](planning/finite_recovery_20261007/REVIEW.md) · [本轮问题与通过条件](planning/finite_recovery_20261007/PLANNING.md)。机器验收为本地资料：`planning/finite_rec
experiments/jump/planning/finite_recovery_20261007/final_freeze/experiments/jump/planning/finite_recovery_20261007/PLANNING.md,ignored,有限支撑恢复轮（2026-10-07）, 问题：低速接地候选出现计算拒绝等故障时，在直接状态、实际输入、双支撑和独占所有权可信的条件下，能否从真实 q/v/u 连续进入有限协调减速并停止终止？  改动：独立接地候选增加恢复控制与状态机；独立监督增加恢复总期限。复用原 manager、状态／接触连续锁存和停止候选边界，正常候选输出准入拦截保留到独立检查完成。默认 velocity 跳跃、其他控制器、原限幅、状态年龄和时限不变。  通过条件： - 有实际可执行的独立恢复路径，真实初态／实际输入连续交接，髋膝与轮协调；恢复不是重发最后力矩、清零支撑或回旧 PD。 - 原同档 0.5 s 减速、0.25 s 安静确认及总 2 s 墙钟有限终点；无论恢复成功与否故障试次仍 FAIL，停止后暂停终止不自动继续。 - 不可信条件、停止越界、恢复逆解拒绝或超时立即锁输出并独立暂停；短暂接触恢复不得清除故障。 - 单测、固定模型故障协议和完整候选接管的无运动 ROS 注入分层核对；不能靠辅助单测或暂停 stub 声称物理恢复。 - 准入全部通过后才允许接审过的正常候选控制律，并按已授权固定协议最多一次受限接地标定；失败不立即重跑，不试跳。  本轮保留全部旧修改、冻结、原始数据与失败。必要构建、针对性测试与无运动 ROS 集成已授权。不提交推送；本轮验收后报告是否具备接地标定条件。  用户后续要求“做完这轮停下”：本轮仅完成实现、独立审查与
experiments/jump/planning/finite_recovery_20261007/final_freeze/experiments/jump/planning/finite_recovery_20261007/REVIEW.md,ignored,有限支撑恢复轮独立验收（2026-10-07）, 本轮结论：**NO_PHYSICAL_ADMISSION，仍不允许受限接地标定或试跳。** 已实现可信前提下的有限支撑恢复路径；静止腿模型 seed 能在 0.75 s 后停止并终止故障试次，不能据此声称运动制动通过。正常接地候选控制律仍受准入拦截，默认 README velocity 跳跃入口未改。按用户追加要求，本轮验收后停止。  问题与通过条件见 [PLANNING.md](PLANNING.md)。本轮实现只针对独立接地候选的所有权、故障恢复和监督，不修改动作速度、仿真倍率、1 ms 物理步、力矩限制或验收门。  ## 实现与独立检查  - 持续核对 manager 模式及接口 claims；切换 ACK 后必须取得请求起点晚于 ACK 的新 Effort 独占读回。修复了 switching 阶段被自己的输出保护永久拦住、无法推进到 effort_hold 的缺口。等待、pending、故障仍封锁不合法输出。 - 仅逆解拒绝、求解拒绝／超时等明确故障可申请恢复。每个新原生步重新核对直接 q/v/u、双时钟年龄、同键双轮支撑、接触故障锁存和真实 manager 读回；不可信就请求独立暂停。接触恢复不能清除锁存。 - 恢复首命令由同键实际六输入构造，之后腿逆解与原 COM 捕获轮支撑组成唯一恢复路径。正常 PD／前馈路径在恢复期间封锁。保留 gain=1、轮目标 ±30 r
experiments/jump/planning/finite_recovery_20261007/solver/A_README.md,ignored,Recovery candidate A: preserved model-only failure," Result: **FAIL / offline model only**. This record never qualified recovery or a physical stop.  The runner used the frozen hold-anchor q/v/u values in `replay_finite_recovery_A.cpp`, a 1 ms physical plant step, 5 ms recovery-controller calls, a nominal 1 ms state/input age, and declared 1 ms leg/wheel command delays. At fault time 1 ms the exact source-frame six-input seed had zero delta (confirmed by `test_ground_contact_finite_recovery_A`). The 330th recovery call, at fault elapsed 1.645 s, returned `PauseAbort: predicted_pitch_guard`; no stop dwell completed. The failure-row native state "
experiments/jump/planning/finite_recovery_20261007/solver/B_README.md,ignored,Recovery candidate B: one fixed model seed," **Scope: MODEL ONLY.** No ROS or Gazebo run occurred. The result is not physical recovery qualification and does not admit the normal candidate control law.  Candidate B retains the exact first six-input source-frame seed. The leg command is the measured leg input; each initial wheel target is its own native wheel rate plus the measured wheel effort, so the P=1 effort mapping reproduces the source-frame input. On later controller ticks, the wheel target uses the existing centroidal catch law and the existing 8 m/s² linear-target slew, with separate left/right target histories. The helper cert"
experiments/jump/planning/height_032_pitch_formation_20261008/REVIEW.md,untracked,T1额外首触后倾的形成阶段：只读四次物理记录, 2026-10-08。仅使用已保存的B1/B2/B3（jump_height0.25）和T1（0.32）原生物理数据。新增实跑/腾空/验收均0，不改控制器、参数、模型、launch、限制或诊断框架；不构建、不扫描、不提交/推送。原配置0.25、takeoff_velocity0、landing_capture_gain1.60保持，0.32仍不采用。  ## 结论  **最大的同时间后倾差距扩张发生在离地后110–250ms，即T1的TUCK后段及正常EXTEND前半段（EXTEND入口144ms）。** T1−基线均值pitch差从110ms的−1.00°扩大到250ms的−7.88°，增加6.88°。早期ARREST在50ms曾扩大差距到−3.20°，但到110ms明显收回，不能把早期rate极值直接等同最终后倾主因。之后250–407ms差距反而收回1.30°；T1额外的68–83ms无接触飞行又实际积累约2.78–3.38°后倾。  物理来源并非只有EXTEND：T1离地总pitch角动量−1.633kg·m²/s，基线−1.038～−1.151。更负的总角动量已在离地时带入；空中髋膝运动重新分配它。110–250ms差距扩张的精确运动学记账中，离地H差约−2.35°、髋关节相对运动差约−3.83°、膝差约−0.95°，其余项略抵消。整个共同无接触区间0–407ms，离地
experiments/jump/planning/hip_momentum_ab_20261007/PROTOCOL.md,untracked,Hip-only momentum causal A/B: frozen protocol," Question: does reducing airborne early hip braking reduce the negative hip momentum contribution and body rearward pitch-rate consistently, without materially losing positive knee compensation?  Six fresh-world jumps B1/T1/B2/T2/B3/T3, no replacement samples or tuning. Same existing startup gate held1s, fixed20s observation after real native touchdown. Infrastructure failure stops campaign. Same1ms step, configured real-time factor1, jump_height.25, gain1.60 and all other resolved parameters frozen apart from paths. Seven-link readonly direct Physics diagnostic reused unchanged.  Baseline reb"
experiments/jump/planning/hip_momentum_ab_20261007/REVIEW.md,untracked,Hip-only 早期角动量单因素 A/B 验收, 2026-10-07。默认 `jump_velocity`；gain=1.60。固定交替 B1/T1/B2/T2/B3/T3 完成，**6次实跑、6次腾空、6次真实首触；4次最终BALANCE、2次EMERGENCY**。没有启动失败、补跑或调参。正式完整跳跃验收达标0次；本轮不处理高度。全部仿真已停止。  ## 结论：不采用候选，默认原实现保持  **尚不能确认“髋负向贡献明显减小后，机身负向pitch_rate同步、稳定地减弱，且膝补偿逐次保持”。** 固定18–54ms全部样本均值：hip −5.4506→−3.6014rad/s，负向幅度减少33.93%；knee +3.7368→+3.7478rad/s，均值增加0.29%；机身rate变化 −1.7951→+0.1418rad/s。这支持髋早期运动影响后转的探索性信号，但不是三次一致的因果验收。  T1/T2实际早期后转较弱，但T3在固定窗内髋贡献−5.0771比相邻B3的−4.3308更负，未实现该次干预目标。B2与T3在候选作用前的离地首帧就分别有−2.0258/−2.1878rad/s角速度，且两次原膝轨迹端位触发−1.56rad夹限，随后原收展腿轨迹检查拒绝并转PROTECTIVE_DEPLOY，最后出现非轮接触、二次离地及EMERGENCY。不能删除、用替代样本覆盖，或把这些入空差异归因于尚未生效的hip候选
experiments/jump/planning/hip_momentum_ab_20261007/SOURCE.md,untracked,修改前源码和单因素定义," 实际入口 `controller_type:=jump_velocity`；源码 `src/bbot_balance_controller/src/bbot_velocity_jump_controller.cpp`，未使用reference controller。  - 3559附近记录 `takeoff_q_hip_left_/right_` 和膝位置为实测位置。 - 3597–3626：`arrest_duration=.060`；`vh_l/r=hip_vel_left_/right_`、`vk_l/r=knee_vel_left_/right_`。各自 `.init(now_sec,T,q0,v0,0,qf,vf,0)`。 - `end_v_hip(v)=clamp(v,-2,2)`；`end_v_knee(v)=clamp(v,-4,4)`；`end_q=clamp(q+.5*(v0+vf)*T,-1.56,1.56)`。 - 3964–3987 `sample_flight_joints` 分别evaluate四条轨迹。4563得到 `q_des/qdot_des/qddot_des`；轨迹解析加速度存在，非差分猜测。 - 4602–4619 ARREST反馈根据实际膝速混合增益；4644–4647髋姿态辅助；4660–4689使用四参考加速度的耦合动力学前馈；66"
experiments/jump/planning/landing_capture_gain_ab_20261007/REVIEW.md,untracked,landing_capture_gain 单因素 Gazebo 实验：不支持降低到1.00," 本轮唯一问题：`landing_capture_gain: 1.60 → 1.00` 能否显著减少约40.68 cm的落地后退，同时不恶化落地稳定性？**本轮没有证明改善，不采纳1.00。** 三次有效test最大后退61.42–71.07 cm，均高于历史40.68 cm；首触后倾9.20–12.29°。本轮baseline自身波动很大，不能用本小样本精确估计gain的独立因果效应，但现有结果足以拒绝把该候选标记为改善。  ## 修改前公式确认  默认控制器 `bbot_velocity_jump_controller.cpp:3860–3903`：  ``` v = abs(predicted_landing_forward_velocity(now)) >= landing_capture_speed_deadband     ? predicted_landing_forward_velocity(now) : 0 omega = sqrt(9.81 / clamp(landing_capture_height, 0.30, 0.50)) landing_capture_raw_offset = v / omega landing_capture_offset = landing_capture_gain * landing_capture_raw_offset land"
experiments/jump/planning/landing_capture_pitch_chain_20261007/REVIEW.md,untracked,landing_capture_gain 的触地前控制链审查, 2026-10-07。本轮仅源码与既有七次完整 Gazebo 数据分析；新增实跑/腾空/达标均为0。未修改控制源码、参数、限制或状态机，默认 gain 保持1.60。A1/B1/A2/B2 实际gain=1.60，T1/T2/T3实际gain=1.00；不以最初期望标签代替实际参数。A3中断观察不加入完整比较。  ## 结论与证据强度  **约−6°首触后倾不是触地才产生：推地末段/空中 ATTITUDE_ARREST 已出现向后转，TUCK 的残余腿速制动与反向参考随后继续改变机体姿态；进入 EXTEND 后，腿部追踪落脚终点，后倾在接触前已形成。landing_capture_gain 在触地前改变该终点，并可能通过可行性/剩余时间预算改变阶段时序，因而能够影响首触姿态。**  不能据此把均值−5.95°→−10.78°的全部变化归为该增益的净因果效应：baseline首触范围−14.84°～+0.42°，各试验进入空中的姿态、角速度和腿速并不相同。B1/T2入空时已明显后转；A2的规划速度低于死区，在冻结该输入时两个gain根本得到相同终点。本报告给出已证实的控制路径和逐次物理时序，不虚构同初态反事实物理响应。  ## 源码：全部直接读取与间接使用  以下行号对应 `src/bbot_balance_controller/src/bbot_velocity_jump_con
experiments/jump/planning/negative_pitch_onset_20261007/REVIEW.md,untracked,负向pitch_rate首次持续形成：推地末段与空中初段, 2026-10-07。仅七次已有完整物理记录与源码检查；新增实跑/腾空/达标均0，未修改控制/参数/状态机，默认gain=1.60。既有1.00试验保留作为观测，不重新测试，不讨论高度。  ## 核心结论  七次记录分为两类：五次在ATTITUDE_ARREST开始14～25ms后形成持续后转，两次（B1、T2）在该阶段前26/15ms已经形成。全部早于TUCK入口14～66ms，故不是TUCK→EXTEND参考跳变，也不是TUCK初次反向造成最初后转。  五次空中起始时仍有很大腿速，随后约15～30ms内明显制动；轮命令在起点只有0.267～0.513m/s，没有触及2m/s限幅。B1/T2则在THRUST末段减小目标腿速、实际腿速尚大时已经后转，不能统一归因于空中轮控或ARREST前馈。  这是时序与实际输入证据，尚非净角动量归因；没有把时间相关性表述为因果。轮电机实际力矩缺失，无法分解它与腿反作用、接触冲量各自的机体角加速度贡献。本轮不提出调参或实现修改。  ## 事件定义与范围  以原生 `-post_base_world_wx` 作为pitch_rate，非CSV滤波值。为区分早期短暂摆动，定义“首次持续后转”为：在已有真实首触前0.5s至后0.3s窗口内，首次连续至少50个1ms步满足pitch_rate<−0.20rad/s的区间起点。**这是报告定义，不是新控制门
experiments/jump/planning/realtime_admission_20261007/PLANNING.md,untracked,首轮实时准入修复（2026-10-07）, 问题：首档低速接地候选能否具备持续独占监视、运行时停止保护和有明确终点的故障退出？  改动范围：仅独立 contact-motion opt-in 控制器、求解证书、独立监督与其测试。默认 velocity / 完整跳跃 / MPC 不变。已有 engine/contact guard 复用。不得将未验证的恢复或候选边界标为物理能力。  通过条件： - manager 真实 active / claimed interfaces 在等待、切换、接管、故障全阶段持续核对，steady freshness 和 pending 硬界限；待完成禁止腿输出。 - 可信状态、双支撑、实际输入与所有权下，有限必要支撑协调减速有真实可执行输出和终点；不可信时独立监督暂停终止。两者分别验收。 - 原协议 .04 rad 停止行程、.02 rad 回弹、.05 m 轮轴位移在线拒绝，逐原生步核对；仅候选边界。 - 保留完整协议和全部求解拒绝，helper 1 ms 截止及原限制不变。覆盖状态年龄/腿轮命令延迟；没有真实传播ID的延迟不当保证上界。 - 单测、无运动 ROS 集成、真实物理证据分别列。任何缺口仍 NO_PHYSICAL_ADMISSION，不接新law、不做接地标定。  授权上限：独立构建、针对性单测与无运动集成；只有准入全部通过才一次固定协议受限标定。首轮验收后停止；不提交或推送。
experiments/jump/planning/realtime_admission_20261007/REVIEW.md,untracked,首轮实时准入验收（2026-10-07）, **结论：NO_PHYSICAL_ADMISSION；阶段二未完成，不能进入受限接地标定或试跳。** 本轮实现和测试有推进，但可信状态下的必要支撑协调减速没有可执行恢复路径，实际接管后的完整故障链及真实 Gazebo 暂停未验收。候选控制律仍受 `contact_motion_offline_qualification_pending` 拦截，未接到腿输出。按本轮要求，验收后停止。  本轮新增 **0 实跑／0 腾空／0 达标**；接地修复线累计 **4／0／0**。跳跃与落地指标保持无效。历史跳跃对照另列：真实净空 15.34 cm、首触后倾 5.74°、轮轴后退 40.68 cm，本轮没有产生新的跳跃改善证据。  ## 问题、范围和通过条件  问题与原定通过条件见 [PLANNING.md](PLANNING.md)。以 [上一轮入口补充审查](../contact_motion_revision_20261006_round2/REALTIME_ENTRY_ADDENDUM.md) 和实际源码为接续基线。初始分支 `work/jump-repair`，工作树干净。只改独立 contact-motion opt-in 路径、证书、观测桥、监督器及针对性测试；默认 `jump_velocity`、完整跳跃、MPC、世界、物理限幅和验收门不变，无提交或推送。  | 本轮准入项 |
experiments/jump/planning/realtime_admission_20261007/frozen_final/AGENTS.md,ignored,工作区协作约定, ## 目录与入口  - `src/bbot_balance_controller/`：平衡、跳跃控制器及配置、脚本和测试。 - `src/bbot_bringup/`：ROS launch、控制器配置、Gazebo 世界与插件。 - `src/bbot_description/`、`src/bbot_kinematics/`：机器人模型与运动学。 - `docs/`：面向使用者的说明；从 [docs/README.md](docs/README.md) 导航。 - `experiments/jump/`：候选运行器、离线审计和实验记录索引；从 [实验入口](experiments/jump/README.md) 开始。 - `src/bbot_balance_controller/src/data_logs/`：已有本地运行数据，保留原路径。  日常环境与启动命令见 [README.md](README.md)。跳跃修复目标及当前判断见 [LANDING_REPAIR.md](LANDING_REPAIR.md)；最新阶段二审查见 [Round 2 REVIEW](experiments/jump/planning/contact_motion_revision_20261006_round2/REVIEW.md) 和 [入口补充审查](experiments/jump/plan
experiments/jump/planning/realtime_admission_20261007/frozen_final/DEFAULT_FLAT_JUMP.md,ignored,平地跳跃：已恢复的完整跳跃基线, 当前默认版本已经在正常速度（实时倍率 1.0、物理步长 1 ms）完成连续两次完整跳跃，通过原有接触、腾空流程和 12 秒落地保持审计。实测两跳的质心上升分别约 22.4 cm、20.2 cm。两次均经过正常 TUCK/EXTEND 并恢复站稳。  这是用户要求的“可以完整跳跃，但落地后会后退”的对照基线。低轮底净空、后倾和后退仍然存在；尚未达到后续高跳、屈膝且竖直/前倾落地、无倒退的目标。COM 上升量与轮底净空是不同指标。  ## 启动查看  ```bash cd /home/xy/bbot_ws_new ./run_complete_jump_demo.sh ```  脚本打开 Gazebo，自动完成两次跳跃，在最后一跳站稳观察后退出；不必另发跳跃命令。记录保存至 `src/bbot_balance_controller/src/data_logs/flat_jump_trials/restored_demo_时间戳`。如需无界面运行，在脚本后加 `--headless`。  手动启动（两个终端都需要设置相同 ROS_DOMAIN_ID 并加载环境）：  ```bash cd /home/xy/bbot_ws_new export ROS_DOMAIN_ID=87 source /opt/ros/iron/setup.bash source /home/xy/bbot_ws
experiments/jump/planning/realtime_admission_20261007/frozen_final/LANDING_REPAIR.md,ignored,平地跳跃修复状态, 当前要修复：**真实双轮轮底净空至少 20 cm、落地后不靠后退恢复。** 正常动作与仿真速度，保留屈腿、竖直/轻微前倾首触和原有验收门槛。  用户实际使用的 README 命令启动 `bbot_velocity_jump_controller`，`jump_height:=0.25`。已复现一次完整跳跃：左右腿同步、能减速并恢复站稳；首触附近后倾约 12°，后退问题仍在。采样 CAD 重建净空约 18.18 cm、后退约 81.60 cm；它们不是同物理步原生轮位姿验收结果。  README 原入口复现与判断纠正（本地资料：`src/bbot_balance_controller/src/data_logs/flat_jump_trials/readme_velocity_probe_20261005_223120/REVIEW.md`）。  独立 allocator 诊断中的左右髋反向大力矩不属于上述默认 velocity 版本。对称约束只有离线回放通过，实际响应门未过，新轨迹未启用；未晋级默认。  项目文件整理完成后，按用户要求继续修复。带只读原生观测的 velocity 对照已核对：真实双轮净空 **15.34 cm**、首触后倾 **5.74°**、首触角速度 **0.569 rad/s**、最大轮轴后退 **40.68 cm**。同物理步轮位姿与接触完整配对；控制器汇
experiments/jump/planning/realtime_admission_20261007/frozen_final/README.md,ignored,BBot 自平衡与跳跃工作区, 工作区：`/home/xy/bbot_ws_new` · ROS 2 Iron / Gazebo Sim。  当前开发分支为 `work/jump-repair`，该分支与下述跳跃修复仍未验收。`main` 保持旧基线，不能把候选改动视为已合并或已通过。  ## 环境与日常启动  ```bash cd /home/xy/bbot_ws_new source setup_env.sh ```  启动自适应 LQR 平衡：  ```bash ros2 launch bbot_bringup bbot_gazebo.launch.py controller_type:=adaptive_lqr ```  启动默认 velocity 跳跃控制器：  ```bash ros2 launch bbot_bringup bbot_gazebo.launch.py controller_type:=jump_velocity jump_height:=0.25 ```  站立稳定后按 **J**，或在另一个已加载环境的终端发送：  ```bash ros2 topic pub --once /jump_cmd std_msgs/msg/String '{data: jump}' ```  自动演示入口：  ```bash ./run_complete_jump_demo.sh ```  `jum
experiments/jump/planning/realtime_admission_20261007/frozen_final/experiments/jump/README.md,ignored,跳跃与接地实验入口, [项目首页](../../README.md) · [实验历史索引](RECORDS.md) · [跳跃文档](../../docs/jump/README.md)  ## 当前准入  2026-10-07 首轮实时准入决定仍为 **NO_PHYSICAL_ADMISSION**，阶段二未完成。本轮补入持续 manager 状态／接口所有权监视、输出硬拦截、逐原生步停止候选边界和独立暂停监督；快速求解完成固定协议 16 格离线时序矩阵，7 项针对性测试通过。有限必要支撑协调减速仍未实现；实际接管后的完整故障链、真实 Gazebo 暂停及实测制动包络未通过。候选控制律尚未接入输出，不允许受限接地标定或试跳。  本轮新增实跑／腾空／达标均 **0**，接地修复线累计 **4／0／0**。权威结论：[本轮实时准入 REVIEW](planning/realtime_admission_20261007/REVIEW.md) · [本轮问题与通过条件](planning/realtime_admission_20261007/PLANNING.md)。机器验收为本地资料：`planning/realtime_admission_20261007/acceptance.json`。前轮依据保留：[第二轮 REVIEW](planning/contact_motion_revision_20
experiments/jump/planning/realtime_admission_20261007/frozen_final/experiments/jump/native_physics/README.md,ignored,Opt-in native Gazebo physics state recorder," This private target is a diagnostic copy of Gazebo Sim 6.18.0's built-in `Physics` system. It is loaded only when the trial uses the private plugin and sets `BBOT_NATIVE_PHYSICS_CSV=/path/to/file.csv`. It writes direct physics-engine state around `ForwardStep::Step`; it does not create, remove, or set ECM components, or change the engine/control path. The default Gazebo world and installed plugin are not modified.  `before_step` and `after_step` rows use the same `sim_time_ns` and `iteration` key. `UpdateInfo.simTime` is the end time for the upcoming step: before-step physical state time is `"
experiments/jump/planning/realtime_admission_20261007/frozen_final/experiments/jump/native_physics/SOURCE_MANIFEST.md,ignored,Frozen source manifest, Source package: `ignition-gazebo6 6.18.0-1~jammy` (upstream Gazebo Sim 6.18.0). The Debian source package includes no `debian/patches` series; its packaging archive does not patch `src/systems/physics/Physics.cc`.  | File | SHA-256 | |---|---| | `upstream/ignition-gazebo6_6.18.0-1~jammy.dsc` | `15ccf27a74f24dc4204215f88f927ed2d2b2bb5ebaba89b2d7f695e3b07d3ee1` | | `upstream/ignition-gazebo6_6.18.0.orig.tar.bz2` | `9d3bbadc1a9c780b179890f4ac5978195d98a7a12f4cc23614d895276774fc99` | | `upstream/ignition-gazebo6_6.18.0-1~jammy.debian.tar.xz` | `9a8b169b496a488c732ec839ce5dc451350fc2be7d4d9da56c68
experiments/jump/planning/realtime_admission_20261007/frozen_final/experiments/jump/planning/realtime_admission_20261007/PLANNING.md,ignored,首轮实时准入修复（2026-10-07）, 问题：首档低速接地候选能否具备持续独占监视、运行时停止保护和有明确终点的故障退出？  改动范围：仅独立 contact-motion opt-in 控制器、求解证书、独立监督与其测试。默认 velocity / 完整跳跃 / MPC 不变。已有 engine/contact guard 复用。不得将未验证的恢复或候选边界标为物理能力。  通过条件： - manager 真实 active / claimed interfaces 在等待、切换、接管、故障全阶段持续核对，steady freshness 和 pending 硬界限；待完成禁止腿输出。 - 可信状态、双支撑、实际输入与所有权下，有限必要支撑协调减速有真实可执行输出和终点；不可信时独立监督暂停终止。两者分别验收。 - 原协议 .04 rad 停止行程、.02 rad 回弹、.05 m 轮轴位移在线拒绝，逐原生步核对；仅候选边界。 - 保留完整协议和全部求解拒绝，helper 1 ms 截止及原限制不变。覆盖状态年龄/腿轮命令延迟；没有真实传播ID的延迟不当保证上界。 - 单测、无运动 ROS 集成、真实物理证据分别列。任何缺口仍 NO_PHYSICAL_ADMISSION，不接新law、不做接地标定。  授权上限：独立构建、针对性单测与无运动集成；只有准入全部通过才一次固定协议受限标定。首轮验收后停止；不提交或推送。
experiments/jump/planning/realtime_admission_20261007/frozen_final/experiments/jump/planning/realtime_admission_20261007/REVIEW.md,ignored,首轮实时准入验收（2026-10-07）, **结论：NO_PHYSICAL_ADMISSION；阶段二未完成，不能进入受限接地标定或试跳。** 本轮实现和测试有推进，但可信状态下的必要支撑协调减速没有可执行恢复路径，实际接管后的完整故障链及真实 Gazebo 暂停未验收。候选控制律仍受 `contact_motion_offline_qualification_pending` 拦截，未接到腿输出。按本轮要求，验收后停止。  本轮新增 **0 实跑／0 腾空／0 达标**；接地修复线累计 **4／0／0**。跳跃与落地指标保持无效。历史跳跃对照另列：真实净空 15.34 cm、首触后倾 5.74°、轮轴后退 40.68 cm，本轮没有产生新的跳跃改善证据。  ## 问题、范围和通过条件  问题与原定通过条件见 [PLANNING.md](PLANNING.md)。以 [上一轮入口补充审查](../contact_motion_revision_20261006_round2/REALTIME_ENTRY_ADDENDUM.md) 和实际源码为接续基线。初始分支 `work/jump-repair`，工作树干净。只改独立 contact-motion opt-in 路径、证书、观测桥、监督器及针对性测试；默认 `jump_velocity`、完整跳跃、MPC、世界、物理限幅和验收门不变，无提交或推送。  | 本轮准入项 |
experiments/jump/planning/takeoff_variability_20261007/REVIEW.md,untracked,六次A/B离地初态差异：只读审查, 本轮新增实跑0次，控制/参数/原始记录全部未改。分析仅限最后接触前50ms到持续无接触首帧后20ms，即以首个持续无接触帧为0的−51～+20ms，六次各72个连续1ms原生物理帧。  ## 回答  **B2/T3的约−2rad/s在THRUST末段、尚有轮地接触并反复短暂失接触时已形成，不是ATTITUDE_ARREST或本轮hip干预造成。** 在−40ms到0，膝持续伸展加速产生的后转项各次都约−2.7～−3.2rad/s；B2/T3的髋运动正向补偿却仅+1.103/+1.015，明显低于其余四次+2.433～+2.814，同时接触窗口的总H变化项为−0.735/−0.616（其余−0.002～−0.204），构型项也更负。这三项差异定量解释了两次约−3rad/s的末段下降。  **尚不能确定试次最早分叉的唯一来源。** 在指定窗口左端，B2/T3的实际髋膝构型、速度、COM上升速度、轮速及THRUST轨迹进度已不同；不存在所有试次先重合、再出现唯一先行变量的记录片段。不能把窗口内的第一处观察值冒充全程“最先分叉”。本轮没有向更早阶段扩展分析。  髋机制未被否定。这里揭示空中干预之前的初态混杂，以及接地末段腿运动与外部角动量变化共同形成的后转。  ## 六次准确事件  |试验|最后接触sim s|持续离地sim s|THRUST入口sim s|THRUST→FLIGHT/A
experiments/jump/planning/thrust_configuration_feasibility_20261008/REVIEW.md,untracked,THRUST构型与接触作用线：有限工程可行性判断, 2026-10-08。只读已有B1/B2/B3及原高跳T1；新增物理实跑0，未改控制器/参数/模型，未运行仿真、构建、扫描、提交或推送。默认0.25 / 0 / 0.78 / 1.60保持，155项冻结一致。0.32仅用于已有失败T1分析。  ## 三个问题的结论  1. **改变推地构型具有外部力矩调节能力吗？** 物理上有：COM与真实接触作用线之间的相对位置进入外部力矩，不只是内部角动量交换。但目前没有独立控制该位置的已验证输入。髋构型PD已被限制在−3或0Nm，机身姿态补偿又与轮速、膝逆速度及姿态保护耦合；不能将目标变化直接等同实际COM位移或总H改善。 2. **所需变化现实吗？** 最后20ms补偿0.48–0.60kg·m²/s，需要已存在的水平力臂改变10.86–13.57cm；若平滑从零建立，需终点26.39–32.99cm。条件几何对应髋增量约−0.80～−1.00rad、增量峰速75–94rad/s，不是现有限制下合理末段修复。提前80–100ms时条件几何降至髋−0.10～−0.16rad、COM相对轮轴约3.2–5.2cm，关节位置上可能容纳，但未证明现有髋输入能跟踪，也未证明保住竖直冲量和接触。 3. **有可直接实施的最小修改点吗？** 本轮没有证据支持。现有髋目标入口和姿态补偿位置已精确定位，但目标偏置在PD饱和时可能根本不改变输出；改姿态参考/增
experiments/jump/planning/thrust_early_repeat_20261008/PROTOCOL.md,untracked,THRUST早期差异只读复验, 问题：原控制下是否复现早期前转过大和离地约−2rad/s，最早可观测差异是什么。  旧六次接触力缺失，不能闭合跨试次地面力矩，故固定最多6次R1–R6新世界原控制跳跃；不为异常追加次数。沿用现有只读接触Physics、启动稳定条件和真实首触后20s观察；控制源码、程序、模型、参数冻结，gain1.60，物理1ms、配置RTF1。仅路径、隔离domain/partition不同。保留失败、不替换样本；运行设施失败停止。  通过条件是形成完整有效诊断与明确可重复性结论，不是跳跃性能晋级。统计入口初态/参考/实际输入及发布生效时序、raw/fast反馈、原生H与接触力矩积分。缺失保持invalid。异常未复现则如实停止；不调整控制或新增门。
experiments/jump/planning/thrust_early_repeat_20261008/REVIEW.md,untracked,THRUST早期差异：冻结默认控制六次复验, 2026-10-08。只读源码/旧六次分析，新增固定6次默认控制物理跳跃R1–R6。控制、模型、参数冻结，landing_capture_gain=1.60；未实施任何候选、未改变输出/速度/门限/状态机。独立Physics沿用前轮只读接触日志，正常动作、物理1ms、配置RTF1。每次真实首触后观察20s。  ## 结论  **本轮六次未复现B2/T3离地约−2rad/s的异常，按预定上限停止，不追加复现或调参。** 已确认旧异常早期前转对应不同的总H与关节角动量组合，并确认反馈存在滤波/采样相位差；尚不能证明早期前转过大必然导致末段后转，不能把首次腿输入延迟定为唯一根因。  6实跑、6腾空、6真实首触、6次最终BALANCE；此计数不是完整跳跃性能达标认定。新六次接触力有效，推地角动量积分闭合程度如下。  |试次|首批实际非零髋输入距入口ms|入口后0–50ms最大rate rad/s|离地pitch °|离地rate rad/s|总ΔH kg·m²/s|接触矩积分|未闭合比例| |---|---:|---:|---:|---:|---:|---:|---:| |R1|15|0.386|5.815|0.203|-1.279630|-1.263596|1.25%| |R2|15|0.364|6.008|-0.577|-1.505521|-1.490178|1.02%| |R3|1
experiments/jump/planning/thrust_early_repeat_20261008/SOURCE.md,untracked,THRUST 早期差异源码审查（只读）," 范围：`src/bbot_balance_controller/src/bbot_velocity_jump_controller.cpp` 与 `include/bbot_balance_controller/{jump_phase_control.hpp,torso_pitch_control.hpp}`。未改源码、参数或运行仿真。以下是源码控制流判断，不是物理运行结论。  ## SQUAT→THRUST：入口和可残留量  - PRE_JUMP→SQUAT 在 `bbot_velocity_jump_controller.cpp:2518-2529` 锚定 `squat_start_height=clamp(current_z_, L_SQUAT_, L_MAX_)`，以当前高度、零起终速度初始化下蹲五次轨迹；长度为普通跳 `T_SQUAT_`，Effort 二跳为 `1.30*T_SQUAT_`。SQUAT 用 `quintic_traj_.evaluate(now_sec,...)`（2576-2585附近）生成高度/速度，IK 后发布位置腿控或 Effort 高度控。 - SQUAT 末段角参考不是静态初值：`active_jump_pitch_ref_ = rolling_reference_blend(squat_pitch_start_ref_, jump_pit"
experiments/jump/planning/thrust_height_032_ab_20261008/PROTOCOL.md,untracked,THRUST目标高度0.32单因素物理验证, 问题：仅提高目标离地速度是否使每次同帧双轮净空达到20cm且不明显恶化落地。  复用旧clearance_apex_ab_20261008原配置B1/B2/B3；155项源码、程序、模型、世界、参数来源及诊断冻结一致。使用同一个baseline.launch.py和独立基线程序，不构建，不改C++/launch默认。唯一控制参数差异jump_height=0.25→0.32；takeoff_velocity显式0、gain1.60及其他参数不变，运行前核对全部参数及实际URDF/SDF。相同世界RTF1、1ms；沿用站立门、每次新世界、真实首触后20s观察和原统计程序。  先T1，检查异常碰撞、二次腾空、EMERGENCY/保护、真实首触、最终BALANCE及落地退化。若明显异常，停止不再跑；正常才分别执行T2/T3。最多3次，不替代失败样本、不扩大基线、不调参。0.32不能自动成为默认。所有实际数据、命令、版本和失败保留。  重点统计同帧双轮净空、原生COM速度/高度、实际接触冲量、释放/限制、离地和首触姿态及关节速度、触地力/缓冲、后退与恢复。曲线区分发布命令、步前实际输入和步后合负载；缺失保持无效。最终仅交付本轮结论，不提交/推送。
experiments/jump/planning/thrust_height_032_ab_20261008/REVIEW.md,untracked,THRUST目标0.32：首测达到20cm，但落地明显退化，停止, 2026-10-08。按用户批准的先1次、正常才再2次协议执行。**T1真实同帧双轮最大轮底净空23.957cm，但首触后倾14.603°、最大后退153.458cm，明显差于原配置。因此不执行T2/T3，不采用0.32为默认或后续性能优化的默认实验基础。** 只保留本次数据作为推地能达到20cm的单次物理证据，不证明重复能力，也不代表稳定落地。  本轮真实物理运行1、腾空1、20cm净空通过1、净空+落地联合接受0；另有1次沙箱启动失败，未发送jump、未形成物理试验。没有失败替代样本、追加基线、参数扫描或第二轮修改；没有构建、提交或推送。默认源码、launch默认、gain1.60及所有其他控制/限制保持。  ## 冻结与可比性  [协议](PROTOCOL.md)。复用clearance_apex_ab_20261008原配置B1/B2/B3。155项冻结文件（源码/头文件、实际执行程序、模型来源、世界、诊断插件与独立基线launch等）运行前、运行后、当前均一致。三份旧runtime与T1逐项比较，除输出路径外，只有jump_height=0.25→0.32不同。takeoff_velocity=0.0、landing_capture_gain=1.60相同；实际URDF/SDF逐字节一致。  使用原baseline.launch.py及build_clearance_a
experiments/jump/planning/thrust_horizontal_control_review_20261008/REVIEW.md,untracked,THRUST末段水平接触力：控制可行性审查," 日期：2026-10-08。仅源码与既有B1/B2/B3、原高跳T1数据分析；新增物理实跑0。未修改控制器、参数或默认入口；未提交、推送。155项冻结文件哈希一致。  ## 决策  存在可控的轮端共同速度参考，但**不存在已经证实可独立调节水平接触力、同时保证竖直速度不损失的现有单参数**。最小值得验证的结构调整，是仅在现有THRUST释放段局部降低轮端前向速度参考，保持原腿部竖直推力路径和所有限制。此处只提出设计，不实施，也不指定未经识别的增益或幅度。  默认保持jump_height=0.25、takeoff_velocity=0.0、thrust_release_velocity_ratio=0.78、landing_capture_gain=1.60。高跳0.32仍只是失败对照，不成为默认。  ## 实际执行链  以下行号对应本轮核对的实际源码。  - `src/bbot_balance_controller/src/bbot_velocity_jump_controller.cpp:714–721,6551–6561`：轮端发布`geometry_msgs::msg::TwistStamped`到`/diff_drive_controller/cmd_vel`，使用`twist.linear.x`，本阶段`angular.z=0`。不是轮电机力矩命令。髋膝经`/leg_"
experiments/jump/planning/thrust_input_authority_20261008/REVIEW.md,untracked,THRUST二输入控制权限：观测验证与匹配初态审查, 2026-10-08。只读复用B1/B2/B3/T1；新增物理运行0、腾空0、性能验收0。未修改控制器、参数或默认入口，未构建、未提交、未推送。155项默认冻结哈希一致；默认0.25 / 0 / 0.78 / 1.60保持。  **决策：H重建在已有平面THRUST数据的同传感器时间戳上可信；当前时刻反馈资格未完成。匹配初态机制不具备验证证据，因此不进入三个扰动分支。两个输入的实际独立权限、竖直近似零空间和有效支撑区间均未验证；停止二输入协同方案，不猜B、H目标或增益，不进入主动协同原型。**  ## 1. H重建：输入与公式  复现程序：[observe.py](observe.py)、[plot.py](plot.py)。原始/派生CSV及曲线为本地资料：`src/bbot_balance_controller/src/data_logs/flat_jump_trials/thrust_input_authority_20261008/`。`provenance.json`记录原始输入哈希及155项冻结一致性；`summary.json`保留全部误差和时间偏移诊断。  原始资料：B1/B2/B3位于`.../flat_jump_trials/clearance_apex_ab_20261008/physical/`，T1位于`.../flat_jump_trials/thru
experiments/jump/planning/thrust_momentum_budget_20261008/REVIEW.md,untracked,高跳 T1：THRUST 外部角动量收支与单点候选, 2026-10-08。只复用 B1/B2/B3（0.25）和失败高跳 T1（0.32）的真实物理记录。本轮新增实跑/腾空/达标均 **0**；未修改控制器、参数、模型、launch、限制或诊断记录，未构建、未提交/推送。默认 jump_height=0.25、takeoff_velocity=0.0、landing_capture_gain=1.60 保持；0.32 不采用。  ## 决策  1. **T1 额外负向离地总角动量主要由 THRUST 期间实际地面接触力矩积分解释，入口没有带入额外负 H。** T1 入口 H 比基线更正 0.029–0.044；离地却更负 0.481–0.595 kg·m²/s。THRUST 的额外负变化 0.522–0.633，对应额外接触角冲量 0.516–0.627。主增量是 COM 下方的前向水平接触力产生的负俯仰力矩，法向力矩变化较小且对 B2 的差值方向相反。 2. 差距并非全程单调扩大。相对基线均值，最终 H 差约 **82% 在 THRUST 日志入口后 150 ms 至各自离地的末段扩大**。T1 最后 20 ms：ΔH=−0.5324，其中实际切向接触角冲量 −0.5102；COM vz 仅增加 +0.0605 m/s。 3. 有名义执行器余量和一个值得验证的现有单点，但**尚无证据保证减少 H 时仍保留足够离地速度/20 cm
experiments/jump/planning/thrust_origin_diagnostic_20261007/PROTOCOL.md,untracked,Frozen readonly diagnostic," One fresh-world default-control jump D1, not an A/B retry. Reuse original stable startup gate, fixed20s after real native touchdown. Original controller binary and all resolved parameters unchanged except data paths; gain1.60, physics1ms, real_time_factor1. Independent Physics clone adds only contact getter CSV, no new setters/ECM mutations/callback customization. All7 native links and runtime inertia reuse previous logger. D1 validates contact force availability, force sign/frame, COM momentum impulse closure; it cannot retroactively supply missing old B2/T3 force data. No tuning or addition"
experiments/jump/planning/thrust_origin_diagnostic_20261007/REVIEW.md,untracked,THRUST入口分叉与接触物理诊断, 2026-10-08完成，目录标识沿用任务于20261007创建的名称。控制/参数冻结，gain1.60；未采用hip候选。六次旧A/B向前扩展至THRUST入口；另补**1次原控制只读诊断实跑、1次腾空、1次真实首触，最终BALANCE**。不是旧A/B补跑或替代样本，正式跳跃达标不据本诊断认定。真实首触后固定观察20s；全部停止。  ## 主要结果  1. **接触力诊断已取得真实有效数据。** 独立Physics读取后端GetContactsFromLastStep的可选ExtraContactData，保存世界系接触点、作用于collision1的力和法向、depth及逐步有效位。D1的THRUST至离地窗口取得688个接触点（含+20ms窗口，离地后接触数0）；全部有有效ExtraData，法向最小力+.765N，法向单位长度核对通过。用步前真实系统COM计算Σ(point−COM)×force，THRUST至离地总pitch角动量变化−1.264069kg·m²/s，接触力矩积分−1.248620，差−.015449，即未闭合约1.22%。 2. **左右轮实际速度伺服力矩仍不可确认，保持unknown。** 实际模型轮接口同时声明velocity/effort，但当前入口用diff_drive_controller速度路径，Physics读取JointVelocit
experiments/jump/planning/thrust_release_073_single_20261008/PROTOCOL.md,untracked,提前卸力单次物理实验, 问题：仅将高跳工况的既有 thrust_release_velocity_ratio 从0.78改为0.73，能否减少推地负向外部角冲量并保留20cm净空，改善首触后倾与恢复。  已授权仅1次完整跳跃，不追加、不调参、不改默认、不提交/推送。对照为已保存高跳T1，jump_height0.32、takeoff_velocity0、landing_capture_gain1.60，其余参数和155项冻结均不变。采用冻结baseline.launch.py既有同名launch覆写（366–369声明，1232–1234传给节点；C++236–240读取/限定范围，3051–3053调用ThrustRelease）。启动后、发jump前对比T1全部运行参数，仅比例与两个数据路径允许不同；实际模型也必须一致。  沿用已有运行器、原生物理/接触诊断、同世界RTF1.0/1ms、新世界及原站立门。仅发1条jump；真实首触后观察20s，基础设施失败不静默替换。独立数据目录thrust_release_073_single_20261008，原始记录和失败全部保留。  对照释放条件、发布卸力、实际输入/接触响应和持续无接触离地四类时刻；分析THRUST及最后20ms角动量/接触力矩积分、净竖直冲量和COM速度、碰撞几何同帧双轮净空、空中姿态、真实首触和恢复。动态单次结果即使改善也只算初步证据，
experiments/jump/planning/thrust_release_073_single_20261008/REVIEW.md,untracked,提前卸力比例 0.73：唯一一次独立物理试验, 2026-10-08。授权问题：高跳 T1 工况只改变 `thrust_release_velocity_ratio=0.78→0.73`，能否降低负外部角冲量并保留20cm双轮净空、改善落地。**已完成1次实际跳跃、1次腾空、0次联合验收通过，不追加。配置不采用。** 另有1次ROS启动失败，未发jump、未生成机器人跳跃，单列保留。  默认工作配置保持 jump_height=0.25、takeoff_velocity=0.0、thrust_release_velocity_ratio=0.78、landing_capture_gain=1.60。未修改C++、仓库launch默认、TUCK/EXTEND、轮控制、落地捕获、关节限制、安全保护或模型；未构建、未提交/推送。新程序/参数/模型等155项冻结在实验前后均一致。  ## 结论  **本次不支持采用0.73，也没有实现旧日志所预测的明显提前20ms释放。** 相对THRUST首次日志，释放条件从原T1的165ms变为160ms；对应新膝命令首次进入物理引擎的帧从166ms变为163ms，仅早3ms。相对真实离地分别早15和19ms，仅差4ms。  更关键的是，本次反馈速度从1.74178直接更新为2.12715m/s，同时跨过0.73和0.78两个阈值。按本次记录重算，两比例首次满足条件为同一条记录，**没有证据证明这
experiments/jump/planning/thrust_terminal_forward_single_20261008/PROTOCOL.md,untracked,THRUST释放段局部前向参考单次实验, 唯一问题：减小释放段前向轮速要求，能否减少负外部角冲量并保留20cm净空与可接受落地。对照为已保存高跳T1，不新增基线。  唯一代码变量：现有thrust_release_.active()时，共同前向参考从0.45减0.02至0.43m/s，只用于thrust_forward_cmd_mag的前馈/速度误差；其他时刻原式。原姿态项含taper仍使用原全局目标，运动学补偿、腿部输出、限制、释放0.78、状态切换和空中/落地控制均保持。源diff保留于test_source.patch；只改独立副本，仓库默认始终为原实现。  原T1释放13.765s，持续无接触首帧13.781s，有效接地释放窗口16ms。v_pred0.550–0.557m/s，原m0.331–0.321，无0/0.85夹限；轮目标0.019–0.029，无±1.5夹限。选定减0.02在固定反馈回放下使目标和最终命令增加0.044m/s，入口从上一条0.05172至0.063454只增0.011734，小于原5ms正向slew0.08；不施加大反向命令，不扫描。回放不是闭环预测。  边界：THRUST直到控制器确认完全离地才退出，原T1在真实离地后还发布约14ms THRUST命令；本实验不改该条件。FLIGHT原逻辑air_wheel_baseline_=last_wheel_cmd_x_，首帧原限步0.25，
experiments/jump/planning/thrust_terminal_forward_single_20261008/REVIEW.md,untracked,THRUST释放段局部轮速参考：唯一一次物理实验, 日期：2026-10-08。结论：**不采用，实验结束**。新增1实跑/1腾空/1正常首触/0联合通过；无启动失败、无追加试验。正常ARREST→TUCK→EXTEND完成、最终BALANCE，但双轮同帧净空19.608cm未达20cm，落地仍明显后倾/后退。默认实现始终未修改，实验实例已终止；默认0.25/0/0.78/1.60保持，无提交、推送或后续扫描。  ## 本轮三个问题  1. **轮速参考是否真正改变水平冲量？** 干预确实改变已发布命令并到达实际轮相对运动；末20ms水平冲量从1.140降至0.540N·s，观测方向符合假设。但试次在干预前已分叉，不能证明冲量减少主要由该干预造成，更不能把同反馈公式回放当实际未干预对照。 2. **是否实际减少离地总负角动量？** 本次实测离地H由−1.633变为−1.450kg·m²/s，负值减小0.183；这是观测事实。共同THRUST+145ms（双方都未干预）时已有0.157差距，其后至离地差距仅净增0.026；现有单次结果不足以建立独立因果效应。 3. **是否同时20cm与可接受落地？** 否。净空不足；首触−9.661°、−1.357rad/s，最大后退87.588cm。相比失败T1姿态角和后退改善，但首触角速度绝对值更大，不能称稳定落地修复。按授权停止，不换幅度、不补跑。  ## 唯一代码改动及选择依据  原源码`
experiments/jump/planning/thrust_vz_momentum_design_20261008/DESIGN.md,untracked,THRUST竖直速度—离地总俯仰角动量：最小协同设计," 2026-10-08。本轮仅源码及B1/B2/B3/T1既有物理证据审查，无控制修改、仿真、构建或扫描。默认0.25 / 0 / 0.78 / 1.60不变。  **决策：最小候选为保留轮速度控制，在原THRUST内用“髋姿态补偿修正＋膝竖直推力修正”做一个有界二输入协同分配。公式可编码，但当前缺少可信的接触约束输入响应矩阵，尚不能批准为可实际启用的控制方案。** 不把目标到接触力的代数关系当作执行器可控性，不指定未经识别的增益/干预幅度。若不能补齐下述响应能力，停止，不用现有离线分配器冒充通过版本。  ## 原结构、余量与约束  实际入口为`src/bbot_balance_controller/src/bbot_velocity_jump_controller.cpp`。  - 2972–3116：COM竖直速度误差＋原Bezier推力，经过姿态衰减、释放、行程保护，产生每腿Fz请求；原释放比例0.78及全部条件保留。 - 3130–3197：高度五次轨迹/IK构型参考，膝速度逆解使用质量加权COM几何与髋/机身参考速度。 - 3216–3349：每髋姿态力矩`clip[-0.5*(70*e_pitch+12*e_rate)+reaction_ff+已有修正,−20,20]`；构型PD另受−3～3限制，后转条件下下界为0。髋竖直力分担为0，膝为`Fz*Jk+原PD/制动`。 "
experiments/jump/planning/tuck_extend_continuity_20261007/REVIEW.md,untracked,TUCK → EXTEND 轨迹连续性审查, 2026-10-07，仅源码与七次已有完整物理记录；新增实跑0次，未改控制、参数、限制、状态时序，gain默认1.60。T1/T2/T3是已有1.00记录，并非本轮重新调参。未提交/推送。  ## 结论  **存在期望位置、速度不连续，但不是新EXTEND从静止生成，也不是后倾最初出现的时刻。** 新段已经以实测q/v初始化；旧TUCK参考与实测有跟踪误差，切换时把参考重置到实测，因而发生参考跳变。七次左右膝位置跳变约−0.108～−0.191rad，髋速度跳变最大约0.135rad/s、膝最大约0.461rad/s。新段首帧与控制器实测q/v之差在CSV精度内全部为0。  后转最初形成早于EXTEND入口81～158ms，早于TUCK目标反向35～45ms的时刻。A2最早后转为短暂推地摆动，其主要后转也早于EXTEND约75ms。因此不能把TUCK→EXTEND跳变称为最初后倾原因；是否加重后续后倾未做隔离物理验证。  ## 源码精确边界  源文件 `src/bbot_balance_controller/src/bbot_velocity_jump_controller.cpp`。  ### ATTITUDE_ARREST → TUCK  4235–4348调用 `begin_checked_tuck`，完整可行性预算通过后进入4110–4151的 `begin_tuck`。
experiments/jump/planning/tuck_target_feasibility_20261008/REVIEW.md,untracked,TUCK有效收腿目标：只读可行性审查, 2026-10-08。默认控制及landing_capture_gain=1.60保持。仅检查源码和上轮三个原配置B1/B2/B3的实际Gazebo数据；不使用延后EXTEND候选作默认证据。本轮新增实跑/腾空/达标均0，未改任何源码/参数/保护/阶段时序，未构建、提交、推送或新增诊断框架。  ## 结论：不进入A/B  **当前工况下TUCK主要完成残余腿速制动，并未实现净收腿。仅修改一个腿长/高度目标无效；不能满足本轮“其他控制逻辑不变”的实施前提。** 反向运动保护将四关节终点退回入口，实际髋轴至轮轴距离在TUCK期间增加而非缩短。  原名义目标0.66m本身IK可达，关节端点不越界；但不经过保护直接要求60ms到达该目标，膝峰值加速度664–781rad/s²，超过现有500限制。其运动学最短5ms网格时长75–85ms，会延长TUCK并推迟原tuck_finished触发的EXTEND。时间总预算看起来有余量，但不等同执行/姿态/落地已验证。保持反向保护则任何有效缩腿膝目标都被挡住；本轮不擅自移除这条保护或改变动作时机。  ## 1. 名义设计与实际作用  源码 `src/bbot_balance_controller/src/bbot_velocity_jump_controller.cpp:390–424` 注释设计0.66→0.69m收展腿；L_RETRACT_=
experiments/jump/planning/velocity_performance_analysis_20261007/REVIEW.md,untracked,2026-10-07 默认 velocity 跳跃性能：第一阶段分析, 本轮问题：现有完整跳跃为什么净空低、落地后后倾并后退？通过条件：绑定当前默认源码与既有原生 Gazebo 记录，分清起跳、空中、真实接触及恢复的信号与时序，给出一个最小修改候选；本轮先分析，不修改控制、不新增实跑。此报告不继续独立 contact-motion 的 manager/恢复框架。  ## 证据与复现  分支 `work/jump-repair`。输入为本地资料 `src/bbot_balance_controller/src/data_logs/flat_jump_trials/velocity_clearance_landing_20261005_224308/` 下 `velocity_log.csv`、`geometry.csv`、`ground_frames.csv`、`native_wrench.csv`、`wheel_joints.csv`、`legs_joint_feedback.csv`、`leg_modes.csv`、`launch.log`、`runtime_parameters.yaml`、`launch_command.json`。这是**既有一次完整实际 Gazebo 跳跃**，不是本轮新运行或模型回放。  当前 `bbot_velocity_jump_controller.cpp` SHA256 `a17c95bd35eb43b07051e
