time,height,base_link_height,p,p_0,delta_p,v,v_ref,v_error,pitch,pitch_rate,theta_eq,theta_ref,theta_error,theta_dot_ref,theta_dot_error,v_p,v_i,v_d,theta_p,theta_d,rate_p,rate_d,u_raw,u_rate_limited,u_clamped,tau_left,tau_right,is_saturated,is_rate_limited,control_enabled,force_active,force_value,kp_v,ki_v,kd_v,kp_theta,kd_theta,kp_rate,kd_rate,k_x,rate_limit_u,total_torque_max,wheel_torque_max,p_0_latched
0.019000,0.360000,0.500000,0.000000,0.000000,0.000000,0.000000,0.000000,-0.000000,-0.000000,-0.000000,0.061667,0.061667,0.061667,0.348420,0.348420,-0.000000,-0.000000,-0.000000,0.348420,0.000000,7.177448,0.832336,8.009785,8.009785,8.009785,4.004892,4.004892,0,0,1,0,0.000000,0.083000,0.008000,0.001000,5.650000,0.106000,20.600000,0.021500,0.000000,0.000000,20.000000,10.000000,0
0.024000,0.360000,0.500000,0.000000,0.000000,0.000000,0.000000,0.000000,-0.000000,-0.000000,-0.000000,0.061667,0.061667,0.061667,0.348420,0.348420,-0.000000,-0.000000,0.000000,0.348420,0.000000,7.177448,0.000000,7.177448,7.177448,7.177448,3.588724,3.588724,0,0,1,0,0.000000,0.083000,0.008000,0.001000,5.650000,0.106000,20.600000,0.021500,0.000000,0.000000,20.000000,10.000000,0
0.033000,0.360000,0.500000,0.000000,0.000000,0.000000,0.000000,0.000000,-0.000000,-0.000000,-0.000000,0.061667,0.061667,0.061667,0.348420,0.348420,-0.000000,-0.000000,0.000000,0.348420,0.000000,7.177448,0.000000,7.177448,7.177448,7.177448,3.588724,3.588724,0,0,1,0,0.000000,0.083000,0.008000,0.001000,5.650000,0.106000,20.600000,0.021500,0.000000,0.000000,20.000000,10.000000,0
0.038000,0.360000,0.500000,0.000000,0.000000,0.000000,-0.000000,0.000000,0.000000,-0.000000,-0.000000,0.061667,0.061667,0.061667,0.348420,0.348420,0.000000,0.000000,0.000000,0.348420,0.000000,7.177448,0.000000,7.177448,7.177448,7.177448,3.588724,3.588724,0,0,1,0,0.000000,0.083000,0.008000,0.001000,5.650000,0.106000,20.600000,0.021500,0.000000,0.000000,20.000000,10.000000,0
0.047000,0.360000,0.500000,0.000000,0.000000,0.000000,-0.000000,0.000000,0.000000,0.000642,-0.011560,0.061667,0.061667,0.061025,0.346017,0.357578,0.000000,0.000000,-0.000000,0.344792,0.001225,7.366103,0.021877,7.387981,7.387981,7.387981,3.693990,3.693990,0,0,1,0,0.000000,0.083000,0.008000,0.001000,5.650000,0.106000,20.600000,0.021500,0.000000,0.000000,20.000000,10.000000,0
0.052000,0.360000,0.500000,0.000019,0.000000,0.000019,0.000321,0.000000,-0.000321,-0.000095,-0.026651,0.061667,0.061658,0.061753,0.351730,0.378382,-0.000027,-0.000000,-0.000064,0.348905,0.002825,7.794663,0.089457,7.884120,7.884120,7.884120,3.942060,3.942060,0,0,1,0,0.000000,0.083000,0.008000,0.001000,5.650000,0.106000,20.600000,0.021500,0.000000,0.000000,20.000000,10.000000,0
0.057000,0.360000,0.500000,0.000070,0.000000,0.000070,0.000940,0.000000,-0.000940,-0.000095,-0.026651,0.061667,0.061639,0.061734,0.351622,0.378273,-0.000078,-0.000000,-0.000124,0.348797,0.002825,7.792420,-0.000468,7.791951,7.791951,7.791951,3.895976,3.895976,0,0,1,0,0.000000,0.083000,0.008000,0.001000,5.650000,0.106000,20.600000,0.021500,0.000000,0.000000,20.000000,10.000000,0
0.066000,0.360000,0.500000,0.000246,0.000000,0.000246,0.002810,0.000000,-0.002810,-0.001330,-0.050347,0.061667,0.061598,0.062927,0.360875,0.411222,-0.000233,-0.000000,-0.000208,0.355538,0.005337,8.471171,0.078712,8.549883,8.549883,8.549883,4.274942,4.274942,0,0,1,0,0.000000,0.083000,0.008000,0.001000,5.650000,0.106000,20.600000,0.021500,0.000000,0.000000,20.000000,10.000000,0
0.071000,0.360000,0.500000,0.000381,0.000000,0.000381,0.004132,0.000000,-0.004132,-0.003058,-0.077170,0.061667,0.061544,0.064602,0.373182,0.450352,-0.000343,-0.000000,-0.000264,0.365002,0.008180,9.277254,0.168260,9.445514,9.445514,9.445514,4.722757,4.722757,0,0,1,0,0.000000,0.083000,0.008000,0.001000,5.650000,0.106000,20.600000,0.021500,0.000000,0.000000,20.000000,10.000000,0
0.076000,0.360000,0.500000,0.000545,0.000000,0.000545,0.005685,0.000000,-0.005685,-0.003058,-0.077170,0.061667,0.061478,0.064536,0.372809,0.449979,-0.000472,-0.000001,-0.000311,0.364629,0.008180,9.269576,-0.001603,9.267973,9.267973,9.267973,4.633986,4.633986,0,0,1,0,0.000000,0.083000,0.008000,0.001000,5.650000,0.106000,20.600000,0.021500,0.000000,0.000000,20.000000,10.000000,0
0.081000,0.360000,0.500000,0.000739,0.000000,0.000739,0.007452,0.000000,-0.007452,-0.005188,-0.106486,0.061667,0.061399,0.066588,0.387509,0.493995,-0.000619,-0.000001,-0.000353,0.376221,0.011288,10.176297,0.189267,10.365564,10.365564,10.365564,5.182782,5.182782,0,0,1,0,0.000000,0.083000,0.008000,0.001000,5.650000,0.106000,20.600000,0.021500,0.000000,0.000000,20.000000,10.000000,0
0.090000,0.360000,0.500000,0.000962,0.000000,0.000962,0.009417,0.000000,-0.009417,-0.005188,-0.106486,0.061667,0.061326,0.066514,0.387094,0.493580,-0.000782,-0.000002,-0.000218,0.375807,0.011288,10.167756,-0.000990,10.166766,10.166766,10.166766,5.083383,5.083383,0,0,1,0,0.000000,0.083000,0.008000,0.001000,5.650000,0.106000,20.600000,0.021500,0.000000,0.000000,20.000000,10.000000,0
0.095000,0.360000,0.500000,0.001213,0.000000,0.001213,0.011565,0.000000,-0.011565,-0.007718,-0.137811,0.061667,0.061221,0.068939,0.404116,0.541927,-0.000960,-0.000002,-0.000430,0.389508,0.014608,11.163704,0.207892,11.371596,11.371596,11.371596,5.685798,5.685798,0,0,1,0,0.000000,0.083000,0.008000,0.001000,5.650000,0.106000,20.600000,0.021500,0.000000,0.000000,20.000000,10.000000,0
0.100000,0.360000,0.500000,0.001491,0.000000,0.001491,0.013882,0.000000,-0.013882,-0.007718,-0.137811,0.061667,0.061104,0.068822,0.403454,0.541265,-0.001152,-0.000003,-0.000463,0.388846,0.014608,11.150063,-0.002847,11.147216,11.147216,11.147216,5.573608,5.573608,0,0,1,0,0.000000,0.083000,0.008000,0.001000,5.650000,0.106000,20.600000,0.021500,0.000000,0.000000,20.000000,10.000000,0
0.109000,0.360000,0.500000,0.002130,0.000000,0.002130,0.018976,0.000000,-0.018976,-0.010649,-0.170789,0.061667,0.060946,0.071594,0.422612,0.593400,-0.001575,-0.000004,-0.000566,0.404508,0.018104,12.224049,0.124545,12.348595,12.348595,12.348595,6.174297,6.174297,0,0,1,0,0.000000,0.083000,0.008000,0.001000,5.650000,0.106000,20.600000,0.021500,0.000000,0.000000,20.000000,10.000000,0
0.114000,0.360000,0.500000,0.002490,0.000000,0.002490,0.021731,0.000000,-0.021731,-0.013981,-0.205162,0.061667,0.060782,0.074763,0.444159,0.649321,-0.001804,-0.000005,-0.000551,0.422412,0.021747,13.376003,0.240456,13.616459,13.616459,13.616459,6.808229,6.808229,0,0,1,0,0.000000,0.083000,0.008000,0.001000,5.650000,0.106000,20.600000,0.021500,0.000000,0.000000,20.000000,10.000000,0
0.119000,0.360000,0.500000,0.002877,0.000000,0.002877,0.024614,0.000000,-0.024614,-0.013981,-0.205162,0.061667,0.060608,0.074589,0.443176,0.648338,-0.002043,-0.000006,-0.000576,0.421429,0.021747,13.355753,-0.004227,13.351526,13.351526,13.351526,6.675763,6.675763,0,0,1,0,0.000000,0.083000,0.008000,0.001000,5.650000,0.106000,20.600000,0.021500,0.000000,0.000000,20.000000,10.000000,0
0.124000,0.360000,0.500000,0.003290,0.000000,0.003290,0.027614,0.000000,-0.027614,-0.017720,-0.240756,0.061667,0.060424,0.078144,0.467033,0.707790,-0.002292,-0.000007,-0.000600,0.441513,0.025520,14.580467,0.255644,14.836111,14.836111,14.836111,7.418055,7.418055,0,0,1,0,0.000000,0.083000,0.008000,0.001000,5.650000,0.106000,20.600000,0.021500,0.000000,0.000000,20.000000,10.000000,0
0.129000,0.360000,0.500000,0.003728,0.000000,0.003728,0.030726,0.000000,-0.030726,-0.017720,-0.240756,0.061667,0.060230,0.077950,0.465939,0.706695,-0.002550,-0.000008,-0.000622,0.440419,0.025520,14.557917,-0.004707,14.553210,14.553210,14.553210,7.276605,7.276605,0,0,1,0,0.000000,0.083000,0.008000,0.001000,5.650000,0.106000,20.600000,0.021500,0.000000,0.000000,20.000000,10.000000,0
0.138000,0.360000,0.500000,0.004684,0.000000,0.004684,0.037256,0.000000,-0.037256,-0.021871,-0.277464,0.061667,0.059991,0.081862,0.491930,0.769394,-0.003092,-0.000011,-0.000726,0.462518,0.029411,15.849511,0.149780,15.999292,15.999292,15.999292,7.999646,7.999646,0,0,1,0,0.000000,0.083000,0.008000,0.001000,5.650000,0.106000,20.600000,0.021500,0.000000,0.000000,20.000000,10.000000,0
0.143000,0.360000,0.500000,0.005201,0.000000,0.005201,0.040664,0.000000,-0.040664,-0.026441,-0.315231,0.061667,0.059752,0.086192,0.520401,0.835632,-0.003375,-0.000013,-0.000682,0.486986,0.033414,17.214017,0.284824,17.498841,17.498841,17.498841,8.749420,8.749420,0,0,1,0,0.000000,0.083000,0.008000,0.001000,5.650000,0.106000,20.600000,0.021500,0.000000,0.000000,20.000000,10.000000,0
0.148000,0.360000,0.500000,0.005744,0.000000,0.005744,0.044160,0.000000,-0.044160,-0.026441,-0.315231,0.061667,0.059505,0.085946,0.519009,0.834240,-0.003665,-0.000014,-0.000699,0.485595,0.033414,17.185346,-0.005985,17.179361,17.179361,17.179361,8.589681,8.589681,0,0,1,0,0.000000,0.083000,0.008000,0.001000,5.650000,0.106000,20.600000,0.021500,0.000000,0.000000,20.000000,10.000000,0
0.153000,0.360000,0.500000,0.006312,0.000000,0.006312,0.047741,0.000000,-0.047741,-0.031439,-0.354045,0.061667,0.059252,0.090691,0.549933,0.903978,-0.003963,-0.000016,-0.000716,0.512404,0.037529,18.621950,0.299874,18.921824,18.921824,18.921824,9.460912,9.460912,0,0,1,0,0.000000,0.083000,0.008000,0.001000,5.650000,0.106000,20.600000,0.021500,0.000000,0.000000,20.000000,10.000000,0
0.158000,0.360000,0.500000,0.006907,0.000000,0.006907,0.051404,0.000000,-0.051404,-0.031439,-0.354045,0.061667,0.058992,0.090431,0.548463,0.902508,-0.004267,-0.000018,-0.000732,0.510934,0.037529,18.591665,-0.006322,18.585343,18.585343,18.585343,9.292671,9.292671,0,0,1,0,0.000000,0.083000,0.008000,0.001000,5.650000,0.106000,20.600000,0.021500,0.000000,0.000000,20.000000,10.000000,0
0.163000,0.360000,0.500000,0.007527,0.000000,0.007527,0.055144,0.000000,-0.055144,-0.036877,-0.393930,0.061667,0.058725,0.095601,0.581905,0.975835,-0.004577,-0.000020,-0.000748,0.540148,0.041757,20.102195,0.315305,20.417500,20.417500,20.000000,10.000000,10.000000,1,0,1,0,0.000000,0.083000,0.008000,0.001000,5.650000,0.106000,20.600000,0.021500,0.000000,0.000000,20.000000,10.000000,0
0.168000,0.360000,0.500000,0.008174,0.000000,0.008174,0.058961,0.000000,-0.058961,-0.036877,-0.393930,0.061667,0.058451,0.095328,0.580358,0.974288,-0.004894,-0.000023,-0.000763,0.538601,0.041757,20.070333,-0.006651,20.063683,20.063683,20.000000,10.000000,10.000000,1,0,1,0,0.000000,0.083000,0.008000,0.001000,5.650000,0.106000,20.600000,0.021500,0.000000,0.000000,20.000000,10.000000,0
0.177000,0.360000,0.500000,0.009547,0.000000,0.009547,0.066813,0.000000,-0.066813,-0.042766,-0.434934,0.061667,0.058128,0.100894,0.616155,1.051089,-0.005545,-0.000028,-0.000872,0.570052,0.046103,21.652436,0.183469,21.835905,21.835905,20.000000,10.000000,10.000000,1,0,1,0,0.000000,0.083000,0.008000,0.001000,5.650000,0.106000,20.600000,0.021500,0.000000,0.000000,20.000000,10.000000,0
0.182000,0.360000,0.500000,0.010274,0.000000,0.010274,0.070845,0.000000,-0.070845,-0.049121,-0.477119,0.061667,0.057810,0.106932,0.654738,1.131857,-0.005880,-0.000030,-0.000806,0.604164,0.050575,23.316262,0.347303,23.663565,23.663565,20.000000,10.000000,10.000000,1,0,1,0,0.000000,0.083000,0.008000,0.001000,5.650000,0.106000,20.600000,0.021500,0.000000,0.000000,20.000000,10.000000,0
0.187000,0.360000,0.500000,0.011027,0.000000,0.011027,0.074946,0.000000,-0.074946,-0.049121,-0.477119,0.061667,0.057489,0.106610,0.652920,1.130040,-0.006221,-0.000033,-0.000820,0.602346,0.050575,23.278814,-0.007817,23.270998,23.270998,20.000000,10.000000,10.000000,1,0,1,0,0.000000,0.083000,0.008000,0.001000,5.650000,0.106000,20.600000,0.021500,0.000000,0.000000,20.000000,10.000000,0
0.192000,0.360000,0.500000,0.011808,0.000000,0.011808,0.079116,0.000000,-0.079116,-0.055958,-0.520580,0.061667,0.057163,0.113121,0.694313,1.214893,-0.006567,-0.000037,-0.000834,0.639131,0.055181,25.026788,0.364868,25.391657,25.391657,20.000000,10.000000,10.000000,1,0,1,0,0.000000,0.083000,0.008000,0.001000,5.650000,0.106000,20.600000,0.021500,0.000000,0.000000,20.000000,10.000000,0
0.197000,0.360000,0.500000,0.012617,0.000000,0.012617,0.083355,0.000000,-0.083355,-0.055958,-0.520580,0.061667,0.056833,0.112790,0.692447,1.213027,-0.006918,-0.000040,-0.000848,0.637266,0.055181,24.988361,-0.008021,24.980339,24.980339,20.000000,10.000000,10.000000,1,0,1,0,0.000000,0.083000,0.008000,0.001000,5.650000,0.106000,20.600000,0.021500,0.000000,0.000000,20.000000,10.000000,0
0.202000,0.360000,0.500000,0.013453,0.000000,0.013453,0.087662,0.000000,-0.087662,-0.063293,-0.565422,0.061667,0.056498,0.119791,0.736756,1.302179,-0.007276,-0.000043,-0.000861,0.676822,0.059935,26.824878,0.383351,27.208228,27.208228,20.000000,10.000000,10.000000,1,0,1,0,0.000000,0.083000,0.008000,0.001000,5.650000,0.106000,20.600000,0.021500,0.000000,0.000000,20.000000,10.000000,0
0.207000,0.360000,0.500000,0.014317,0.000000,0.014317,0.092037,0.000000,-0.092037,-0.063293,-0.565422,0.061667,0.056159,0.119452,0.734840,1.300262,-0.007639,-0.000047,-0.000875,0.674905,0.059935,26.785399,-0.008241,26.777158,26.777158,20.000000,10.000000,10.000000,1,0,1,0,0.000000,0.083000,0.008000,0.001000,5.650000,0.106000,20.600000,0.021500,0.000000,0.000000,20.000000,10.000000,0
0.212000,0.360000,0.500000,0.015210,0.000000,0.015210,0.096481,0.000000,-0.096481,-0.071147,-0.611763,0.061667,0.055815,0.126962,0.782183,1.393946,-0.008008,-0.000051,-0.000889,0.717336,0.064847,28.715279,0.402839,29.118118,29.118118,20.000000,10.000000,10.000000,1,0,1,0,0.000000,0.083000,0.008000,0.001000,5.650000,0.106000,20.600000,0.021500,0.000000,0.000000,20.000000,10.000000,0
0.221000,0.360000,0.500000,0.017084,0.000000,0.017084,0.105576,0.000000,-0.105576,-0.079540,-0.659725,0.061667,0.055417,0.134957,0.832438,1.492163,-0.008763,-0.000059,-0.001011,0.762507,0.069931,30.738557,0.234630,30.973187,30.973187,20.000000,10.000000,10.000000,1,0,1,0,0.000000,0.083000,0.008000,0.001000,5.650000,0.106000,20.600000,0.021500,0.000000,0.000000,20.000000,10.000000,0
0.226000,0.360000,0.500000,0.018065,0.000000,0.018065,0.110230,0.000000,-0.110230,-0.079540,-0.659725,0.061667,0.055028,0.134568,0.830239,1.489964,-0.009149,-0.000063,-0.000931,0.760308,0.069931,30.693253,-0.009457,30.683796,30.683796,20.000000,10.000000,10.000000,1,0,1,0,0.000000,0.083000,0.008000,0.001000,5.650000,0.106000,20.600000,0.021500,0.000000,0.000000,20.000000,10.000000,0
0.231000,0.360000,0.500000,0.019076,0.000000,0.019076,0.114955,0.000000,-0.114955,-0.088494,-0.709438,0.061667,0.054636,0.143131,0.883889,1.593326,-0.009541,-0.000068,-0.000945,0.808688,0.075200,32.822526,0.444460,33.266986,33.266986,20.000000,10.000000,10.000000,1,0,1,0,0.000000,0.083000,0.008000,0.001000,5.650000,0.106000,20.600000,0.021500,0.000000,0.000000,20.000000,10.000000,0
0.236000,0.360000,0.500000,0.020119,0.000000,0.020119,0.119752,0.000000,-0.119752,-0.088494,-0.709438,0.061667,0.054242,0.142737,0.881662,1.591100,-0.009939,-0.000072,-0.000959,0.806462,0.075200,32.776665,-0.009573,32.767092,32.767092,20.000000,10.000000,10.000000,1,0,1,0,0.000000,0.083000,0.008000,0.001000,5.650000,0.106000,20.600000,0.021500,0.000000,0.000000,20.000000,10.000000,0
0.241000,0.360000,0.500000,0.021192,0.000000,0.021192,0.124623,0.000000,-0.124623,-0.098034,-0.761035,0.061667,0.053845,0.151879,0.938786,1.699821,-0.010344,-0.000077,-0.000974,0.858116,0.080670,35.016322,0.467501,35.483824,35.483824,20.000000,10.000000,10.000000,1,0,1,0,0.000000,0.083000,0.008000,0.001000,5.650000,0.106000,20.600000,0.021500,0.000000,0.000000,20.000000,10.000000,0
0.250000,0.360000,0.500000,0.023434,0.000000,0.023434,0.134591,0.000000,-0.134591,-0.108184,-0.814652,0.061667,0.053391,0.161575,0.999249,1.813901,-0.011171,-0.000087,-0.001108,0.912896,0.086353,37.366364,0.272524,37.638888,37.638888,20.000000,10.000000,10.000000,1,0,1,0,0.000000,0.083000,0.008000,0.001000,5.650000,0.106000,20.600000,0.021500,0.000000,0.000000,20.000000,10.000000,0
0.255000,0.360000,0.500000,0.023434,0.000000,0.023434,0.134591,0.000000,-0.134591,-0.108184,-0.814652,0.061667,0.053092,0.161276,0.997562,1.812213,-0.011171,-0.000092,0.000000,0.911209,0.086353,37.331598,-0.007257,37.324341,37.324341,20.000000,10.000000,10.000000,1,0,1,0,0.000000,0.083000,0.008000,0.001000,5.650000,0.106000,20.600000,0.021500,0.000000,0.000000,20.000000,10.000000,0
0.260000,0.360000,0.500000,0.024603,0.000000,0.024603,0.139690,0.000000,-0.139690,-0.108184,-0.814652,0.061667,0.052678,0.160862,0.995224,1.809876,-0.011594,-0.000098,-0.001020,0.908871,0.086353,37.283447,-0.010051,37.273396,37.273396,20.000000,10.000000,10.000000,1,0,1,0,0.000000,0.083000,0.008000,0.001000,5.650000,0.106000,20.600000,0.021500,0.000000,0.000000,20.000000,10.000000,0
0.265000,0.360000,0.500000,0.025806,0.000000,0.025806,0.144867,0.000000,-0.144867,-0.118971,-0.870423,0.061667,0.052261,0.171232,1.059724,1.930147,-0.012024,-0.000104,-0.001036,0.967460,0.092265,39.761036,0.517167,40.278203,40.278203,20.000000,10.000000,10.000000,1,0,1,0,0.000000,0.083000,0.008000,0.001000,5.650000,0.106000,20.600000,0.021500,0.000000,0.000000,20.000000,10.000000,0
0.270000,0.360000,0.500000,0.027043,0.000000,0.027043,0.150125,0.000000,-0.150125,-0.118971,-0.870423,0.061667,0.051839,0.170810,1.057343,1.927766,-0.012460,-0.000110,-0.001051,0.965078,0.092265,39.711974,-0.010241,39.701732,39.701732,20.000000,10.000000,10.000000,1,0,1,0,0.000000,0.083000,0.008000,0.001000,5.650000,0.106000,20.600000,0.021500,0.000000,0.000000,20.000000,10.000000,0
0.275000,0.360000,0.500000,0.028313,0.000000,0.028313,0.155463,0.000000,-0.155463,-0.130423,-0.928483,0.061667,0.051413,0.181837,1.125796,2.054280,-0.012903,-0.000116,-0.001068,1.027377,0.098419,42.318158,0.544009,42.862168,42.862168,20.000000,10.000000,10.000000,1,0,1,0,0.000000,0.083000,0.008000,0.001000,5.650000,0.106000,20.600000,0.021500,0.000000,0.000000,20.000000,10.000000,0
0.280000,0.360000,0.500000,0.029619,0.000000,0.029619,0.160883,0.000000,-0.160883,-0.130423,-0.928483,0.061667,0.050983,0.181406,1.123363,2.051847,-0.013353,-0.000122,-0.001084,1.024944,0.098419,42.268040,-0.010462,42.257578,42.257578,20.000000,10.000000,10.000000,1,0,1,0,0.000000,0.083000,0.008000,0.001000,5.650000,0.106000,20.600000,0.021500,0.000000,0.000000,20.000000,10.000000,0
0.285000,0.360000,0.500000,0.030959,0.000000,0.030959,0.166386,0.000000,-0.166386,-0.142570,-0.988965,0.061667,0.050547,0.193117,1.195943,2.184908,-0.013810,-0.000129,-0.001101,1.091113,0.104830,45.009110,0.572165,45.581275,45.581275,20.000000,10.000000,10.000000,1,0,1,0,0.000000,0.083000,0.008000,0.001000,5.650000,0.106000,20.600000,0.021500,0.000000,0.000000,20.000000,10.000000,0
0.290000,0.360000,0.500000,0.032336,0.000000,0.032336,0.171974,0.000000,-0.171974,-0.142570,-0.988965,0.061667,0.050107,0.192677,1.193453,2.182418,-0.014274,-0.000136,-0.001118,1.088623,0.104830,44.957812,-0.010708,44.947104,44.947104,20.000000,10.000000,10.000000,1,0,1,0,0.000000,0.083000,0.008000,0.001000,5.650000,0.106000,20.600000,0.021500,0.000000,0.000000,20.000000,10.000000,0
0.295000,0.360000,0.500000,0.033748,0.000000,0.033748,0.177647,0.000000,-0.177647,-0.155442,-1.051997,0.061667,0.049660,0.205102,1.270340,2.322336,-0.014745,-0.000143,-0.001135,1.158828,0.111512,47.840128,0.601648,48.441776,48.441776,20.000000,10.000000,10.000000,1,0,1,0,0.000000,0.083000,0.008000,0.001000,5.650000,0.106000,20.600000,0.021500,0.000000,0.000000,20.000000,10.000000,0
0.304000,0.360000,0.500000,0.036684,0.000000,0.036684,0.189250,0.000000,-0.189250,-0.169070,-1.117701,0.061667,0.049146,0.218216,1.351397,2.469098,-0.015708,-0.000157,-0.001289,1.232921,0.118476,50.863427,0.350598,51.214025,51.214025,20.000000,10.000000,10.000000,1,0,1,0,0.000000,0.083000,0.008000,0.001000,5.650000,0.106000,20.600000,0.021500,0.000000,0.000000,20.000000,10.000000,0
0.309000,0.360000,0.500000,0.038208,0.000000,0.038208,0.195182,0.000000,-0.195182,-0.169070,-1.117701,0.061667,0.048643,0.217713,1.348555,2.466257,-0.016200,-0.000165,-0.001186,1.230079,0.118476,50.804889,-0.012219,50.792670,50.792670,20.000000,10.000000,10.000000,1,0,1,0,0.000000,0.083000,0.008000,0.001000,5.650000,0.106000,20.600000,0.021500,0.000000,0.000000,20.000000,10.000000,0
0.314000,0.360000,0.500000,0.039771,0.000000,0.039771,0.201201,0.000000,-0.201201,-0.183488,-1.186196,0.061667,0.048138,0.231625,1.434420,2.620616,-0.016700,-0.000173,-0.001204,1.308683,0.125737,53.984691,0.663745,54.648436,54.648436,20.000000,10.000000,10.000000,1,0,1,0,0.000000,0.083000,0.008000,0.001000,5.650000,0.106000,20.600000,0.021500,0.000000,0.000000,20.000000,10.000000,0
0.319000,0.360000,0.500000,0.041372,0.000000,0.041372,0.207307,0.000000,-0.207307,-0.183488,-1.186196,0.061667,0.047630,0.231117,1.431551,2.617746,-0.017206,-0.000181,-0.001221,1.305814,0.125737,53.925577,-0.012339,53.913237,53.913237,20.000000,10.000000,10.000000,1,0,1,0,0.000000,0.083000,0.008000,0.001000,5.650000,0.106000,20.600000,0.021500,0.000000,0.000000,20.000000,10.000000,0
0.324000,0.360000,0.500000,0.043012,0.000000,0.043012,0.213500,0.000000,-0.213500,-0.198728,-1.257588,0.061667,0.047119,0.245846,1.522335,2.779923,-0.017720,-0.000189,-0.001239,1.389031,0.133304,57.266417,0.697360,57.963776,57.963776,20.000000,10.000000,10.000000,1,0,1,0,0.000000,0.083000,0.008000,0.001000,5.650000,0.106000,20.600000,0.021500,0.000000,0.000000,20.000000,10.000000,0
0.329000,0.360000,0.500000,0.044691,0.000000,0.044691,0.219780,0.000000,-0.219780,-0.198728,-1.257588,0.061667,0.046604,0.245331,1.519427,2.777015,-0.018242,-0.000198,-0.001256,1.386122,0.133304,57.206507,-0.012505,57.194002,57.194002,20.000000,10.000000,10.000000,1,0,1,0,0.000000,0.083000,0.008000,0.001000,5.650000,0.106000,20.600000,0.021500,0.000000,0.000000,20.000000,10.000000,0
0.334000,0.360000,0.500000,0.046411,0.000000,0.046411,0.226146,0.000000,-0.226146,-0.214823,-1.331976,0.061667,0.046085,0.260909,1.615323,2.947300,-0.018770,-0.000207,-0.001273,1.474134,0.141190,60.714376,0.732225,61.446601,61.446601,20.000000,10.000000,10.000000,1,0,1,0,0.000000,0.083000,0.008000,0.001000,5.650000,0.106000,20.600000,0.021500,0.000000,0.000000,20.000000,10.000000,0
0.339000,0.360000,0.500000,0.048164,0.000000,0.048164,0.232601,0.000000,-0.232601,-0.214823,-1.331976,0.061667,0.045562,0.260385,1.612368,2.944344,-0.019306,-0.000217,-0.001291,1.471178,0.141190,60.653487,-0.012710,60.640777,60.640777,20.000000,10.000000,10.000000,1,0,1,0,0.000000,0.083000,0.008000,0.001000,5.650000,0.106000,20.600000,0.021500,0.000000,0.000000,20.000000,10.000000,0
0.344000,0.360000,0.500000,0.049964,0.000000,0.049964,0.239139,0.000000,-0.239139,-0.231802,-1.409499,0.061667,0.045034,0.276836,1.713530,3.123028,-0.019849,-0.000226,-0.001308,1.564123,0.149407,64.334383,0.768342,65.102726,65.102726,20.000000,10.000000,10.000000,1,0,1,0,0.000000,0.083000,0.008000,0.001000,5.650000,0.106000,20.600000,0.021500,0.000000,0.000000,20.000000,10.000000,0
0.353000,0.360000,0.500000,0.053688,0.000000,0.053688,0.252458,0.000000,-0.252458,-0.249716,-1.490162,0.061667,0.044430,0.294146,1.819880,3.310042,-0.020954,-0.000244,-0.001480,1.661923,0.157957,68.186871,0.446756,68.633626,68.633626,20.000000,10.000000,10.000000,1,0,1,0,0.000000,0.083000,0.008000,0.001000,5.650000,0.106000,20.600000,0.021500,0.000000,0.000000,20.000000,10.000000,0
0.358000,0.360000,0.500000,0.055604,0.000000,0.055604,0.259240,0.000000,-0.259240,-0.249716,-1.490162,0.061667,0.043841,0.293557,1.816552,3.306714,-0.021517,-0.000255,-0.001356,1.658595,0.157957,68.118313,-0.014311,68.104003,68.104003,20.000000,10.000000,10.000000,1,0,1,0,0.000000,0.083000,0.008000,0.001000,5.650000,0.106000,20.600000,0.021500,0.000000,0.000000,20.000000,10.000000,0
0.363000,0.360000,0.500000,0.057569,0.000000,0.057569,0.266094,0.000000,-0.266094,-0.268581,-1.574083,0.061667,0.043251,0.311832,1.928704,3.502787,-0.022086,-0.000265,-0.001371,1.761852,0.166853,72.157419,0.843114,73.000534,73.000534,20.000000,10.000000,10.000000,1,0,1,0,0.000000,0.083000,0.008000,0.001000,5.650000,0.106000,20.600000,0.021500,0.000000,0.000000,20.000000,10.000000,0
0.368000,0.360000,0.500000,0.059576,0.000000,0.059576,0.273020,0.000000,-0.273020,-0.268581,-1.574083,0.061667,0.042661,0.311242,1.925368,3.499451,-0.022661,-0.000276,-0.001385,1.758515,0.166853,72.088681,-0.014348,72.074333,72.074333,20.000000,10.000000,10.000000,1,0,1,0,0.000000,0.083000,0.008000,0.001000,5.650000,0.106000,20.600000,0.021500,0.000000,0.000000,20.000000,10.000000,0
0.373000,0.360000,0.500000,0.061616,0.000000,0.061616,0.280017,0.000000,-0.280017,-0.288441,-1.661297,0.061667,0.042068,0.330509,2.043473,3.704770,-0.023241,-0.000287,-0.001399,1.867376,0.176097,76.318262,0.882874,77.201135,77.201135,20.000000,10.000000,10.000000,1,0,1,0,0.000000,0.083000,0.008000,0.001000,5.650000,0.106000,20.600000,0.021500,0.000000,0.000000,20.000000,10.000000,0
0.378000,0.360000,0.500000,0.063705,0.000000,0.063705,0.287076,0.000000,-0.287076,-0.288441,-1.661297,0.061667,0.041474,0.329915,2.040118,3.701414,-0.023827,-0.000299,-0.001412,1.864020,0.176097,76.249136,-0.014429,76.234706,76.234706,20.000000,10.000000,10.000000,1,0,1,0,0.000000,0.083000,0.008000,0.001000,5.650000,0.106000,20.600000,0.021500,0.000000,0.000000,20.000000,10.000000,0
0.383000,0.360000,0.500000,0.065836,0.000000,0.065836,0.294192,0.000000,-0.294192,-0.309343,-1.751757,0.061667,0.040879,0.350221,2.164435,3.916193,-0.024418,-0.000311,-0.001423,1.978749,0.185686,80.673569,0.923547,81.597115,81.597115,20.000000,10.000000,10.000000,1,0,1,0,0.000000,0.083000,0.008000,0.001000,5.650000,0.106000,20.600000,0.021500,0.000000,0.000000,20.000000,10.000000,0
0.388000,0.360000,0.500000,0.067999,0.000000,0.067999,0.301365,0.000000,-0.301365,-0.309343,-1.751757,0.061667,0.040280,0.349623,2.161056,3.912813,-0.025013,-0.000323,-0.001435,1.975369,0.185686,80.603943,-0.014534,80.589409,80.589409,20.000000,10.000000,10.000000,1,0,1,0,0.000000,0.083000,0.008000,0.001000,5.650000,0.106000,20.600000,0.021500,0.000000,0.000000,20.000000,10.000000,0
0.393000,0.360000,0.500000,0.070212,0.000000,0.070212,0.308584,0.000000,-0.308584,-0.331296,-1.845539,0.061667,0.039680,0.370976,2.291641,4.137179,-0.025612,-0.000335,-0.001444,2.096014,0.195627,85.225895,0.964777,86.190672,86.190672,20.000000,10.000000,10.000000,1,0,1,0,0.000000,0.083000,0.008000,0.001000,5.650000,0.106000,20.600000,0.021500,0.000000,0.000000,20.000000,10.000000,0
0.402000,0.360000,0.500000,0.074749,0.000000,0.074749,0.323144,0.000000,-0.323144,-0.354345,-1.942622,0.061667,0.038999,0.393344,2.428314,4.370936,-0.026821,-0.000358,-0.001618,2.222396,0.205918,90.041282,0.558419,90.599701,90.599701,20.000000,10.000000,10.000000,1,0,1,0,0.000000,0.083000,0.008000,0.001000,5.650000,0.106000,20.600000,0.021500,0.000000,0.000000,20.000000,10.000000,0
0.407000,0.360000,0.500000,0.077081,0.000000,0.077081,0.330465,0.000000,-0.330465,-0.354345,-1.942622,0.061667,0.038339,0.392685,2.424587,4.367209,-0.027429,-0.000372,-0.001464,2.218669,0.205918,89.964512,-0.016025,89.948487,89.948487,20.000000,10.000000,10.000000,1,0,1,0,0.000000,0.083000,0.008000,0.001000,5.650000,0.106000,20.600000,0.021500,0.000000,0.000000,20.000000,10.000000,0
0.412000,0.360000,0.500000,0.079444,0.000000,0.079444,0.337807,0.000000,-0.337807,-0.378523,-2.042972,0.061667,0.037683,0.416206,2.568117,4.611089,-0.028038,-0.000385,-0.001468,2.351562,0.216555,94.988437,1.048683,96.037120,96.037120,20.000000,10.000000,10.000000,1,0,1,0,0.000000,0.083000,0.008000,0.001000,5.650000,0.106000,20.600000,0.021500,0.000000,0.000000,20.000000,10.000000,0
0.417000,0.360000,0.500000,0.081853,0.000000,0.081853,0.345156,0.000000,-0.345156,-0.378523,-2.042972,0.061667,0.037030,0.415552,2.564426,4.607398,-0.028648,-0.000399,-0.001470,2.347871,0.216555,94.912405,-0.015871,94.896534,94.896534,20.000000,10.000000,10.000000,1,0,1,0,0.000000,0.083000,0.008000,0.001000,5.650000,0.106000,20.600000,0.021500,0.000000,0.000000,20.000000,10.000000,0
0.422000,0.360000,0.500000,0.084290,0.000000,0.084290,0.352509,0.000000,-0.352509,-0.403859,-2.146534,0.061667,0.036379,0.440238,2.714878,4.861413,-0.029258,-0.000413,-0.001471,2.487345,0.227533,100.145098,1.092261,101.237359,101.237359,20.000000,10.000000,10.000000,1,0,1,0,0.000000,0.083000,0.008000,0.001000,5.650000,0.106000,20.600000,0.021500,0.000000,0.000000,20.000000,10.000000,0
0.427000,0.360000,0.500000,0.086773,0.000000,0.086773,0.359849,0.000000,-0.359849,-0.403859,-2.146534,0.061667,0.035732,0.439591,2.711220,4.857754,-0.029867,-0.000427,-0.001468,2.483687,0.227533,100.069736,-0.015731,100.054005,100.054005,20.000000,10.000000,10.000000,1,0,1,0,0.000000,0.083000,0.008000,0.001000,5.650000,0.106000,20.600000,0.021500,0.000000,0.000000,20.000000,10.000000,0
0.436000,0.360000,0.500000,0.091824,0.000000,0.091824,0.373997,0.000000,-0.373997,-0.430383,-2.253240,0.061667,0.035019,0.465401,2.868362,5.121602,-0.031042,-0.000454,-0.001572,2.629518,0.238843,105.505002,0.630303,106.135305,106.135305,20.000000,10.000000,10.000000,1,0,1,0,0.000000,0.083000,0.008000,0.001000,5.650000,0.106000,20.600000,0.021500,0.000000,0.000000,20.000000,10.000000,0
