attempt,attitude_velocity_recovery_s,config_source,controller,csv,expected_velocity_sign,fail_reason,fall_or_early_disable,final_position_residual_mm,force_direction_ok,height_end_m,initial_velocity_change_mps,pitch_peak_relative_deg,position_10mm_recovery_s,position_latch_count,position_peak_relative_mm,position_saturation_ratio_response,position_target_constant,position_target_lock_once_ok,position_target_span_mm,pre_pulse_position_mean_m,protocol_pulse_valid,protocol_reset_sent,protocol_startup_ready,protocol_valid,pulse_actual_duration,pulse_bridge_ready,pulse_clear_complete,pulse_clear_publish_count,pulse_completed,pulse_duration_s,pulse_end_sim_time,pulse_invalid_reason,pulse_marker_publish_count,pulse_pre_clear_complete,pulse_pulse_end_sim_time,pulse_pulse_start_sim_time,pulse_start_sim_time,pulse_wrench_publish_count,pulse_zero_marker_publish_count,retryable_protocol_error,steady_pitch_rms_deg,steady_velocity_rms_mps,target_final,target_initial,torque_peak_postpulse_1p5s_nm,torque_rms_postpulse_1p5s_nm,trial_tag,velocity_peak_mps
1,,/home/admin/bbot_ws_new/src/bbot_balance_controller/src/data_logs/position_torque_pid_tuning_v3/position_torque_cascade_pid_gains_frozen.yaml,position_pid,/home/admin/bbot_ws_new/src/bbot_balance_controller/src/data_logs/chapter42_formal_pid_gslqr_20260916/position_pid/pid_constant_h0.30_rep1.csv,,,False,-0.07499999999993623,,,,4.889793710984985,,1,510.834,,True,True,0.0,,True,True,True,True,,,,,,,,,,,,,,,,False,0.005781018654810421,0.000468233761857322,-0.510834,-0.510834,19.837054,,pid_constant_h0.30_rep1,
1,,/home/admin/bbot_ws_new/src/bbot_balance_controller/src/data_logs/position_torque_pid_tuning_v3/position_torque_cascade_pid_gains_frozen.yaml,position_pid,/home/admin/bbot_ws_new/src/bbot_balance_controller/src/data_logs/chapter42_formal_pid_gslqr_20260916/position_pid/pid_constant_h0.30_rep2.csv,,,False,-0.08500000000000174,,,,4.113321307023693,,1,456.248,,True,True,0.0,,True,True,True,True,,,,,,,,,,,,,,,,False,0.005782562733709336,0.0004652633808869389,-0.456229,-0.456229,16.119223,,pid_constant_h0.30_rep2,
1,,/home/admin/bbot_ws_new/src/bbot_balance_controller/src/data_logs/position_torque_pid_tuning_v3/position_torque_cascade_pid_gains_frozen.yaml,position_pid,/home/admin/bbot_ws_new/src/bbot_balance_controller/src/data_logs/chapter42_formal_pid_gslqr_20260916/position_pid/pid_constant_h0.30_rep3.csv,,,False,-0.07399999999996298,,,,3.6334691536016286,,1,410.204,,True,True,0.0,,True,True,True,True,,,,,,,,,,,,,,,,False,0.005853178623900424,0.00034757543527428236,-0.410133,-0.410133,11.965905,,pid_constant_h0.30_rep3,
1,,/home/admin/bbot_ws_new/src/bbot_balance_controller/src/data_logs/position_torque_pid_tuning_v3/position_torque_cascade_pid_gains_frozen.yaml,position_pid,/home/admin/bbot_ws_new/src/bbot_balance_controller/src/data_logs/chapter42_formal_pid_gslqr_20260916/position_pid/pid_constant_h0.40_rep1.csv,,,False,0.3009999999999957,,,,8.160752467607342,,1,497.162,,True,True,0.0,,True,True,True,True,,,,,,,,,,,,,,,,False,0.0040856241288015505,0.0005523560593533376,-0.497162,-0.497162,20.0,,pid_constant_h0.40_rep1,
1,,/home/admin/bbot_ws_new/src/bbot_balance_controller/src/data_logs/position_torque_pid_tuning_v3/position_torque_cascade_pid_gains_frozen.yaml,position_pid,/home/admin/bbot_ws_new/src/bbot_balance_controller/src/data_logs/chapter42_formal_pid_gslqr_20260916/position_pid/pid_constant_h0.40_rep2.csv,,,False,0.31400000000003647,,,,6.607406589228167,,1,587.589,,True,True,0.0,,True,True,True,True,,,,,,,,,,,,,,,,False,0.004087702811401389,0.0005493298589127755,-0.587589,-0.587589,20.0,,pid_constant_h0.40_rep2,
1,,/home/admin/bbot_ws_new/src/bbot_balance_controller/src/data_logs/position_torque_pid_tuning_v3/position_torque_cascade_pid_gains_frozen.yaml,position_pid,/home/admin/bbot_ws_new/src/bbot_balance_controller/src/data_logs/chapter42_formal_pid_gslqr_20260916/position_pid/pid_constant_h0.40_rep3.csv,,,False,0.3230000000000177,,,,3.618056588912609,,1,275.54900000000004,,False,False,275.529,,True,True,True,True,,,,,,,,,,,,,,,,False,0.004294796256850858,0.0002238741545092258,-0.275529,0.0,11.413851,,pid_constant_h0.40_rep3,
1,,/home/admin/bbot_ws_new/src/bbot_balance_controller/src/data_logs/position_torque_pid_tuning_v3/position_torque_cascade_pid_gains_frozen.yaml,position_pid,/home/admin/bbot_ws_new/src/bbot_balance_controller/src/data_logs/chapter42_formal_pid_gslqr_20260916/position_pid/pid_constant_h0.50_rep1.csv,,,False,0.26599999999998847,,,,3.6334691536016286,,1,336.98699999999997,,True,True,0.0,,True,True,True,True,,,,,,,,,,,,,,,,False,0.0029448052159559124,0.00022620133168949413,-0.336916,-0.336916,13.365749,,pid_constant_h0.50_rep1,
1,,/home/admin/bbot_ws_new/src/bbot_balance_controller/src/data_logs/position_torque_pid_tuning_v3/position_torque_cascade_pid_gains_frozen.yaml,position_pid,/home/admin/bbot_ws_new/src/bbot_balance_controller/src/data_logs/chapter42_formal_pid_gslqr_20260916/position_pid/pid_constant_h0.50_rep2.csv,,,False,0.2590000000000092,,,,3.6445845348271666,,1,329.15500000000003,,True,True,0.0,,True,True,True,True,,,,,,,,,,,,,,,,False,0.0029373960608885356,0.00023853207720534193,-0.329135,-0.329135,11.531501,,pid_constant_h0.50_rep2,
1,,/home/admin/bbot_ws_new/src/bbot_balance_controller/src/data_logs/position_torque_pid_tuning_v3/position_torque_cascade_pid_gains_frozen.yaml,position_pid,/home/admin/bbot_ws_new/src/bbot_balance_controller/src/data_logs/chapter42_formal_pid_gslqr_20260916/position_pid/pid_constant_h0.50_rep3.csv,,,False,0.3070000000000017,,,,4.023195045849615,,1,392.81100000000004,,True,True,0.0,,True,True,True,True,,,,,,,,,,,,,,,,False,0.0029157511609260497,0.0002783414013937695,-0.392811,-0.392811,16.430144,,pid_constant_h0.50_rep3,
1,,/home/admin/bbot_ws_new/src/bbot_balance_controller/src/data_logs/position_torque_pid_tuning_v3/position_torque_cascade_pid_gains_frozen.yaml,position_pid,/home/admin/bbot_ws_new/src/bbot_balance_controller/src/data_logs/chapter42_formal_pid_gslqr_20260916/position_pid/pid_lift_rep1.csv,,,False,3.581999999999974,,nan,,7.364169245036958,,1,529.242,,False,False,529.242,,True,True,True,True,,,,,,,,,,,,,,,,False,,,-0.529242,0.0,20.0,,pid_lift_rep1,
1,,/home/admin/bbot_ws_new/src/bbot_balance_controller/src/data_logs/position_torque_pid_tuning_v3/position_torque_cascade_pid_gains_frozen.yaml,position_pid,/home/admin/bbot_ws_new/src/bbot_balance_controller/src/data_logs/chapter42_formal_pid_gslqr_20260916/position_pid/pid_lift_rep2.csv,,,False,3.4929999999999684,,nan,,7.721465726080539,,1,529.945,,False,False,529.945,,True,True,True,True,,,,,,,,,,,,,,,,False,,,-0.529945,0.0,20.0,,pid_lift_rep2,
1,,/home/admin/bbot_ws_new/src/bbot_balance_controller/src/data_logs/position_torque_pid_tuning_v3/position_torque_cascade_pid_gains_frozen.yaml,position_pid,/home/admin/bbot_ws_new/src/bbot_balance_controller/src/data_logs/chapter42_formal_pid_gslqr_20260916/position_pid/pid_lift_rep3.csv,,,False,3.3079999999999776,,nan,,5.242048163431415,,1,525.675,,True,True,0.0,,True,True,True,True,,,,,,,,,,,,,,,,False,,,-0.525656,-0.525656,20.0,,pid_lift_rep3,
1,8.592,/home/admin/bbot_ws_new/src/bbot_balance_controller/src/data_logs/position_torque_pid_tuning_v3/position_torque_cascade_pid_gains_frozen.yaml,position_pid,/home/admin/bbot_ws_new/src/bbot_balance_controller/src/data_logs/chapter42_formal_pid_gslqr_20260916/position_pid/pid_push_h0.30_f+20_rep1.csv,1.0,,False,-19.70329366901144,True,,0.19204700000000002,1.921242078632677,nan,1,256.13066849315067,0.0,True,True,0.0,-0.3435806684931507,True,True,True,True,0.20000000000000107,True,True,10,True,0.20000000000000107,13.74,,200,True,13.74,13.54,13.54,1,1,False,,,-0.355885,-0.355885,1.878468,0.6095903099482084,pid_push_h0.30_f+20_rep1,0.295996
1,8.569,/home/admin/bbot_ws_new/src/bbot_balance_controller/src/data_logs/position_torque_pid_tuning_v3/position_torque_cascade_pid_gains_frozen.yaml,position_pid,/home/admin/bbot_ws_new/src/bbot_balance_controller/src/data_logs/chapter42_formal_pid_gslqr_20260916/position_pid/pid_push_h0.30_f+20_rep2.csv,1.0,,False,-21.08698492997198,True,,0.189005,1.916429233153578,nan,1,254.9738179271709,0.0,True,True,0.0,-0.2847158179271709,True,True,True,True,0.20000000000000107,True,True,10,True,0.20000000000000107,14.06,,200,True,14.06,13.86,13.86,1,1,False,,,-0.29817,-0.29817,1.839578,0.6094735632722932,pid_push_h0.30_f+20_rep2,0.294834
1,8.633000000000001,/home/admin/bbot_ws_new/src/bbot_balance_controller/src/data_logs/position_torque_pid_tuning_v3/position_torque_cascade_pid_gains_frozen.yaml,position_pid,/home/admin/bbot_ws_new/src/bbot_balance_controller/src/data_logs/chapter42_formal_pid_gslqr_20260916/position_pid/pid_push_h0.30_f+20_rep3.csv,1.0,,False,-19.836883090173394,True,,0.19523800000000002,1.9645576879445672,nan,1,261.6852849315068,0.0,True,True,0.0,-0.3417712849315068,True,True,True,True,0.1999999999999993,True,True,10,True,0.1999999999999993,13.812,,200,True,13.812,13.612,13.612,1,1,False,,,-0.354077,-0.354077,1.874841,0.6142798212777774,pid_push_h0.30_f+20_rep3,0.301689
1,8.683,/home/admin/bbot_ws_new/src/bbot_balance_controller/src/data_logs/position_torque_pid_tuning_v3/position_torque_cascade_pid_gains_frozen.yaml,position_pid,/home/admin/bbot_ws_new/src/bbot_balance_controller/src/data_logs/chapter42_formal_pid_gslqr_20260916/position_pid/pid_push_h0.30_f-20_rep1.csv,-1.0,,False,0.6529421647317002,True,,-0.1927335,1.907834866226615,14.747,1,260.83677445652177,0.0,False,False,543.8770000000001,-0.5332292255434783,True,True,True,True,0.1999999999999993,True,True,10,True,0.1999999999999993,19.958,,200,True,19.958,19.758,19.758,1,1,False,,,-0.543877,0.0,1.924237,0.6122065828024333,pid_push_h0.30_f-20_rep1,0.296759
1,8.685000000000002,/home/admin/bbot_ws_new/src/bbot_balance_controller/src/data_logs/position_torque_pid_tuning_v3/position_torque_cascade_pid_gains_frozen.yaml,position_pid,/home/admin/bbot_ws_new/src/bbot_balance_controller/src/data_logs/chapter42_formal_pid_gslqr_20260916/position_pid/pid_push_h0.30_f-20_rep2.csv,-1.0,,False,-0.3007507108162357,True,,-0.188933,1.910126697407138,9.948,1,261.02148913043476,0.0,False,False,424.712,-0.41346751086956524,True,True,True,True,0.1999999999999993,True,True,10,True,0.1999999999999993,19.653,,200,True,19.653,19.453,19.453,1,1,False,,,-0.424712,0.0,1.82661,0.6055706568870691,pid_push_h0.30_f-20_rep2,0.298019
1,8.7,/home/admin/bbot_ws_new/src/bbot_balance_controller/src/data_logs/position_torque_pid_tuning_v3/position_torque_cascade_pid_gains_frozen.yaml,position_pid,/home/admin/bbot_ws_new/src/bbot_balance_controller/src/data_logs/chapter42_formal_pid_gslqr_20260916/position_pid/pid_push_h0.30_f-20_rep3.csv,-1.0,,False,-1.1430708446867857,True,,-0.19112900000000002,1.9200388672629016,9.934999999999999,1,262.6983079019075,0.0,False,False,535.843,-0.5241776920980925,True,True,True,True,0.1999999999999993,True,True,10,True,0.1999999999999993,19.364,,200,True,19.364,19.164,19.164,1,1,False,,,-0.535843,0.0,1.917909,0.6137584573730139,pid_push_h0.30_f-20_rep3,0.298936
1,5.067,/home/admin/bbot_ws_new/src/bbot_balance_controller/src/data_logs/position_torque_pid_tuning_v3/position_torque_cascade_pid_gains_frozen.yaml,position_pid,/home/admin/bbot_ws_new/src/bbot_balance_controller/src/data_logs/chapter42_formal_pid_gslqr_20260916/position_pid/pid_push_h0.40_f+20_rep1.csv,1.0,,False,-21.60059210732604,True,,0.1792765,2.111005700380005,nan,1,241.5977520661157,0.0,True,True,0.0,-0.4038967520661157,True,True,True,True,0.1999999999999993,True,True,10,True,0.1999999999999993,13.863,,200,True,13.863,13.663,13.663,1,1,False,,,-0.418246,-0.418246,2.034768,0.6451095823029197,pid_push_h0.40_f+20_rep1,0.314057
1,5.078000000000003,/home/admin/bbot_ws_new/src/bbot_balance_controller/src/data_logs/position_torque_pid_tuning_v3/position_torque_cascade_pid_gains_frozen.yaml,position_pid,/home/admin/bbot_ws_new/src/bbot_balance_controller/src/data_logs/chapter42_formal_pid_gslqr_20260916/position_pid/pid_push_h0.40_f+20_rep2.csv,1.0,,False,-28.621590586532626,True,,0.177161,2.1259598988329196,nan,1,243.4755367847411,0.0,True,True,0.0,-0.6036685367847411,True,True,True,True,0.1999999999999993,True,True,10,True,0.1999999999999993,16.339,,200,True,16.339,16.139,16.139,1,1,False,,,-0.622832,-0.622832,2.006912,0.6384980407596964,pid_push_h0.40_f+20_rep2,0.315089
1,5.073,/home/admin/bbot_ws_new/src/bbot_balance_controller/src/data_logs/position_torque_pid_tuning_v3/position_torque_cascade_pid_gains_frozen.yaml,position_pid,/home/admin/bbot_ws_new/src/bbot_balance_controller/src/data_logs/chapter42_formal_pid_gslqr_20260916/position_pid/pid_push_h0.40_f+20_rep3.csv,1.0,,False,-24.875545751392043,True,,0.18120950000000002,2.132548913476924,nan,1,243.95816348773837,0.0,True,True,0.0,-0.4652731634877384,True,True,True,True,0.20000000000000107,True,True,10,True,0.20000000000000107,13.823,,200,True,13.823,13.623,13.623,1,1,False,,,-0.482686,-0.482686,1.993291,0.649693803258875,pid_push_h0.40_f+20_rep3,0.316979
1,5.0169999999999995,/home/admin/bbot_ws_new/src/bbot_balance_controller/src/data_logs/position_torque_pid_tuning_v3/position_torque_cascade_pid_gains_frozen.yaml,position_pid,/home/admin/bbot_ws_new/src/bbot_balance_controller/src/data_logs/chapter42_formal_pid_gslqr_20260916/position_pid/pid_push_h0.40_f-20_rep1.csv,-1.0,,False,-13.419038384077636,True,,-0.1733,2.1182249685986534,9.913999999999998,1,251.72391304347812,0.0,True,True,0.0,-0.4499670869565218,True,True,True,True,0.20000000000000107,True,True,10,True,0.20000000000000107,13.759,,200,True,13.759,13.559,13.559,1,1,False,,,-0.469615,-0.469615,2.052991,0.6465536257937944,pid_push_h0.40_f-20_rep1,0.317111
1,5.013999999999999,/home/admin/bbot_ws_new/src/bbot_balance_controller/src/data_logs/position_torque_pid_tuning_v3/position_torque_cascade_pid_gains_frozen.yaml,position_pid,/home/admin/bbot_ws_new/src/bbot_balance_controller/src/data_logs/chapter42_formal_pid_gslqr_20260916/position_pid/pid_push_h0.40_f-20_rep2.csv,-1.0,,False,-16.596775026655603,True,,-0.170113,2.0945045158802373,9.425999999999998,1,249.6972098092643,0.0,True,True,0.0,-0.4841487901907357,True,True,True,True,0.20000000000000107,True,True,10,True,0.20000000000000107,13.96,,200,True,13.96,13.76,13.76,1,1,False,,,-0.506899,-0.506899,2.07111,0.6452649431123458,pid_push_h0.40_f-20_rep2,0.315062
1,5.026999999999999,/home/admin/bbot_ws_new/src/bbot_balance_controller/src/data_logs/position_torque_pid_tuning_v3/position_torque_cascade_pid_gains_frozen.yaml,position_pid,/home/admin/bbot_ws_new/src/bbot_balance_controller/src/data_logs/chapter42_formal_pid_gslqr_20260916/position_pid/pid_push_h0.40_f-20_rep3.csv,-1.0,,False,-8.228366435477021,True,,-0.177656,2.114386151371277,12.045,1,250.63655769230763,0.0,True,True,0.0,-0.4037144423076924,True,True,True,True,0.1999999999999993,True,True,10,True,0.1999999999999993,13.667,,200,True,13.667,13.467,13.467,1,1,False,,,-0.418197,-0.418197,1.957543,0.6449322990060068,pid_push_h0.40_f-20_rep3,0.317694
1,4.827000000000002,/home/admin/bbot_ws_new/src/bbot_balance_controller/src/data_logs/position_torque_pid_tuning_v3/position_torque_cascade_pid_gains_frozen.yaml,position_pid,/home/admin/bbot_ws_new/src/bbot_balance_controller/src/data_logs/chapter42_formal_pid_gslqr_20260916/position_pid/pid_push_h0.50_f+20_rep1.csv,1.0,,False,-18.80952144295694,True,,0.16223500000000002,2.323859521271106,nan,1,230.52410899182567,0.0,True,True,0.0,-0.36658510899182567,True,True,True,True,0.1999999999999993,True,True,10,True,0.1999999999999993,13.398,,200,True,13.398,13.198,13.198,1,1,False,,,-0.378502,-0.378502,2.023772,0.6772945523955618,pid_push_h0.50_f+20_rep1,0.332895
1,4.829000000000001,/home/admin/bbot_ws_new/src/bbot_balance_controller/src/data_logs/position_torque_pid_tuning_v3/position_torque_cascade_pid_gains_frozen.yaml,position_pid,/home/admin/bbot_ws_new/src/bbot_balance_controller/src/data_logs/chapter42_formal_pid_gslqr_20260916/position_pid/pid_push_h0.50_f+20_rep2.csv,1.0,,False,-17.519436665390575,True,,0.1646,2.3381834661493763,nan,1,231.78568595041324,0.0,True,True,0.0,-0.18563368595041324,True,True,True,True,0.1999999999999993,True,True,10,True,0.1999999999999993,13.218,,200,True,13.218,13.018,13.018,1,1,False,,,-0.196348,-0.196348,2.118405,0.685270010024622,pid_push_h0.50_f+20_rep2,0.335387
1,4.8409999999999975,/home/admin/bbot_ws_new/src/bbot_balance_controller/src/data_logs/position_torque_pid_tuning_v3/position_torque_cascade_pid_gains_frozen.yaml,position_pid,/home/admin/bbot_ws_new/src/bbot_balance_controller/src/data_logs/chapter42_formal_pid_gslqr_20260916/position_pid/pid_push_h0.50_f+20_rep3.csv,1.0,,False,-24.694787947824505,True,,0.161606,2.322656309901331,nan,1,229.6380494505495,0.0,False,False,498.462,-0.4821180494505495,True,True,True,True,0.20000000000000107,True,True,10,True,0.20000000000000107,16.114,,200,True,16.114,15.914,15.914,1,1,False,,,-0.498462,0.0,2.115145,0.6807534235687144,pid_push_h0.50_f+20_rep3,0.332752
1,4.785,/home/admin/bbot_ws_new/src/bbot_balance_controller/src/data_logs/position_torque_pid_tuning_v3/position_torque_cascade_pid_gains_frozen.yaml,position_pid,/home/admin/bbot_ws_new/src/bbot_balance_controller/src/data_logs/chapter42_formal_pid_gslqr_20260916/position_pid/pid_push_h0.50_f-20_rep1.csv,-1.0,,False,-9.643497689522684,True,,-0.16170849999999998,2.3421941707152922,11.149000000000001,1,239.63432602739732,0.0,False,False,464.048,-0.44669867397260266,True,True,True,True,0.1999999999999993,True,True,10,True,0.1999999999999993,15.148,,200,True,15.148,14.948,14.948,1,1,False,,,-0.464048,0.0,2.084107,0.690469389254941,pid_push_h0.50_f-20_rep1,0.339077
1,4.789,/home/admin/bbot_ws_new/src/bbot_balance_controller/src/data_logs/position_torque_pid_tuning_v3/position_torque_cascade_pid_gains_frozen.yaml,position_pid,/home/admin/bbot_ws_new/src/bbot_balance_controller/src/data_logs/chapter42_formal_pid_gslqr_20260916/position_pid/pid_push_h0.50_f-20_rep2.csv,-1.0,,False,-12.498752702542136,True,,-0.160857,2.3530803688227784,10.682,1,241.37125543478254,0.0,True,True,0.0,-0.4998907445652174,True,True,True,True,0.20000000000000107,True,True,10,True,0.20000000000000107,13.557,,200,True,13.557,13.357,13.357,1,1,False,,,-0.518922,-0.518922,2.034934,0.6901031888224698,pid_push_h0.50_f-20_rep2,0.340382
1,4.756999999999998,/home/admin/bbot_ws_new/src/bbot_balance_controller/src/data_logs/position_torque_pid_tuning_v3/position_torque_cascade_pid_gains_frozen.yaml,position_pid,/home/admin/bbot_ws_new/src/bbot_balance_controller/src/data_logs/chapter42_formal_pid_gslqr_20260916/position_pid/pid_push_h0.50_f-20_rep3.csv,-1.0,,False,-15.806684853678604,True,,-0.16130850000000002,2.3048373224727623,9.785,1,236.9007808988764,0.0,True,True,0.0,-0.46252721910112365,True,True,True,True,0.20000000000000107,True,True,10,True,0.20000000000000107,13.707,,200,True,13.707,13.507,13.507,1,1,False,,,-0.484633,-0.484633,2.047679,0.6889411371463552,pid_push_h0.50_f-20_rep3,0.333993
