job,height,gain_mode,force,n,n_fail,validity,final_position_drift_mm_mean,final_position_drift_mm_std,force_mean,force_std,max_pitch_err_deg_mean,max_pitch_err_deg_std,max_position_drift_mm_mean,max_position_drift_mm_std,max_x_err_mm_mean,max_x_err_mm_std,peak_u_mean,peak_u_std,pitch_rms_deg_mean,pitch_rms_deg_std,ss_x_err_mean_mean,ss_x_err_mean_std,ss_x_err_std_mean,ss_x_err_std_std,u_rms_mean,u_rms_std,expected_velocity_sign_mean,expected_velocity_sign_std,initial_velocity_change_mps_mean,initial_velocity_change_mps_std,peak_pitch_abs_deg_mean,peak_pitch_abs_deg_std,peak_velocity_mps_mean,peak_velocity_mps_std,pulse_onset_s_mean,pulse_onset_s_std,recovery_pos_s_mean,recovery_pos_s_std,recovery_s_mean,recovery_s_std,ramp_max_x_err_mm_mean,ramp_max_x_err_mm_std,ramp_peak_u_mean,ramp_peak_u_std,ramp_pitch_rms_deg_mean,ramp_pitch_rms_deg_std
startup_validation,0.3,scheduled,0,3,0,valid_paused_startup,-0.46138,2.17255,0,0,9.56639,1.60372,387.935,88.7052,253.549,126.083,20,0,0.00831752,0.00148073,-10.8196,8.79151,8.55234,5.46992,0.0059099,0.00377728,,,,,,,,,,,,,,,,,,,,
push,0.3,fixed_midpoint,-20,3,0,valid_exact_once_pulse_and_response,2.52593,0.158154,-20,0,3.00945,0.039012,147.827,1.16118,124.841,1.28969,2.69131,0.268433,,,,,,,,,-1,0,-0.265587,0.00311386,3.00945,0.039012,0.299356,0.0030176,17.9333,4.3575,16.8313,0.0662294,16.8313,0.0662294,,,,,,
push,0.3,fixed_midpoint,20,3,0,valid_exact_once_pulse_and_response,4.74173,0.106106,20,0,3.05944,0.0342968,158.522,3.24628,134.998,2.88898,2.65029,0.584019,,,,,,,,,1,0,0.270743,0.00625677,3.05944,0.0342968,0.304393,0.00214222,18.2887,0.516132,21.511,0.147347,21.511,0.147347,,,,,,
push,0.3,scheduled,-20,3,0,valid_exact_once_pulse_and_response,2.12563,0.186353,-20,0,3.33344,0.0124122,139.685,0.447376,113.379,0.516373,2.4826,0.121354,,,,,,,,,-1,0,-0.267491,0.00195747,3.33344,0.0124122,0.306224,0.00260067,16.3953,2.09981,16.3027,0.0263122,16.3027,0.0263122,,,,,,
push,0.3,scheduled,20,3,0,valid_exact_once_pulse_and_response,3.87333,0.107358,20,0,3.34615,0.00386194,146.768,1.06652,120.256,1.00605,2.41223,0.123905,,,,,,,,,1,0,0.26986,0.00117223,3.34615,0.00386194,0.306304,0.000109098,15.077,1.68046,20.4173,0.0558689,20.4173,0.0558689,,,,,,
push,0.4,fixed_midpoint,-20,3,0,valid_exact_once_pulse_and_response,1.51643,0.402558,-20,0,3.15389,0.0225468,150.283,1.05655,123.771,0.870472,2.72968,0.148389,,,,,,,,,-1,0,-0.282523,0.00196838,3.15389,0.0225468,0.325471,0.00146859,17.047,2.82075,17.249,0.0510686,17.249,0.0510686,,,,,,
push,0.4,fixed_midpoint,20,3,0,valid_exact_once_pulse_and_response,3.2768,0.336533,20,0,3.14917,0.0113832,156.293,0.69031,129.691,0.594687,2.61145,0.116175,,,,,,,,,1,0,0.284732,0.00152874,3.14917,0.0113832,0.324204,0.00106264,16.3367,1.36804,20.5553,0.0234592,20.5553,0.0234592,,,,,,
push,0.4,scheduled,-20,3,0,valid_exact_once_pulse_and_response,1.43723,0.280114,-20,0,3.12825,0.0155665,149.987,0.444495,123.656,0.361713,2.4492,0.150043,,,,,,,,,-1,0,-0.284582,0.0026362,3.12825,0.0155665,0.322357,0.00104103,16.2067,1.59805,17.243,0.0165227,17.243,0.0165227,,,,,,
push,0.4,scheduled,20,3,0,valid_exact_once_pulse_and_response,3.2696,0.12842,20,0,3.14341,0.00534736,156.137,1.4919,129.49,1.37357,2.63268,0.155646,,,,,,,,,1,0,0.283888,0.00222452,3.14341,0.00534736,0.324094,0.00119461,15.7553,1.44374,20.542,0.0717147,20.542,0.0717147,,,,,,
push,0.5,fixed_midpoint,-20,3,0,valid_exact_once_pulse_and_response,0.652,0.174631,-20,0,3.34944,0.00327603,152.27,0.276914,121.876,0.281856,2.77321,0.0460455,,,,,,,,,-1,0,-0.302684,0.000419833,3.34944,0.00327603,0.344734,0.00116488,16.2247,2.3703,17.6137,0.0170098,17.6137,0.0170098,,,,,,
push,0.5,fixed_midpoint,20,3,0,valid_exact_once_pulse_and_response,2.71823,0.156069,20,0,3.33983,0.0220704,156.593,0.985136,126.102,0.958082,2.79335,0.269708,,,,,,,,,1,0,0.303278,0.0046272,3.33983,0.0220704,0.343272,0.00436596,15.215,0.791533,19.8893,0.0535755,19.8893,0.0535755,,,,,,
push,0.5,scheduled,-20,3,0,valid_exact_once_pulse_and_response,0.6763,0.497786,-20,0,3.00906,0.0700538,162.695,4.38913,135.871,3.76838,2.78942,0.189281,,,,,,,,,-1,0,-0.30296,0.00606959,3.00906,0.0700538,0.342666,0.00628054,16.8027,0.917051,18.2317,0.186243,18.2317,0.186243,,,,,,
push,0.5,scheduled,20,3,0,valid_exact_once_pulse_and_response,2.9032,0.125182,20,0,2.95992,0.010224,164.912,0.661864,138.462,0.578787,2.72366,0.0459579,,,,,,,,,1,0,0.296836,0.00137562,2.95992,0.010224,0.33576,0.00154104,17.0653,1.91782,20.601,0.0295973,20.601,0.0295973,,,,,,
constant,0.3,fixed_midpoint,0,1,0,valid_static_or_lift,,,0,0,0.0824945,0,,,3.23763,0,0.248099,0,0.00605069,0,3.23309,0,0.00385139,0,2.66245e-06,0,,,,,,,,,,,,,,,,,,,,
constant,0.3,scheduled,0,1,0,valid_static_or_lift,,,0,0,0.0822,0,,,2.93631,0,0.216367,0,0.00605132,0,2.9288,0,0.00637635,0,4.40436e-06,0,,,,,,,,,,,,,,,,,,,,
constant,0.35,fixed_midpoint,0,1,0,valid_static_or_lift,,,0,0,0.15058,0,,,4.31166,0,0.471171,0,0.00519734,0,2.80622,0,0.0134285,0,9.27672e-06,0,,,,,,,,,,,,,,,,,,,,
constant,0.35,scheduled,0,1,0,valid_static_or_lift,,,0,0,0.106506,0,,,2.79275,0,0.31189,0,0.00520004,0,2.66114,0,0.00238316,0,1.64607e-06,0,,,,,,,,,,,,,,,,,,,,
constant,0.4,fixed_midpoint,0,1,0,valid_static_or_lift,,,0,0,0.106819,0,,,3.05,0,0.334697,0,0.00442956,0,2.38474,0,0.00745639,0,5.1502e-06,0,,,,,,,,,,,,,,,,,,,,
constant,0.4,scheduled,0,1,0,valid_static_or_lift,,,0,0,0.184394,0,,,5.05374,0,0.598027,0,0.00442211,0,2.43484,0,0.0385708,0,2.66423e-05,0,,,,,,,,,,,,,,,,,,,,
constant,0.45,fixed_midpoint,0,1,0,valid_static_or_lift,,,0,0,0.0738084,0,,,2.07404,0,0.228246,0,0.00372915,0,1.99835,0,0.000923157,0,6.37475e-07,0,,,,,,,,,,,,,,,,,,,,
constant,0.45,scheduled,0,1,0,valid_static_or_lift,,,0,0,0.280743,0,,,8.01171,0,0.958612,0,0.00372369,0,2.12465,0,0.0241187,0,1.66549e-05,0,,,,,,,,,,,,,,,,,,,,
constant,0.5,fixed_midpoint,0,1,0,valid_static_or_lift,,,0,0,0.334065,0,,,8.36082,0,1.10014,0,0.00303982,0,1.79616,0,0.0969375,0,6.69283e-05,0,,,,,,,,,,,,,,,,,,,,
constant,0.5,scheduled,0,1,0,valid_static_or_lift,,,0,0,0.128026,0,,,4.09686,0,0.463076,0,0.00305462,0,1.83692,0,0.0328485,0,2.26841e-05,0,,,,,,,,,,,,,,,,,,,,
lift,,fixed_midpoint,0,3,0,valid_static_or_lift,,,0,0,0.214717,0.0489908,,,28.5244,0.256259,0.638609,0.193696,,,,,,,,,,,,,,,,,,,,,2.90967,4.62454,24.0884,0.292717,0.0916434,0.000889028,0.062482,0.000172801
lift,,scheduled,0,3,0,valid_static_or_lift,,,0,0,0.191169,0.0206666,,,28.9232,0.158567,0.456184,0.179583,,,,,,,,,,,,,,,,,,,,,6.05933,5.46675,23.2993,0.179943,0.0904867,0.00554877,0.0625157,0.000100834
