time,hip_axle_height,base_link_height,height_rate,x,x_ref,x_error,x_dot,pitch,pitch_rate,theta_eq_nominal,theta_eq_adaptive,theta_error,experiment_mode,injected_com_y_bias,theta_eq_true,com_y_true,com_y_used,nominal_com_z,delta_y_true,delta_y_applied,delta_y_obs,filtered_delta_y_obs,delta_y_hat,delta_y_step,filtered_x_error,filtered_x_dot,correction_error,observation_valid,gate_open,adapt_enabled,adapt_update_paused,window_progress,window_position_range,cooldown_remaining,adapt_state,delta_y_target,delta_y_apply_rate,filtered_x_accel,observation_window_range,capture_progress,verify_progress,target_updated,u_raw,u_model,tau_each
0.013,0.36,0.5,0,-0,0,-0,1.56112e-28,-1.16659e-19,-7.89719e-18,0.0616672,0.0616672,-0.0616672,0,0,0.0616672,-0.0253264,-0.0253264,0.410174,-0,0,0.0253264,0.0253264,0,0,-0,1.56112e-28,0,1,0,0,0,0,0,0,0,0,0,0,0,0,0,0,-10.6086,-10.6086,5.3043
0.018,0.36,0.5,0,7.80561e-31,0,7.80561e-31,1.56112e-28,-1.16659e-19,-7.89719e-18,0.0616672,0.0616672,-0.0616672,0,0,0.0616672,-0.0253264,-0.0253264,0.410174,-0,0,0.0253264,0.0253264,0,0,7.76671e-33,1.56112e-28,0,1,0,0,0,0,0,0,0,0,0,0,0,0,0,0,-10.6086,-10.6086,5.3043
0.022,0.36,0.5,0,1.56112e-30,0,1.56112e-30,1.56112e-28,-4.64384e-19,-1.49216e-17,0.0616672,0.0616672,-0.0616672,0,0,0.0616672,-0.0253264,-0.0253264,0.410174,-0,0,0.0253264,0.0253264,0,0,2.0144e-32,1.56112e-28,0,1,0,0,0,0,0,0,0,0,0,0,0,0,0,0,-10.6086,-10.6086,5.3043
0.027,0.36,0.5,0,2.34168e-30,0,2.34168e-30,1.56112e-28,-4.64384e-19,-1.49216e-17,0.0616672,0.0616672,-0.0616672,0,0,0.0616672,-0.0253264,-0.0253264,0.410174,-0,0,0.0253264,0.0253264,0,0,4.32437e-32,1.56112e-28,0,1,0,0,0,0,0,0,0,0,0,0,0,0,0,0,-10.6086,-10.6086,5.3043
0.032,0.36,0.5,0,3.12224e-30,0,3.12224e-30,1.56112e-28,-1.04093e-18,-2.48737e-17,0.0616672,0.0616672,-0.0616672,0,0,0.0616672,-0.0253264,-0.0253264,0.410174,-0,0,0.0253264,0.0253264,0,0,7.38802e-32,1.56112e-28,0,1,0,0,0,0,0,0,0,0,0,0,0,0,0,0,-10.6086,-10.6086,5.3043
0.037,0.36,0.5,0,2.09916e-13,0,2.09916e-13,-1.90073e-12,-1.04093e-18,-2.48737e-17,0.0616672,0.0616672,-0.0616672,0,0,0.0616672,-0.0253264,-0.0253264,0.410174,-0,0,0.0253264,0.0253264,0,0,1.67263e-15,-1.51452e-14,0,1,0,0,0,0,0,0,0,0,0,-1.48463e-13,0,0,0,0,-10.6086,-10.6086,5.3043
0.041,0.36,0.5,0,1.39855e-13,0,1.39855e-13,-1.63069e-12,0.000642101,-0.0115605,0.0616672,0.0616672,-0.0610251,0,0,0.0616672,-0.0253264,-0.0253264,0.410174,-0,0,0.025063,0.0253238,0,0,3.04757e-15,-3.12201e-14,0,1,0,0,0,0,0,0,0,0,0,-2.98019e-13,0,0,0,0,-10.9644,-10.9644,5.48218
0.046,0.36,0.5,0,1.92785e-05,0,1.92785e-05,0.00032021,0.000642101,-0.0115605,0.0616672,0.0616672,-0.0610251,0,0,0.0616672,-0.0253264,-0.0253264,0.410174,-0,0,0.025063,0.0253212,0,0,1.91824e-07,3.18615e-06,0,1,0,0,0,0,0,0,0,0,0,3.1078e-05,0,0,0,0,-10.9501,-10.9501,5.47505
0.051,0.36,0.5,0,7.00977e-05,0,7.00977e-05,0.000936698,-0.000212312,-0.0293839,0.0616672,0.0616672,-0.0618795,0,0,0.0616672,-0.0253264,-0.0253264,0.410174,-0,0,0.0254135,0.0253221,0,0,8.874e-07,1.24747e-05,0,1,0,0,0,0,0,0,0,0,0,0.000120164,0,0,0,0,-11.7883,-11.7883,5.89417
0.056,0.36,0.5,0,7.00977e-05,0,7.00977e-05,0.000936698,-0.000212312,-0.0293839,0.0616672,0.0616672,-0.0618795,0,0,0.0616672,-0.0253264,-0.0253264,0.410174,-0,0,0.0254135,0.025323,0,0,1.57605e-06,2.16709e-05,0,1,0,0,0,0,0,0,0,0,0,0.000204005,0,0,0,0,-11.7883,-11.7883,5.89417
0.06,0.36,0.5,0,0.000142017,0,0.000142017,0.00173162,-0.00165999,-0.0548586,0.0616672,0.0616672,-0.0633272,0,0,0.0616672,-0.0253264,-0.0253264,0.410174,-0,0,0.0260073,0.0253285,0,0,2.6951e-06,3.5296e-05,0,1,0,0,0,0,0,0,0,0,0,0.000329567,0,0,0,0,-13.0292,-13.0292,6.51459
0.065,0.36,0.5,0,0.000245269,0,0.000245269,0.00279732,-0.00165999,-0.0548586,0.0616672,0.0616672,-0.0633272,0,0,0.0616672,-0.0253264,-0.0253264,0.410174,-0,0,0.0260073,0.0253352,0,0,5.10875e-06,6.27786e-05,0,1,0,0,0,0,0,0,0,0,0,0.000581562,0,0,0,0,-12.9815,-12.9815,6.49074
0.07,0.36,0.5,0,0.000379072,0,0.000379072,0.00411267,-0.00165999,-0.0548586,0.0616672,0.0616672,-0.0633272,0,0,0.0616672,-0.0253264,-0.0253264,0.410174,-0,0,0.0260073,0.0253419,0,0,8.82975e-06,0.000103076,0,1,0,0,0,0,0,0,0,0,0,0.000946261,0,0,0,0,-12.9226,-12.9226,6.46128
0.075,0.36,0.5,0,0.000542714,0,0.000542714,0.00565828,-0.00350825,-0.0830543,0.0616672,0.0616672,-0.0651755,0,0,0.0616672,-0.0253264,-0.0253264,0.410174,-0,0,0.0267654,0.0253561,0,0,1.4142e-05,0.000158351,0,1,0,0,0,0,0,0,0,0,0,0.00143927,0,0,0,0,-14.3084,-14.3084,7.15418
0.079,0.36,0.5,0,0.000735548,0,0.000735548,0.00741642,-0.00350825,-0.0830543,0.0616672,0.0616672,-0.0651755,0,0,0.0616672,-0.0253264,-0.0253264,0.410174,-0,0,0.0267654,0.0253673,0,0,1.98902e-05,0.000216184,0,1,0,0,0,0,0,0,0,0,0,0.00194975,0,0,0,0,-14.2295,-14.2295,7.11476
0.084,0.36,0.5,0,0.000956991,0,0.000956991,0.00937083,-0.00575443,-0.113423,0.0616672,0.0616672,-0.0674217,0,0,0.0616672,-0.0253264,-0.0253264,0.410174,-0,0,0.0276867,0.0253904,0,0,2.92145e-05,0.000307274,0,1,0,0,0,0,0,0,0,0,0,0.00274317,0,0,0,0,-15.753,-15.753,7.87649
0.089,0.36,0.5,0,0.00120652,0,0.00120652,0.0115067,-0.00575443,-0.113423,0.0616672,0.0616672,-0.0674217,0,0,0.0616672,-0.0253264,-0.0253264,0.410174,-0,0,0.0276867,0.0254132,0,0,4.09289e-05,0.00041871,0,1,0,0,0,0,0,0,0,0,0,0.00369634,0,0,0,0,-15.6571,-15.6571,7.82856
0.094,0.36,0.5,0,0.00148367,0,0.00148367,0.0138105,-0.00839766,-0.145553,0.0616672,0.0616672,-0.0700649,0,0,0.0616672,-0.0253264,-0.0253264,0.410174,-0,0,0.028771,0.0254466,0,0,5.52844e-05,0.00055196,0,1,0,0,0,0,0,0,0,0,0,0.00481581,0,0,0,0,-17.3042,-17.3042,8.65208
0.099,0.36,0.5,0,0.00178803,0,0.00178803,0.0162698,-0.00839766,-0.145553,0.0616672,0.0616672,-0.0700649,0,0,0.0616672,-0.0253264,-0.0253264,0.410174,-0,0,0.028771,0.0254797,0,0,7.25255e-05,0.000708356,0,1,0,0,0,0,0,0,0,0,0,0.00610644,0,0,0,0,-17.1937,-17.1937,8.59684
0.103,0.36,0.5,0,0.00211924,0,0.00211924,0.0188736,-0.0114388,-0.179144,0.0616672,0.0616672,-0.073106,0,0,0.0616672,-0.0253264,-0.0253264,0.410174,-0,0,0.0300185,0.0255159,0,0,8.88339e-05,0.000853098,0,1,0,0,0,0,0,0,0,0,0,0.00728586,0,0,0,0,-18.9545,-18.9545,9.47727
0.108,0.36,0.5,0,0.002477,0,0.002477,0.0216117,-0.0114388,-0.179144,0.0616672,0.0616672,-0.073106,0,0,0.0616672,-0.0253264,-0.0253264,0.410174,-0,0,0.0300185,0.0255607,0,0,0.000112597,0.00105965,0,1,0,0,0,0,0,0,0,0,0,0.00894526,0,0,0,0,-18.8314,-18.8314,9.41572
0.113,0.36,0.5,0,0.00286104,0,0.00286104,0.024475,-0.0148806,-0.213988,0.0616672,0.0616672,-0.0765478,0,0,0.0616672,-0.0253264,-0.0253264,0.410174,-0,0,0.0314305,0.0256191,0,0,0.000139944,0.00129264,0,1,0,0,0,0,0,0,0,0,0,0.0107816,0,0,0,0,-20.6999,-20,10
0.118,0.36,0.5,0,0.00327115,0,0.00327115,0.0274551,-0.0148806,-0.213988,0.0616672,0.0616672,-0.0765478,0,0,0.0616672,-0.0253264,-0.0253264,0.410174,-0,0,0.0314305,0.0256769,0,0,0.0001711,0.00155296,0,1,0,0,0,0,0,0,0,0,0,0.0127949,0,0,0,0,-20.5658,-20,10
0.123,0.36,0.5,0,0.00370716,0,0.00370716,0.0305448,-0.0187274,-0.249948,0.0616672,0.0616672,-0.0803946,0,0,0.0616672,-0.0253264,-0.0253264,0.410174,-0,0,0.0330088,0.0257499,0,0,0.000206284,0.00184143,0,1,0,0,0,0,0,0,0,0,0,0.0149847,0,0,0,0,-22.5387,-20,10
0.127,0.36,0.5,0,0.00416893,0,0.00416893,0.0337373,-0.0187274,-0.249948,0.0616672,0.0616672,-0.0803946,0,0,0.0616672,-0.0253264,-0.0253264,0.410174,-0,0,0.0330088,0.0258077,0,0,0.000237859,0.00209558,0,1,0,0,0,0,0,0,0,0,0,0.0168885,0,0,0,0,-22.3949,-20,10
0.132,0.36,0.5,0,0.00465639,0,0.00465639,0.0370269,-0.0229855,-0.286946,0.0616672,0.0616672,-0.0846527,0,0,0.0616672,-0.0253264,-0.0253264,0.410174,-0,0,0.0347561,0.0258967,0,0,0.000281824,0.00244315,0,1,0,0,0,0,0,0,0,0,0,0.0194551,0,0,0,0,-24.4713,-20,10
0.137,0.36,0.5,0,0.00516948,0,0.00516948,0.0404083,-0.0229855,-0.286946,0.0616672,0.0616672,-0.0846527,0,0,0.0616672,-0.0253264,-0.0253264,0.410174,-0,0,0.0347561,0.0259849,0,0,0.000330457,0.00282091,0,1,0,0,0,0,0,0,0,0,0,0.022191,0,0,0,0,-24.3188,-20,10
0.142,0.36,0.5,0,0.00570818,0,0.00570818,0.0438769,-0.0276628,-0.324952,0.0616672,0.0616672,-0.08933,0,0,0.0616672,-0.0253264,-0.0253264,0.410174,-0,0,0.0366758,0.0260913,0,0,0.000383966,0.00322943,0,1,0,0,0,0,0,0,0,0,0,0.0250934,0,0,0,0,-26.4998,-20,10
0.147,0.36,0.5,0,0.00627253,0,0.00627253,0.0474287,-0.0276628,-0.324952,0.0616672,0.0616672,-0.08933,0,0,0.0616672,-0.0253264,-0.0253264,0.410174,-0,0,0.0366758,0.0261966,0,0,0.000442559,0.00366922,0,1,0,0,0,0,0,0,0,0,0,0.0281593,0,0,0,0,-26.3395,-20,10
0.152,0.36,0.5,0,0.00686257,0,0.00686257,0.0510603,-0.032769,-0.363974,0.0616672,0.0616672,-0.0944362,0,0,0.0616672,-0.0253264,-0.0253264,0.410174,-0,0,0.0387722,0.0263217,0,0,0.000506439,0.00414077,0,1,0,0,0,0,0,0,0,0,0,0.0313855,0,0,0,0,-28.6277,-20,10
0.156,0.36,0.5,0,0.00747841,0,0.00747841,0.0547687,-0.032769,-0.363974,0.0616672,0.0616672,-0.0944362,0,0,0.0616672,-0.0253264,-0.0253264,0.410174,-0,0,0.0387722,0.0264209,0,0,0.000561992,0.00454417,0,1,0,0,0,0,0,0,0,0,0,0.0341094,0,0,0,0,-28.4602,-20,10
0.161,0.36,0.5,0,0.00812016,0,0.00812016,0.0585514,-0.0383155,-0.404051,0.0616672,0.0616672,-0.0999828,0,0,0.0616672,-0.0253264,-0.0253264,0.410174,-0,0,0.0410501,0.0265665,0,0,0.000637197,0.00508155,0,1,0,0,0,0,0,0,0,0,0,0.0376875,0,0,0,0,-30.8597,-20,10
0.166,0.36,0.5,0,0.00878797,0,0.00878797,0.0624063,-0.0383155,-0.404051,0.0616672,0.0616672,-0.0999828,0,0,0.0616672,-0.0253264,-0.0253264,0.410174,-0,0,0.0410501,0.0267106,0,0,0.000718299,0.00565194,0,1,0,0,0,0,0,0,0,0,0,0.0414131,0,0,0,0,-30.6854,-20,10
0.171,0.36,0.5,0,0.00948202,0,0.00948202,0.0663316,-0.0443155,-0.445244,0.0616672,0.0616672,-0.105983,0,0,0.0616672,-0.0253264,-0.0253264,0.410174,-0,0,0.0435154,0.0268778,0,0,0.000805499,0.00625572,0,1,0,0,0,0,0,0,0,0,0,0.0452826,0,0,0,0,-33.2013,-20,10
0.176,0.36,0.5,0,0.0102025,0,0.0102025,0.0703257,-0.0443155,-0.445244,0.0616672,0.0616672,-0.105983,0,0,0.0616672,-0.0253264,-0.0253264,0.410174,-0,0,0.0435154,0.0270434,0,0,0.000899001,0.00689322,0,1,0,0,0,0,0,0,0,0,0,0.0492925,0,0,0,0,-33.0206,-20,10
0.181,0.36,0.5,0,0.0109496,0,0.0109496,0.0743875,-0.050783,-0.487625,0.0616672,0.0616672,-0.11245,0,0,0.0616672,-0.0253264,-0.0253264,0.410174,-0,0,0.0461742,0.0272337,0,0,0.000999006,0.0075648,0,1,0,0,0,0,0,0,0,0,0,0.0534391,0,0,0,0,-35.6585,-20,10
0.186,0.36,0.5,0,0.0117236,0,0.0117236,0.0785166,-0.050783,-0.487625,0.0616672,0.0616672,-0.11245,0,0,0.0616672,-0.0253264,-0.0253264,0.410174,-0,0,0.0461742,0.0274222,0,0,0.00110572,0.00827079,0,1,0,0,0,0,0,0,0,0,0,0.0577191,0,0,0,0,-35.4715,-20,10
0.19,0.36,0.5,0,0.0125249,0,0.0125249,0.0827126,-0.0577345,-0.531295,0.0616672,0.0616672,-0.119402,0,0,0.0616672,-0.0253264,-0.0253264,0.410174,-0,0,0.0490339,0.0275944,0,0,0.00119671,0.00886394,0,1,0,0,0,0,0,0,0,0,0,0.0612704,0,0,0,0,-38.2384,-20,10
0.195,0.36,0.5,0,0.0133536,0,0.0133536,0.0869753,-0.0577345,-0.531295,0.0616672,0.0616672,-0.119402,0,0,0.0616672,-0.0253264,-0.0253264,0.410174,-0,0,0.0490339,0.0278077,0,0,0.00131767,0.00964117,0,1,0,0,0,0,0,0,0,0,0,0.0658633,0,0,0,0,-38.0452,-20,10
0.2,0.36,0.5,0,0.0142102,0,0.0142102,0.0913048,-0.065188,-0.555018,0.0616672,0.0616672,-0.126855,0,0,0.0616672,-0.0253264,-0.0253264,0.410174,-0,0,0.0521027,0.0280494,0,0,0.00144595,0.0104537,0,1,0,0,0,0,0,0,0,0,0,0.070577,0,0,0,0,-40.0877,-20,10
0.205,0.36,0.5,0,0.0142102,0,0.0142102,0.0913048,-0.065188,-0.576368,0.0616672,0.0616672,-0.126855,0,0,0.0616672,-0.0253264,-0.0253264,0.410174,-0,0,0.0521027,0.0282888,0,0,0.00157296,0.0112582,0,1,0,0,0,0,0,0,0,0,0,0.0749819,0,0,0,0,-40.9488,-20,10
0.21,0.36,0.5,0,0.0150951,0,0.0150951,0.0957016,-0.065188,-0.576368,0.0616672,0.0616672,-0.126855,0,0,0.0616672,-0.0253264,-0.0253264,0.410174,-0,0,0.0521027,0.0285257,0,0,0.00170751,0.0120984,0,1,0,0,0,0,0,0,0,0,0,0.0795207,0,0,0,0,-40.7493,-20,10
0.215,0.36,0.5,0,0.0160085,0,0.0160085,0.100166,-0.0731631,-0.622963,0.0616672,0.0616672,-0.13483,0,0,0.0616672,-0.0253264,-0.0253264,0.410174,-0,0,0.0553896,0.028793,0,0,0.0018498,0.0129747,0,1,0,0,0,0,0,0,0,0,0,0.0841898,0,0,0,0,-43.7977,-20,10
0.22,0.36,0.5,0,0.0169509,0,0.0169509,0.104699,-0.0731631,-0.622963,0.0616672,0.0616672,-0.13483,0,0,0.0616672,-0.0253264,-0.0253264,0.410174,-0,0,0.0553896,0.0290577,0,0,0.00200006,0.0138874,0,1,0,0,0,0,0,0,0,0,0,0.0889862,0,0,0,0,-43.5919,-20,10
0.225,0.36,0.5,0,0.0179228,0,0.0179228,0.109301,-0.081681,-0.671207,0.0616672,0.0616672,-0.143348,0,0,0.0616672,-0.0253264,-0.0253264,0.410174,-0,0,0.0589045,0.0293547,0,0,0.0021585,0.0148368,0,1,0,0,0,0,0,0,0,0,0,0.0939066,0,0,0,0,-46.7938,-20,10
0.229,0.36,0.5,0,0.0189245,0,0.0189245,0.113973,-0.081681,-0.671207,0.0616672,0.0616672,-0.143348,0,0,0.0616672,-0.0253264,-0.0253264,0.410174,-0,0,0.0589045,0.0295901,0,0,0.00229209,0.0156267,0,1,0,0,0,0,0,0,0,0,0,0.0979679,0,0,0,0,-46.5815,-20,10
0.234,0.36,0.5,0,0.0199564,0,0.0199564,0.118717,-0.0907645,-0.721234,0.0616672,0.0616672,-0.152432,0,0,0.0616672,-0.0253264,-0.0253264,0.410174,-0,0,0.0626582,0.0299191,0,0,0.00246785,0.0166525,0,1,0,0,0,0,0,0,0,0,0,0.103195,0,0,0,0,-49.9459,-20,10
0.239,0.36,0.5,0,0.0210192,0,0.0210192,0.123533,-0.0907645,-0.721234,0.0616672,0.0616672,-0.152432,0,0,0.0616672,-0.0253264,-0.0253264,0.410174,-0,0,0.0626582,0.0302449,0,0,0.00265244,0.0177159,0,1,0,0,0,0,0,0,0,0,0,0.108536,0,0,0,0,-49.7269,-20,10
0.244,0.36,0.5,0,0.0221132,0,0.0221132,0.128422,-0.100438,-0.773176,0.0616672,0.0616672,-0.162105,0,0,0.0616672,-0.0253264,-0.0253264,0.410174,-0,0,0.0666625,0.0306073,0,0,0.00284608,0.0188175,0,1,0,0,0,0,0,0,0,0,0,0.113987,0,0,0,0,-53.2633,-20,10
0.249,0.36,0.5,0,0.0232389,0,0.0232389,0.133386,-0.100438,-0.773176,0.0616672,0.0616672,-0.162105,0,0,0.0616672,-0.0253264,-0.0253264,0.410174,-0,0,0.0666625,0.030966,0,0,0.00304899,0.0199575,0,1,0,0,0,0,0,0,0,0,0,0.119547,0,0,0,0,-53.0374,-20,10
0.254,0.36,0.5,0,0.0243968,0,0.0243968,0.138426,-0.110727,-0.827171,0.0616672,0.0616672,-0.172394,0,0,0.0616672,-0.0253264,-0.0253264,0.410174,-0,0,0.0709302,0.0313637,0,0,0.00326141,0.0211363,0,1,0,0,0,0,0,0,0,0,0,0.125215,0,0,0,0,-56.7554,-20,10
0.259,0.36,0.5,0,0.0255875,0,0.0255875,0.143544,-0.110727,-0.827171,0.0616672,0.0616672,-0.172394,0,0,0.0616672,-0.0253264,-0.0253264,0.410174,-0,0,0.0709302,0.0317574,0,0,0.00348355,0.0223542,0,1,0,0,0,0,0,0,0,0,0,0.130988,0,0,0,0,-56.5223,-20,10
0.264,0.36,0.5,0,0.0268114,0,0.0268114,0.14874,-0.121658,-0.883354,0.0616672,0.0616672,-0.183325,0,0,0.0616672,-0.0253264,-0.0253264,0.410174,-0,0,0.0754751,0.0321924,0,0,0.00371567,0.0236118,0,1,0,0,0,0,0,0,0,0,0,0.136866,0,0,0,0,-60.4318,-20,10
0.269,0.36,0.5,0,0.0280691,0,0.0280691,0.154016,-0.121658,-0.883354,0.0616672,0.0616672,-0.183325,0,0,0.0616672,-0.0253264,-0.0253264,0.410174,-0,0,0.0754751,0.032623,0,0,0.00395799,0.0249093,0,1,0,0,0,0,0,0,0,0,0,0.142848,0,0,0,0,-60.1913,-20,10
0.274,0.36,0.5,0,0.0293611,0,0.0293611,0.159374,-0.133261,-0.94186,0.0616672,0.0616672,-0.194928,0,0,0.0616672,-0.0253264,-0.0253264,0.410174,-0,0,0.0803123,0.0330976,0,0,0.00421076,0.0262473,0,1,0,0,0,0,0,0,0,0,0,0.148931,0,0,0,0,-64.3024,-20,10
0.279,0.36,0.5,0,0.0306879,0,0.0306879,0.164813,-0.133261,-0.94186,0.0616672,0.0616672,-0.194928,0,0,0.0616672,-0.0253264,-0.0253264,0.410174,-0,0,0.0803123,0.0335673,0,0,0.00447421,0.027626,0,1,0,0,0,0,0,0,0,0,0,0.155116,0,0,0,0,-64.0542,-20,10
0.284,0.36,0.5,0,0.03205,0,0.03205,0.170337,-0.145564,-1.00282,0.0616672,0.0616672,-0.207231,0,0,0.0616672,-0.0253264,-0.0253264,0.410174,-0,0,0.0854581,0.0340837,0,0,0.00474859,0.029046,0,1,0,0,0,0,0,0,0,0,0,0.161402,0,0,0,0,-68.3771,-20,10
0.289,0.36,0.5,0,0.033448,0,0.033448,0.175944,-0.145564,-1.00282,0.0616672,0.0616672,-0.207231,0,0,0.0616672,-0.0253264,-0.0253264,0.410174,-0,0,0.0854581,0.0345949,0,0,0.00503416,0.0305077,0,1,0,0,0,0,0,0,0,0,0,0.167788,0,0,0,0,-68.1211,-20,10
0.294,0.36,0.5,0,0.0348823,0,0.0348823,0.181637,-0.158598,-1.06636,0.0616672,0.0616672,-0.220265,0,0,0.0616672,-0.0253264,-0.0253264,0.410174,-0,0,0.0909301,0.0350437,0,0,0.00527199,0.0317119,0,1,0,0,0,0,0,0,0,0,0,0.173013,0,0,0,0,-72.666,-20,10
0.298,0.36,0.5,0,0.0363535,0,0.0363535,0.187416,-0.158598,-1.06636,0.0616672,0.0616672,-0.220265,0,0,0.0616672,-0.0253264,-0.0253264,0.410174,-0,0,0.0909301,0.0355998,0,0,0.00558126,0.0332612,0,1,0,0,0,0,0,0,0,0,0,0.179687,0,0,0,0,-72.402,-20,10
0.303,0.36,0.5,0,0.0378621,0,0.0378621,0.193281,-0.172395,-1.13261,0.0616672,0.0616672,-0.234063,0,0,0.0616672,-0.0253264,-0.0253264,0.410174,-0,0,0.0967475,0.0362082,0,0,0.00590246,0.0348534,0,1,0,0,0,0,0,0,0,0,0,0.186454,0,0,0,0,-77.1791,-20,10
0.308,0.36,0.5,0,0.0394085,0,0.0394085,0.199234,-0.172395,-1.13261,0.0616672,0.0616672,-0.234063,0,0,0.0616672,-0.0253264,-0.0253264,0.410174,-0,0,0.0967475,0.0368106,0,0,0.00623585,0.036489,0,1,0,0,0,0,0,0,0,0,0,0.193315,0,0,0,0,-76.907,-20,10
0.313,0.36,0.5,0,0.0409932,0,0.0409932,0.205274,-0.186989,-1.20167,0.0616672,0.0616672,-0.248656,0,0,0.0616672,-0.0253264,-0.0253264,0.410174,-0,0,0.102931,0.0374685,0,0,0.00658169,0.0381685,0,1,0,0,0,0,0,0,0,0,0,0.200268,0,0,0,0,-81.9266,-20,10
0.318,0.36,0.5,0,0.0426167,0,0.0426167,0.211401,-0.186989,-1.20167,0.0616672,0.0616672,-0.248656,0,0,0.0616672,-0.0253264,-0.0253264,0.410174,-0,0,0.102931,0.0381199,0,0,0.00694024,0.0398921,0,1,0,0,0,0,0,0,0,0,0,0.207314,0,0,0,0,-81.6463,-20,10
0.323,0.36,0.5,0,0.0442793,0,0.0442793,0.217615,-0.202411,-1.27366,0.0616672,0.0616672,-0.264079,0,0,0.0616672,-0.0253264,-0.0253264,0.410174,-0,0,0.109503,0.0388302,0,0,0.00731177,0.0416605,0,1,0,0,0,0,0,0,0,0,0,0.214452,0,0,0,0,-86.9183,-20,10
0.328,0.36,0.5,0,0.0459815,0,0.0459815,0.223915,-0.202411,-1.27366,0.0616672,0.0616672,-0.264079,0,0,0.0616672,-0.0253264,-0.0253264,0.410174,-0,0,0.109503,0.0395334,0,0,0.00769654,0.043474,0,1,0,0,0,0,0,0,0,0,0,0.221682,0,0,0,0,-86.6299,-20,10
0.333,0.36,0.5,0,0.0477236,0,0.0477236,0.230301,-0.218697,-1.34866,0.0616672,0.0616672,-0.280365,0,0,0.0616672,-0.0253264,-0.0253264,0.410174,-0,0,0.116488,0.0402991,0,0,0.00809482,0.0453329,0,1,0,0,0,0,0,0,0,0,0,0.229003,0,0,0,0,-92.1641,-20,10
0.338,0.36,0.5,0,0.0494992,0,0.0494992,0.236776,-0.218697,-1.34866,0.0616672,0.0616672,-0.280365,0,0,0.0616672,-0.0253264,-0.0253264,0.410174,-0,0,0.116488,0.0410572,0,0,0.0085068,0.0472378,0,1,0,0,0,0,0,0,0,0,0,0.236415,0,0,0,0,-91.8676,-20,10
0.342,0.36,0.5,0,0.0513226,0,0.0513226,0.243333,-0.235873,-1.42683,0.0616672,0.0616672,-0.29754,0,0,0.0616672,-0.0253264,-0.0253264,0.410174,-0,0,0.12391,0.0417174,0,0,0.00884796,0.0488003,0,1,0,0,0,0,0,0,0,0,0,0.242461,0,0,0,0,-97.674,-20,10
0.347,0.36,0.5,0,0.0531867,0,0.0531867,0.249971,-0.235873,-1.42683,0.0616672,0.0616672,-0.29754,0,0,0.0616672,-0.0253264,-0.0253264,0.410174,-0,0,0.12391,0.0425352,0,0,0.00928914,0.050802,0,1,0,0,0,0,0,0,0,0,0,0.250161,0,0,0,0,-97.3698,-20,10
0.352,0.36,0.5,0,0.0550842,0,0.0550842,0.25631,-0.253981,-1.50602,0.0616672,0.0616672,-0.315648,0,0,0.0616672,-0.0253264,-0.0253264,0.410174,-0,0,0.131802,0.0434234,0,0,0.00974481,0.0528469,0,1,0,0,0,0,0,0,0,0,0,0.257906,0,0,0,0,-103.387,-20,10
0.357,0.36,0.5,0,0.0570309,0,0.0570309,0.263126,-0.253981,-1.50602,0.0616672,0.0616672,-0.315648,0,0,0.0616672,-0.0253264,-0.0253264,0.410174,-0,0,0.131802,0.0443028,0,0,0.0102153,0.0549392,0,1,0,0,0,0,0,0,0,0,0,0.265737,0,0,0,0,-103.075,-20,10
0.362,0.36,0.5,0,0.0590188,0,0.0590188,0.270014,-0.273069,-1.59101,0.0616672,0.0616672,-0.334737,0,0,0.0616672,-0.0253264,-0.0253264,0.410174,-0,0,0.140202,0.045257,0,0,0.0107009,0.0570792,0,1,0,0,0,0,0,0,0,0,0,0.273651,0,0,0,0,-109.47,-20,10
0.367,0.36,0.5,0,0.0610479,0,0.0610479,0.276969,-0.273069,-1.59101,0.0616672,0.0616672,-0.334737,0,0,0.0616672,-0.0253264,-0.0253264,0.410174,-0,0,0.140202,0.0462017,0,0,0.0112019,0.0592671,0,1,0,0,0,0,0,0,0,0,0,0.281646,0,0,0,0,-109.151,-20,10
0.372,0.36,0.5,0,0.0631107,0,0.0631107,0.283994,-0.293149,-1.67923,0.0616672,0.0616672,-0.354816,0,0,0.0616672,-0.0253264,-0.0253264,0.410174,-0,0,0.149135,0.0472259,0,0,0.0117184,0.0615032,0,1,0,0,0,0,0,0,0,0,0,0.289721,0,0,0,0,-115.841,-20,10
0.377,0.36,0.5,0,0.0652227,0,0.0652227,0.291078,-0.293149,-1.67923,0.0616672,0.0616672,-0.354816,0,0,0.0616672,-0.0253264,-0.0253264,0.410174,-0,0,0.149135,0.04824,0,0,0.0122508,0.0637875,0,1,0,0,0,0,0,0,0,0,0,0.297872,0,0,0,0,-115.515,-20,10
0.382,0.36,0.5,0,0.0673673,0,0.0673673,0.297801,-0.314264,-1.76829,0.0616672,0.0616672,-0.375931,0,0,0.0616672,-0.0253264,-0.0253264,0.410174,-0,0,0.158648,0.0493385,0,0,0.0127992,0.066116,0,1,0,0,0,0,0,0,0,0,0,0.306057,0,0,0,0,-122.43,-20,10
0.387,0.36,0.5,0,0.0695615,0,0.0695615,0.305015,-0.314264,-1.76829,0.0616672,0.0616672,-0.375931,0,0,0.0616672,-0.0253264,-0.0253264,0.410174,-0,0,0.158648,0.0504262,0,0,0.013364,0.0684931,0,1,0,0,0,0,0,0,0,0,0,0.314317,0,0,0,0,-122.098,-20,10
0.392,0.36,0.5,0,0.071796,0,0.071796,0.312269,-0.336464,-1.86342,0.0616672,0.0616672,-0.398131,0,0,0.0616672,-0.0253264,-0.0253264,0.410174,-0,0,0.16879,0.0516039,0,0,0.0139454,0.0709187,0,1,0,0,0,0,0,0,0,0,0,0.322647,0,0,0,0,-129.42,-20,10
0.397,0.36,0.5,0,0.074062,0,0.074062,0.319564,-0.336464,-1.86342,0.0616672,0.0616672,-0.398131,0,0,0.0616672,-0.0253264,-0.0253264,0.410174,-0,0,0.16879,0.0527699,0,0,0.0145435,0.0733928,0,1,0,0,0,0,0,0,0,0,0,0.331044,0,0,0,0,-129.084,-20,10
0.402,0.36,0.5,0,0.0763765,0,0.0763765,0.326887,-0.359754,-1.96172,0.0616672,0.0616672,-0.421421,0,0,0.0616672,-0.0253264,-0.0253264,0.410174,-0,0,0.179602,0.0540319,0,0,0.0151588,0.0759151,0,1,0,0,0,0,0,0,0,0,0,0.339501,0,0,0,0,-136.718,-20,10
0.406,0.36,0.5,0,0.078721,0,0.078721,0.334235,-0.359754,-1.96172,0.0616672,0.0616672,-0.421421,0,0,0.0616672,-0.0253264,-0.0253264,0.410174,-0,0,0.179602,0.0550325,0,0,0.0156653,0.0779734,0,1,0,0,0,0,0,0,0,0,0,0.346366,0,0,0,0,-136.38,-20,10
0.411,0.36,0.5,0,0.081113,0,0.081113,0.341593,-0.384178,-2.06318,0.0616672,0.0616672,-0.445845,0,0,0.0616672,-0.0253264,-0.0253264,0.410174,-0,0,0.191145,0.0563868,0,0,0.0163165,0.0805964,0,1,0,0,0,0,0,0,0,0,0,0.355059,0,0,0,0,-144.334,-20,10
0.416,0.36,0.5,0,0.0835334,0,0.0835334,0.348959,-0.384178,-2.06318,0.0616672,0.0616672,-0.445845,0,0,0.0616672,-0.0253264,-0.0253264,0.410174,-0,0,0.191145,0.0577277,0,0,0.0169853,0.0832667,0,1,0,0,0,0,0,0,0,0,0,0.363789,0,0,0,0,-143.994,-20,10
0.421,0.36,0.5,0,0.0859997,0,0.0859997,0.356317,-0.409768,-2.16776,0.0616672,0.0616672,-0.471435,0,0,0.0616672,-0.0253264,-0.0253264,0.410174,-0,0,0.203487,0.059178,0,0,0.017672,0.0859836,0,1,0,0,0,0,0,0,0,0,0,0.372548,0,0,0,0,-152.274,-20,10
0.426,0.36,0.5,0,0.0884923,0,0.0884923,0.363662,-0.409768,-2.16776,0.0616672,0.0616672,-0.471435,0,0,0.0616672,-0.0253264,-0.0253264,0.410174,-0,0,0.203487,0.0606139,0,0,0.0183767,0.0887465,0,1,0,0,0,0,0,0,0,0,0,0.381328,0,0,0,0,-151.935,-20,10
0.431,0.36,0.5,0,0.0910288,0,0.0910288,0.370978,-0.436551,-2.2754,0.0616672,0.0616672,-0.498218,0,0,0.0616672,-0.0253264,-0.0253264,0.410174,-0,0,0.216703,0.062167,0,0,0.0190996,0.0915548,0,1,0,0,0,0,0,0,0,0,0,0.390123,0,0,0,0,-160.546,-20,10
0.436,0.36,0.5,0,0.0935892,0,0.0935892,0.378258,-0.436551,-2.2754,0.0616672,0.0616672,-0.498218,0,0,0.0616672,-0.0253264,-0.0253264,0.410174,-0,0,0.216703,0.0637047,0,0,0.0198408,0.0944075,0,1,0,0,0,0,0,0,0,0,0,0.398922,0,0,0,0,-160.209,-20,10
