time,hip_axle_height,base_link_height,height_rate,x,x_ref,x_error,x_dot,pitch,pitch_rate,theta_eq_nominal,theta_eq_adaptive,theta_error,experiment_mode,injected_com_y_bias,theta_eq_true,com_y_true,com_y_used,nominal_com_z,delta_y_true,delta_y_applied,delta_y_obs,filtered_delta_y_obs,delta_y_hat,delta_y_step,filtered_x_error,filtered_x_dot,correction_error,observation_valid,gate_open,adapt_enabled,adapt_update_paused,window_progress,window_position_range,cooldown_remaining,adapt_state,delta_y_target,delta_y_apply_rate,filtered_x_accel,observation_window_range,capture_progress,verify_progress,target_updated,u_raw,u_model,tau_each,raw_dt,used_dt,imu_sample_age,joint_sample_age
0.014,0.36,0.5,0,-0,0,-0,1.56112e-28,-1.21146e-19,-7.89719e-18,0.0616672,0.0616672,-0.0616672,0,0,0.0616672,-0.0253264,-0.0253264,0.410174,-0,0,0.0253264,0.0253264,0,0,-0,1.56112e-28,0,1,0,0,0,0,0,0,0,0,0,0,0,0,0,0,-10.6086,-10.6086,5.3043,0.005,0.005,0.004,0.004
0.023,0.36,0.5,0,1.56112e-30,0,1.56112e-30,1.56112e-28,-4.68871e-19,-1.49216e-17,0.0616672,0.0616672,-0.0616672,0,0,0.0616672,-0.0253264,-0.0253264,0.410174,-0,0,0.0253264,0.0253264,0,0,2.78488e-32,1.56112e-28,0,1,0,0,0,0,0,0,0,0,0,0,0,0,0,0,-10.6086,-10.6086,5.3043,0.009,0.009,0.003,0.003
0.028,0.36,0.5,0,2.34168e-30,0,2.34168e-30,1.56112e-28,-4.68871e-19,-1.49216e-17,0.0616672,0.0616672,-0.0616672,0,0,0.0616672,-0.0253264,-0.0253264,0.410174,-0,0,0.0253264,0.0253264,0,0,5.08718e-32,1.56112e-28,0,1,0,0,0,0,0,0,0,0,0,0,0,0,0,0,-10.6086,-10.6086,5.3043,0.005,0.005,0.008,0.003
0.037,0.36,0.5,0,2.09916e-13,0,2.09916e-13,-1.90073e-12,-1.03644e-18,-2.48737e-17,0.0616672,0.0616672,-0.0616672,0,0,0.0616672,-0.0253264,-0.0253264,0.410174,-0,0,0.0253264,0.0253264,0,0,3.74469e-15,-3.3907e-14,0,1,0,0,0,0,0,0,0,0,0,-3.2426e-13,0,0,0,0,-10.6086,-10.6086,5.3043,0.009,0.009,0.007,0.002
0.042,0.36,0.5,0,1.39855e-13,0,1.39855e-13,-1.63069e-12,0.000642101,-0.0115605,0.0616672,0.0616672,-0.0610251,0,0,0.0616672,-0.0253264,-0.0253264,0.410174,-0,0,0.025063,0.0253238,0,0,5.09902e-15,-4.97953e-14,0,1,0,0,0,0,0,0,0,0,0,-4.63421e-13,0,0,0,0,-10.9644,-10.9644,5.48218,0.005,0.005,0.002,0.002
0.047,0.36,0.5,0,1.57392e-13,0,1.57392e-13,-1.37353e-12,0.000642101,-0.0115605,0.0616672,0.0616672,-0.0610251,0,0,0.0616672,-0.0253264,-0.0253264,0.410174,-0,0,0.025063,0.0253212,0,0,6.61436e-15,-6.29667e-14,0,1,0,0,0,0,0,0,0,0,0,-5.69296e-13,0,0,0,0,-10.9644,-10.9644,5.48218,0.005,0.005,0.007,0.002
0.056,0.36,0.5,0,1.92672e-13,0,1.92672e-13,-8.95033e-13,-5.03419e-05,-0.0238295,0.0616672,0.0616672,-0.0617176,0,0,0.0616672,-0.0253264,-0.0253264,0.410174,-0,0,0.025347,0.0253216,0,0,9.93344e-15,-7.78099e-14,0,1,0,0,0,0,0,0,0,0,0,-6.62246e-13,0,0,0,0,-11.5783,-11.5783,5.78914,0.009,0.009,0.006,0.001
0.061,0.36,0.5,0,2.05135e-13,0,2.05135e-13,-6.72344e-13,-0.000999935,-0.0406311,0.0616672,0.0616672,-0.0626672,0,0,0.0616672,-0.0253264,-0.0253264,0.410174,-0,0,0.0257365,0.0253258,0,0,1.18757e-14,-8.37256e-14,0,1,0,0,0,0,0,0,0,0,0,-6.8765e-13,0,0,0,0,-12.4192,-12.4192,6.20961,0.005,0.005,0.001,0.001
0.07,0.36,0.5,0,2.2351e-13,0,2.2351e-13,-4.59877e-13,-0.000999935,-0.0406311,0.0616672,0.0616672,-0.0626672,0,0,0.0616672,-0.0253264,-0.0253264,0.410174,-0,0,0.0257365,0.0253331,0,0,1.56511e-14,-9.04358e-14,0,1,0,0,0,0,0,0,0,0,0,-6.92635e-13,0,0,0,0,-12.4192,-12.4192,6.20961,0.009,0.009,0.01,0.005
0.075,0.36,0.5,0,2.05766e-05,0,2.05766e-05,0.000336044,-0.00222534,-0.0593946,0.0616672,0.0616672,-0.0638926,0,0,0.0616672,-0.0253264,-0.0253264,0.410174,-0,0,0.0262392,0.0253421,0,0,2.04741e-07,3.34369e-06,0,1,0,0,0,0,0,0,0,0,0,3.26147e-05,0,0,0,0,-13.3718,-13.3718,6.68588,0.005,0.005,0.005,0.005
0.08,0.36,0.5,0,7.42e-05,0,7.42e-05,0.000982728,-0.00222534,-0.0593946,0.0616672,0.0616672,-0.0638926,0,0,0.0616672,-0.0253264,-0.0253264,0.410174,-0,0,0.0262392,0.025351,0,0,9.41006e-07,1.30887e-05,0,1,0,0,0,0,0,0,0,0,0,0.000126078,0,0,0,0,-13.3429,-13.3429,6.67143,0.005,0.005,0.01,0.005
0.089,0.36,0.5,0,0.000277407,0,0.000277407,0.00311626,-0.00384819,-0.0826569,0.0616672,0.0616672,-0.0655154,0,0,0.0616672,-0.0253264,-0.0253264,0.410174,-0,0,0.0269048,0.0253788,0,0,5.87286e-06,6.84461e-05,0,1,0,0,0,0,0,0,0,0,0,0.00064462,0,0,0,0,-14.4647,-14.4647,7.23235,0.009,0.009,0.009,0.004
0.094,0.36,0.5,0,0.000425572,0,0.000425572,0.00456175,-0.00589376,-0.109479,0.0616672,0.0616672,-0.067561,0,0,0.0616672,-0.0253264,-0.0253264,0.410174,-0,0,0.0277439,0.0254023,0,0,1.00489e-05,0.000113155,0,1,0,0,0,0,0,0,0,0,0,0.00104928,0,0,0,0,-15.8336,-15.8336,7.91678,0.005,0.005,0.004,0.004
0.099,0.36,0.5,0,0.000603941,0,0.000603941,0.00623494,-0.00589376,-0.109479,0.0616672,0.0616672,-0.067561,0,0,0.0616672,-0.0253264,-0.0253264,0.410174,-0,0,0.0277439,0.0254256,0,0,1.59583e-05,0.000174068,0,1,0,0,0,0,0,0,0,0,0,0.00159226,0,0,0,0,-15.7586,-15.7586,7.87928,0.005,0.005,0.009,0.004
0.104,0.36,0.5,0,0.000811963,0,0.000811963,0.00811914,-0.00835859,-0.13914,0.0616672,0.0616672,-0.0700258,0,0,0.0616672,-0.0253264,-0.0253264,0.410174,-0,0,0.028755,0.0254587,0,0,2.38786e-05,0.000253123,0,1,0,0,0,0,0,0,0,0,0,0.00228571,0,0,0,0,-17.2943,-17.2943,8.64714,0.005,0.005,0.004,0.004
0.113,0.36,0.5,0,0.00131505,0,0.00131505,0.0124608,-0.0112413,-0.171092,0.0616672,0.0616672,-0.0729085,0,0,0.0616672,-0.0253264,-0.0253264,0.410174,-0,0,0.0299375,0.0255386,0,0,4.69119e-05,0.000470895,0,1,0,0,0,0,0,0,0,0,0,0.00417158,0,0,0,0,-18.8839,-18.8839,9.44197,0.009,0.009,0.003,0.003
0.118,0.36,0.5,0,0.0016093,0,0.0016093,0.0148916,-0.0112413,-0.171092,0.0616672,0.0616672,-0.0729085,0,0,0.0616672,-0.0253264,-0.0253264,0.410174,-0,0,0.0299375,0.0255824,0,0,6.24579e-05,0.000614383,0,1,0,0,0,0,0,0,0,0,0,0.00536773,0,0,0,0,-18.7748,-18.7748,9.3874,0.005,0.005,0.008,0.003
0.123,0.36,0.5,0,0.00193155,0,0.00193155,0.0174798,-0.0145424,-0.204931,0.0616672,0.0616672,-0.0762096,0,0,0.0616672,-0.0253264,-0.0253264,0.410174,-0,0,0.0312917,0.0256392,0,0,8.10557e-05,0.000782197,0,1,0,0,0,0,0,0,0,0,0,0.00674282,0,0,0,0,-20.5911,-20,10,0.005,0.005,0.003,0.003
0.128,0.36,0.5,0,0.00228153,0,0.00228153,0.0202149,-0.0145424,-0.204931,0.0616672,0.0616672,-0.0762096,0,0,0.0616672,-0.0253264,-0.0253264,0.410174,-0,0,0.0312917,0.0256954,0,0,0.000102951,0.000975556,0,1,0,0,0,0,0,0,0,0,0,0.00830002,0,0,0,0,-20.4682,-20,10,0.005,0.005,0.008,0.003
0.137,0.36,0.5,0,0.00306374,0,0.00306374,0.0260887,-0.0182645,-0.240367,0.0616672,0.0616672,-0.0799317,0,0,0.0616672,-0.0253264,-0.0253264,0.410174,-0,0,0.0328188,0.0258225,0,0,0.000155768,0.00142355,0,1,0,0,0,0,0,0,0,0,0,0.0118699,0,0,0,0,-22.2734,-20,10,0.009,0.009,0.007,0.002
0.142,0.36,0.5,0,0.00349564,0,0.00349564,0.0292108,-0.0224122,-0.277199,0.0616672,0.0616672,-0.0840794,0,0,0.0616672,-0.0253264,-0.0253264,0.410174,-0,0,0.0345208,0.0259091,0,0,0.000189001,0.00170004,0,1,0,0,0,0,0,0,0,0,0,0.0139879,0,0,0,0,-24.3318,-20,10,0.005,0.005,0.002,0.002
0.147,0.36,0.5,0,0.00395458,0,0.00395458,0.032447,-0.0224122,-0.277199,0.0616672,0.0616672,-0.0840794,0,0,0.0616672,-0.0253264,-0.0253264,0.410174,-0,0,0.0345208,0.0259948,0,0,0.000226469,0.00200597,0,1,0,0,0,0,0,0,0,0,0,0.0162898,0,0,0,0,-24.1861,-20,10,0.005,0.005,0.007,0.002
0.152,0.36,0.5,0,0.00444048,0,0.00444048,0.0357909,-0.026992,-0.315304,0.0616672,0.0616672,-0.0886592,0,0,0.0616672,-0.0253264,-0.0253264,0.410174,-0,0,0.0364005,0.0260983,0,0,0.000268399,0.00234214,0,1,0,0,0,0,0,0,0,0,0,0.0187744,0,0,0,0,-26.36,-20,10,0.005,0.005,0.002,0.002
0.157,0.36,0.5,0,0.00495331,0,0.00495331,0.0392371,-0.026992,-0.315304,0.0616672,0.0616672,-0.0886592,0,0,0.0616672,-0.0253264,-0.0253264,0.410174,-0,0,0.0364005,0.0262008,0,0,0.000315014,0.00270925,0,1,0,0,0,0,0,0,0,0,0,0.0214396,0,0,0,0,-26.2047,-20,10,0.005,0.005,0.007,0.002
0.162,0.36,0.5,0,0.00549309,0,0.00549309,0.0427805,-0.0320121,-0.354614,0.0616672,0.0616672,-0.0936794,0,0,0.0616672,-0.0253264,-0.0253264,0.410174,-0,0,0.0384614,0.0263228,0,0,0.000366537,0.00310797,0,1,0,0,0,0,0,0,0,0,0,0.0242831,0,0,0,0,-28.4939,-20,10,0.005,0.005,0.002,0.002
0.167,0.36,0.5,0,0.00605986,0,0.00605986,0.0464169,-0.0320121,-0.354614,0.0616672,0.0616672,-0.0936794,0,0,0.0616672,-0.0253264,-0.0253264,0.410174,-0,0,0.0384614,0.0264436,0,0,0.000423187,0.0035389,0,1,0,0,0,0,0,0,0,0,0,0.0273021,0,0,0,0,-28.3299,-20,10,0.005,0.005,0.007,0.002
0.176,0.36,0.5,0,0.00727464,0,0.00727464,0.0539533,-0.0374829,-0.395109,0.0616672,0.0616672,-0.0991501,0,0,0.0616672,-0.0253264,-0.0253264,0.410174,-0,0,0.0407081,0.026698,0,0,0.000545409,0.00443824,0,1,0,0,0,0,0,0,0,0,0,0.0335528,0,0,0,0,-30.564,-20,10,0.009,0.009,0.006,0.001
0.181,0.36,0.5,0,0.00792285,0,0.00792285,0.057847,-0.0434159,-0.436797,0.0616672,0.0616672,-0.105083,0,0,0.0616672,-0.0253264,-0.0253264,0.410174,-0,0,0.0431457,0.0268617,0,0,0.000618816,0.00496966,0,1,0,0,0,0,0,0,0,0,0,0.0371,0,0,0,0,-33.09,-20,10,0.005,0.005,0.001,0.001
0.186,0.36,0.5,0,0.00859851,0,0.00859851,0.0618213,-0.0434159,-0.436797,0.0616672,0.0616672,-0.105083,0,0,0.0616672,-0.0253264,-0.0253264,0.410174,-0,0,0.0431457,0.0270237,0,0,0.000698216,0.00553535,0,1,0,0,0,0,0,0,0,0,0,0.0408084,0,0,0,0,-32.9104,-20,10,0.005,0.005,0.006,0.001
0.191,0.36,0.5,0,0.00930181,0,0.00930181,0.0658741,-0.0498246,-0.479731,0.0616672,0.0616672,-0.111492,0,0,0.0616672,-0.0253264,-0.0253264,0.410174,-0,0,0.0457801,0.0272104,0,0,0.000783823,0.00613573,0,1,0,0,0,0,0,0,0,0,0,0.0446743,0,0,0,0,-35.5611,-20,10,0.005,0.005,0.001,0.001
0.196,0.36,0.5,0,0.00930181,0,0.00930181,0.0658741,-0.0498246,-0.479731,0.0616672,0.0616672,-0.111492,0,0,0.0616672,-0.0253264,-0.0253264,0.410174,-0,0,0.0457801,0.0273951,0,0,0.000868578,0.00673013,0,1,0,0,0,0,0,0,0,0,0,0.0482934,0,0,0,0,-35.5611,-20,10,0.005,0.005,0.006,0.006
0.205,0.36,0.5,0,0.0107923,0,0.0107923,0.0742096,-0.0567247,-0.523983,0.0616672,0.0616672,-0.118392,0,0,0.0616672,-0.0253264,-0.0253264,0.410174,-0,0,0.0486184,0.0277737,0,0,0.00104561,0.0079339,0,1,0,0,0,0,0,0,0,0,0,0.0556487,0,0,0,0,-38.1557,-20,10,0.009,0.009,0.005,0.005
0.21,0.36,0.5,0,0.0115799,0,0.0115799,0.0784903,-0.0567247,-0.523983,0.0616672,0.0616672,-0.118392,0,0,0.0616672,-0.0253264,-0.0253264,0.410174,-0,0,0.0486184,0.0279811,0,0,0.00115042,0.00863595,0,1,0,0,0,0,0,0,0,0,0,0.0597825,0,0,0,0,-37.9619,-20,10,0.005,0.005,0.01,0.005
0.215,0.36,0.5,0,0.0123963,0,0.0123963,0.0828453,-0.0641335,-0.569648,0.0616672,0.0616672,-0.125801,0,0,0.0616672,-0.0253264,-0.0253264,0.410174,-0,0,0.0516684,0.0282168,0,0,0.00126232,0.00937434,0,1,0,0,0,0,0,0,0,0,0,0.0640693,0,0,0,0,-40.8808,-20,10,0.005,0.005,0.005,0.005
0.22,0.36,0.5,0,0.0132418,0,0.0132418,0.0872743,-0.0641335,-0.569648,0.0616672,0.0616672,-0.125801,0,0,0.0616672,-0.0253264,-0.0253264,0.410174,-0,0,0.0516684,0.0284502,0,0,0.00138152,0.0101495,0,1,0,0,0,0,0,0,0,0,0,0.0685052,0,0,0,0,-40.6801,-20,10,0.005,0.005,0.01,0.005
0.229,0.36,0.5,0,0.0150212,0,0.0150212,0.0963541,-0.0720698,-0.61683,0.0616672,0.0616672,-0.133737,0,0,0.0616672,-0.0253264,-0.0253264,0.410174,-0,0,0.0549388,0.0289227,0,0,0.00162484,0.0116873,0,1,0,0,0,0,0,0,0,0,0,0.0773153,0,0,0,0,-43.5366,-20,10,0.009,0.009,0.009,0.004
0.234,0.36,0.5,0,0.0159559,0,0.0159559,0.101005,-0.0805543,-0.665648,0.0616672,0.0616672,-0.142222,0,0,0.0616672,-0.0253264,-0.0253264,0.410174,-0,0,0.0584393,0.0292164,0,0,0.00176744,0.012576,0,1,0,0,0,0,0,0,0,0,0,0.0822134,0,0,0,0,-46.7539,-20,10,0.005,0.005,0.004,0.004
0.239,0.36,0.5,0,0.0169212,0,0.0169212,0.105731,-0.0805543,-0.665648,0.0616672,0.0616672,-0.142222,0,0,0.0616672,-0.0253264,-0.0253264,0.410174,-0,0,0.0584393,0.0295072,0,0,0.00191822,0.0135029,0,1,0,0,0,0,0,0,0,0,0,0.087245,0,0,0,0,-46.5394,-20,10,0.005,0.005,0.009,0.004
0.244,0.36,0.5,0,0.0179175,0,0.0179175,0.110532,-0.0896092,-0.716224,0.0616672,0.0616672,-0.151276,0,0,0.0616672,-0.0253264,-0.0253264,0.410174,-0,0,0.0621805,0.0298323,0,0,0.00207741,0.0144684,0,1,0,0,0,0,0,0,0,0,0,0.0924072,0,0,0,0,-49.9187,-20,10,0.005,0.005,0.004,0.004
0.249,0.36,0.5,0,0.0189452,0,0.0189452,0.11541,-0.0896092,-0.716224,0.0616672,0.0616672,-0.151276,0,0,0.0616672,-0.0253264,-0.0253264,0.410174,-0,0,0.0621805,0.0301541,0,0,0.00224525,0.0154727,0,1,0,0,0,0,0,0,0,0,0,0.0976973,0,0,0,0,-49.6972,-20,10,0.005,0.005,0.009,0.004
0.254,0.36,0.5,0,0.0200048,0,0.0200048,0.120364,-0.0992582,-0.768688,0.0616672,0.0616672,-0.160925,0,0,0.0616672,-0.0253264,-0.0253264,0.410174,-0,0,0.0661738,0.0305125,0,0,0.00242196,0.0165164,0,1,0,0,0,0,0,0,0,0,0,0.103113,0,0,0,0,-53.2478,-20,10,0.005,0.005,0.004,0.004
0.259,0.36,0.5,0,0.0210967,0,0.0210967,0.125395,-0.0992582,-0.768688,0.0616672,0.0616672,-0.160925,0,0,0.0616672,-0.0253264,-0.0253264,0.410174,-0,0,0.0661738,0.0308674,0,0,0.00260778,0.0175998,0,1,0,0,0,0,0,0,0,0,0,0.108651,0,0,0,0,-53.019,-20,10,0.005,0.005,0.009,0.004
0.268,0.36,0.5,0,0.0233796,0,0.0233796,0.135696,-0.109526,-0.823174,0.0616672,0.0616672,-0.171194,0,0,0.0616672,-0.0253264,-0.0253264,0.410174,-0,0,0.0704318,0.0315732,0,0,0.00297833,0.0197065,0,1,0,0,0,0,0,0,0,0,0,0.119447,0,0,0,0,-56.5143,-20,10,0.009,0.009,0.008,0.003
0.273,0.36,0.5,0,0.0245715,0,0.0245715,0.140966,-0.120441,-0.879817,0.0616672,0.0616672,-0.182108,0,0,0.0616672,-0.0253264,-0.0253264,0.410174,-0,0,0.0749683,0.032005,0,0,0.00319318,0.020913,0,1,0,0,0,0,0,0,0,0,0,0.12539,0,0,0,0,-60.4363,-20,10,0.005,0.005,0.003,0.003
0.278,0.36,0.5,0,0.0257977,0,0.0257977,0.146318,-0.120441,-0.879817,0.0616672,0.0616672,-0.182108,0,0,0.0616672,-0.0253264,-0.0253264,0.410174,-0,0,0.0749683,0.0324325,0,0,0.0034181,0.0221608,0,1,0,0,0,0,0,0,0,0,0,0.131446,0,0,0,0,-60.1926,-20,10,0.005,0.005,0.008,0.003
0.283,0.36,0.5,0,0.0270587,0,0.0270587,0.151753,-0.132029,-0.938749,0.0616672,0.0616672,-0.193696,0,0,0.0616672,-0.0253264,-0.0253264,0.410174,-0,0,0.0797981,0.0329038,0,0,0.00365333,0.0234503,0,1,0,0,0,0,0,0,0,0,0,0.137613,0,0,0,0,-64.3152,-20,10,0.005,0.005,0.003,0.003
0.288,0.36,0.5,0,0.0283551,0,0.0283551,0.157272,-0.132029,-0.938749,0.0616672,0.0616672,-0.193696,0,0,0.0616672,-0.0253264,-0.0253264,0.410174,-0,0,0.0797981,0.0333704,0,0,0.00389912,0.0247819,0,1,0,0,0,0,0,0,0,0,0,0.143889,0,0,0,0,-64.0638,-20,10,0.005,0.005,0.008,0.003
0.293,0.36,0.5,0,0.0296873,0,0.0296873,0.162875,-0.14432,-1.0001,0.0616672,0.0616672,-0.205988,0,0,0.0616672,-0.0253264,-0.0253264,0.410174,-0,0,0.0849373,0.0338835,0,0,0.00415571,0.0261559,0,1,0,0,0,0,0,0,0,0,0,0.150274,0,0,0,0,-68.3972,-20,10,0.005,0.005,0.003,0.003
0.298,0.36,0.5,0,0.0310558,0,0.0310558,0.168563,-0.14432,-1.0001,0.0616672,0.0616672,-0.205988,0,0,0.0616672,-0.0253264,-0.0253264,0.410174,-0,0,0.0849373,0.0343915,0,0,0.00442337,0.0275729,0,1,0,0,0,0,0,0,0,0,0,0.156767,0,0,0,0,-68.1378,-20,10,0.005,0.005,0.008,0.003
0.307,0.36,0.5,0,0.0339039,0,0.0339039,0.180198,-0.157346,-1.06401,0.0616672,0.0616672,-0.219013,0,0,0.0616672,-0.0253264,-0.0253264,0.410174,-0,0,0.0904035,0.0353906,0,0,0.00494927,0.0302955,0,1,0,0,0,0,0,0,0,0,0,0.169311,0,0,0,0,-72.4249,-20,10,0.009,0.009,0.007,0.002
0.312,0.36,0.5,0,0.0353844,0,0.0353844,0.186145,-0.171136,-1.13059,0.0616672,0.0616672,-0.232804,0,0,0.0616672,-0.0253264,-0.0253264,0.410174,-0,0,0.0962155,0.0359959,0,0,0.00525211,0.0318463,0,1,0,0,0,0,0,0,0,0,0,0.17618,0,0,0,0,-77.2108,-20,10,0.005,0.005,0.002,0.002
0.317,0.36,0.5,0,0.0369032,0,0.0369032,0.19218,-0.171136,-1.13059,0.0616672,0.0616672,-0.232804,0,0,0.0616672,-0.0253264,-0.0253264,0.410174,-0,0,0.0962155,0.0365951,0,0,0.00556704,0.0334416,0,1,0,0,0,0,0,0,0,0,0,0.183149,0,0,0,0,-76.9352,-20,10,0.005,0.005,0.007,0.002
0.322,0.36,0.5,0,0.0384607,0,0.0384607,0.198303,-0.185725,-1.19995,0.0616672,0.0616672,-0.247392,0,0,0.0616672,-0.0253264,-0.0253264,0.410174,-0,0,0.102394,0.0372498,0,0,0.00589434,0.035082,0,1,0,0,0,0,0,0,0,0,0,0.190217,0,0,0,0,-81.9627,-20,10,0.005,0.005,0.002,0.002
0.327,0.36,0.5,0,0.0400574,0,0.0400574,0.204512,-0.185725,-1.19995,0.0616672,0.0616672,-0.247392,0,0,0.0616672,-0.0253264,-0.0253264,0.410174,-0,0,0.102394,0.037898,0,0,0.00623427,0.0367679,0,1,0,0,0,0,0,0,0,0,0,0.197384,0,0,0,0,-81.679,-20,10,0.005,0.005,0.007,0.002
0.332,0.36,0.5,0,0.0416937,0,0.0416937,0.210809,-0.201144,-1.27222,0.0616672,0.0616672,-0.262811,0,0,0.0616672,-0.0253264,-0.0253264,0.410174,-0,0,0.108961,0.0386051,0,0,0.0065871,0.0384996,0,1,0,0,0,0,0,0,0,0,0,0.204649,0,0,0,0,-86.9581,-20,10,0.005,0.005,0.002,0.002
0.337,0.36,0.5,0,0.04337,0,0.04337,0.217191,-0.201144,-1.27222,0.0616672,0.0616672,-0.262811,0,0,0.0616672,-0.0253264,-0.0253264,0.410174,-0,0,0.108961,0.0393051,0,0,0.00695309,0.0402776,0,1,0,0,0,0,0,0,0,0,0,0.212011,0,0,0,0,-86.6662,-20,10,0.005,0.005,0.007,0.002
0.342,0.36,0.5,0,0.0450799,0,0.0450799,0.223664,-0.217419,-1.34753,0.0616672,0.0616672,-0.279086,0,0,0.0616672,-0.0253264,-0.0253264,0.410174,-0,0,0.115938,0.0400676,0,0,0.00733246,0.0421024,0,1,0,0,0,0,0,0,0,0,0,0.21947,0,0,0,0,-92.2072,-20,10,0.005,0.005,0.002,0.002
0.351,0.36,0.5,0,0.0486361,0,0.0486361,0.236859,-0.234605,-1.42591,0.0616672,0.0616672,-0.296272,0,0,0.0616672,-0.0253264,-0.0253264,0.410174,-0,0,0.12336,0.0415535,0,0,0.00806927,0.0455766,0,1,0,0,0,0,0,0,0,0,0,0.233805,0,0,0,0,-97.7208,-20,10,0.009,0.009,0.001,0.001
0.356,0.36,0.5,0,0.0504758,0,0.0504758,0.243578,-0.234605,-1.42591,0.0616672,0.0616672,-0.296272,0,0,0.0616672,-0.0253264,-0.0253264,0.410174,-0,0,0.12336,0.0423675,0,0,0.00849123,0.0475468,0,1,0,0,0,0,0,0,0,0,0,0.24162,0,0,0,0,-97.4131,-20,10,0.005,0.005,0.006,0.001
0.361,0.36,0.5,0,0.0523498,0,0.0523498,0.25038,-0.252715,-1.50748,0.0616672,0.0616672,-0.314382,0,0,0.0616672,-0.0253264,-0.0253264,0.410174,-0,0,0.131248,0.0432519,0,0,0.00892763,0.049565,0,1,0,0,0,0,0,0,0,0,0,0.249522,0,0,0,0,-103.507,-20,10,0.005,0.005,0.001,0.001
0.366,0.36,0.5,0,0.0542727,0,0.0542727,0.257256,-0.252715,-1.50748,0.0616672,0.0616672,-0.314382,0,0,0.0616672,-0.0253264,-0.0253264,0.410174,-0,0,0.131248,0.0441274,0,0,0.00937882,0.0516315,0,1,0,0,0,0,0,0,0,0,0,0.25751,0,0,0,0,-103.192,-20,10,0.005,0.005,0.006,0.001
0.371,0.36,0.5,0,0.0562373,0,0.0562373,0.264205,-0.271805,-1.59224,0.0616672,0.0616672,-0.333472,0,0,0.0616672,-0.0253264,-0.0253264,0.410174,-0,0,0.139643,0.0450778,0,0,0.00984507,0.0537467,0,1,0,0,0,0,0,0,0,0,0,0.265582,0,0,0,0,-109.575,-20,10,0.005,0.005,0.001,0.001
0.38,0.36,0.5,0,0.0582357,0,0.0582357,0.271227,-0.291888,-1.68029,0.0616672,0.0616672,-0.353556,0,0,0.0616672,-0.0253264,-0.0253264,0.410174,-0,0,0.148572,0.046924,0,0,0.0107083,0.0576263,0,1,0,0,0,0,0,0,0,0,0,0.279826,0,0,0,0,-116.259,-20,10,0.009,0.009,0,0.005
0.385,0.36,0.5,0,0.0602839,0,0.0602839,0.278313,-0.291888,-1.68029,0.0616672,0.0616672,-0.353556,0,0,0.0616672,-0.0253264,-0.0253264,0.410174,-0,0,0.148572,0.0479355,0,0,0.0112016,0.0598222,0,1,0,0,0,0,0,0,0,0,0,0.287597,0,0,0,0,-115.934,-20,10,0.005,0.005,0.005,0.005
0.39,0.36,0.5,0,0.0623735,0,0.0623735,0.285459,-0.291888,-1.68029,0.0616672,0.0616672,-0.353556,0,0,0.0616672,-0.0253264,-0.0253264,0.410174,-0,0,0.148572,0.0489368,0,0,0.0117108,0.0620673,0,1,0,0,0,0,0,0,0,0,0,0.29547,0,0,0,0,-115.606,-20,10,0.005,0.005,0.01,0.005
0.395,0.36,0.5,0,0.0644965,0,0.0644965,0.292665,-0.313009,-1.77164,0.0616672,0.0616672,-0.374676,0,0,0.0616672,-0.0253264,-0.0253264,0.410174,-0,0,0.158078,0.0500228,0,0,0.012236,0.0643618,0,1,0,0,0,0,0,0,0,0,0,0.303441,0,0,0,0,-122.592,-20,10,0.005,0.005,0.005,0.005
0.4,0.36,0.5,0,0.0666689,0,0.0666689,0.299919,-0.313009,-1.77164,0.0616672,0.0616672,-0.374676,0,0,0.0616672,-0.0253264,-0.0253264,0.410174,-0,0,0.158078,0.051098,0,0,0.0127776,0.0667056,0,1,0,0,0,0,0,0,0,0,0,0.311504,0,0,0,0,-122.259,-20,10,0.005,0.005,0.01,0.005
0.405,0.36,0.5,0,0.0688735,0,0.0688735,0.306792,-0.3352,-1.86379,0.0616672,0.0616672,-0.396867,0,0,0.0616672,-0.0253264,-0.0253264,0.410174,-0,0,0.168209,0.0522632,0,0,0.0133358,0.0690945,0,1,0,0,0,0,0,0,0,0,0,0.319613,0,0,0,0,-129.477,-20,10,0.005,0.005,0.005,0.005
0.414,0.36,0.5,0,0.0734211,0,0.0734211,0.321538,-0.358509,-1.96213,0.0616672,0.0616672,-0.420176,0,0,0.0616672,-0.0253264,-0.0253264,0.410174,-0,0,0.179019,0.0545244,0,0,0.0144076,0.0735979,0,1,0,0,0,0,0,0,0,0,0,0.335171,0,0,0,0,-136.774,-20,10,0.009,0.009,0.004,0.004
0.419,0.36,0.5,0,0.0757457,0,0.0757457,0.32895,-0.358509,-1.96213,0.0616672,0.0616672,-0.420176,0,0,0.0616672,-0.0253264,-0.0253264,0.410174,-0,0,0.179019,0.0557632,0,0,0.015018,0.0761387,0,1,0,0,0,0,0,0,0,0,0,0.343607,0,0,0,0,-136.433,-20,10,0.005,0.005,0.009,0.004
0.424,0.36,0.5,0,0.0781175,0,0.0781175,0.336372,-0.38294,-2.06363,0.0616672,0.0616672,-0.444608,0,0,0.0616672,-0.0253264,-0.0253264,0.410174,-0,0,0.190555,0.0571044,0,0,0.0156458,0.078728,0,1,0,0,0,0,0,0,0,0,0,0.352106,0,0,0,0,-144.387,-20,10,0.005,0.005,0.004,0.004
0.429,0.36,0.5,0,0.0805184,0,0.0805184,0.343802,-0.38294,-2.06363,0.0616672,0.0616672,-0.444608,0,0,0.0616672,-0.0253264,-0.0253264,0.410174,-0,0,0.190555,0.0584322,0,0,0.0162913,0.0813656,0,1,0,0,0,0,0,0,0,0,0,0.360661,0,0,0,0,-144.045,-20,10,0.005,0.005,0.009,0.004
0.434,0.36,0.5,0,0.0829651,0,0.0829651,0.351224,-0.408537,-2.16825,0.0616672,0.0616672,-0.470204,0,0,0.0616672,-0.0253264,-0.0253264,0.410174,-0,0,0.202888,0.0598696,0,0,0.0169547,0.0840507,0,1,0,0,0,0,0,0,0,0,0,0.369262,0,0,0,0,-152.325,-20,10,0.005,0.005,0.004,0.004
0.439,0.36,0.5,0,0.0854388,0,0.0854388,0.358632,-0.408537,-2.16825,0.0616672,0.0616672,-0.470204,0,0,0.0616672,-0.0253264,-0.0253264,0.410174,-0,0,0.202888,0.0612926,0,0,0.0176361,0.0867828,0,1,0,0,0,0,0,0,0,0,0,0.377903,0,0,0,0,-151.983,-20,10,0.005,0.005,0.009,0.004
0.444,0.36,0.5,0,0.0879563,0,0.0879563,0.366011,-0.435329,-2.27594,0.0616672,0.0616672,-0.496996,0,0,0.0616672,-0.0253264,-0.0253264,0.410174,-0,0,0.216093,0.0628329,0,0,0.0183358,0.0895612,0,1,0,0,0,0,0,0,0,0,0,0.386573,0,0,0,0,-160.594,-20,10,0.005,0.005,0.004,0.004
